candidate_key,pair_id,dx_m,dy_m,du_px,dv_px,decision,supported_windows,supported_cells,valid_intensity,valid_gradient,valid_phase,valid_fast,any_fast_ge_TF4,C1_valid_windows,C2_cells,C3_phase,C4_structural,C5_no_invalidate,crop_u_min,crop_v_min,crop_u_max,crop_v_max,coverage_pct,phase23a6_mean_dx_m,phase23a6_mean_dy_m,phase23a6_mag_m,per_window_json
OHRC_PAIR_01__dx-3000m_dy-3000m,OHRC_PAIR_01,-3000,-3000,-600,600,INSUFFICIENT_SUPPORT,0,0,0,0,0,0,False,False,False,False,False,True,2168,1439,3168,4232,11.156,1720.2,-1303.61,2158.36,"[{""window_id"": 1, ""grid_rc"": ""0,0"", ""mapped"": true, ""valid_support_pct"": 0.0, ""status"": ""low_valid_support"", ""supported"": false, ""support_reasons"": [""insufficient_valid_pixels""]}, {""window_id"": 2, ""grid_rc"": ""0,1"", ""mapped"": true, ""valid_support_pct"": 0.0, ""status"": ""low_valid_support"", ""supported"": false, ""support_reasons"": [""insufficient_valid_pixels""]}, {""window_id"": 3, ""grid_rc"": ""0,2"", ""mapped"": true, ""valid_support_pct"": 0.0, ""status"": ""low_valid_support"", ""supported"": false, ""support_reasons"": [""insufficient_valid_pixels""]}, {""window_id"": 4, ""grid_rc"": ""1,0"", ""mapped"": true, ""valid_support_pct"": 100.0, ""ref_global_rect"": [2232, 2799, 2437, 2872], ""intensity_ncc"": 0.0624, ""gradient_ncc"": 0.029, ""phase_response"": -0.0201, ""phase_shift_px"": [-5.18, -19.97], ""fast_src_kps"": 906, ""fast_ref_kps"": 583, ""fast_candidates"": 0, ""fast_status"": ""no_lowes_filtered_matches"", ""supported"": false, ""support_reasons"": [], ""status"": ""evaluated""}, {""window_id"": 5, ""grid_rc"": ""1,1"", ""mapped"": true, ""valid_support_pct"": 77.2, ""ref_global_rect"": [2565, 2799, 2771, 2872], ""intensity_ncc"": -0.0147, ""gradient_ncc"": 0.0242, ""phase_response"": -0.0197, ""phase_shift_px"": [-5.8, 5.65], ""fast_src_kps"": 723, ""fast_ref_kps"": 553, ""fast_candidates"": 0, ""fast_status"": ""no_lowes_filtered_matches"", ""supported"": false, ""support_reasons"": [], ""status"": ""evaluated""}, {""window_id"": 6, ""grid_rc"": ""1,2"", ""mapped"": true, ""valid_support_pct"": 100.0, ""ref_global_rect"": [2899, 2799, 3104, 2872], ""intensity_ncc"": -0.1666, ""gradient_ncc"": 0.0016, ""phase_response"": 0.0486, ""phase_shift_px"": [24.43, 5.47], ""fast_src_kps"": 867, ""fast_ref_kps"": 537, ""fast_candidates"": 0, ""fast_status"": ""no_lowes_filtered_matches"", ""supported"": false, ""support_reasons"": [], ""status"": ""evaluated""}, {""window_id"": 7, ""grid_rc"": ""2,0"", ""mapped"": true, ""valid_support_pct"": 0.0, ""status"": ""low_valid_support"", ""supported"": false, ""support_reasons"": [""insufficient_valid_pixels""]}, {""window_id"": 8, ""grid_rc"": ""2,1"", ""mapped"": true, ""valid_support_pct"": 0.0, ""status"": ""low_valid_support"", ""supported"": false, ""support_reasons"": [""insufficient_valid_pixels""]}, {""window_id"": 9, ""grid_rc"": ""2,2"", ""mapped"": true, ""valid_support_pct"": 0.0, ""status"": ""low_valid_support"", ""supported"": false, ""support_reasons"": [""insufficient_valid_pixels""]}]"
OHRC_PAIR_01__dx-3000m_dy-2000m,OHRC_PAIR_01,-3000,-2000,-600,400,SCREEN_FAIL,2,2,1,0,1,0,False,False,False,True,False,True,2168,1239,3168,4232,11.955,1720.2,-1303.61,2158.36,"[{""window_id"": 1, ""grid_rc"": ""0,0"", ""mapped"": true, ""valid_support_pct"": 0.0, ""status"": ""low_valid_support"", ""supported"": false, ""support_reasons"": [""insufficient_valid_pixels""]}, {""window_id"": 2, ""grid_rc"": ""0,1"", ""mapped"": true, ""valid_support_pct"": 0.0, ""status"": ""low_valid_support"", ""supported"": false, ""support_reasons"": [""insufficient_valid_pixels""]}, {""window_id"": 3, ""grid_rc"": ""0,2"", ""mapped"": true, ""valid_support_pct"": 0.0, ""status"": ""low_valid_support"", ""supported"": false, ""support_reasons"": [""insufficient_valid_pixels""]}, {""window_id"": 4, ""grid_rc"": ""1,0"", ""mapped"": true, ""valid_support_pct"": 100.0, ""ref_global_rect"": [2232, 2696, 2437, 2775], ""intensity_ncc"": 0.1762, ""gradient_ncc"": 0.0318, ""phase_response"": 0.0188, ""phase_shift_px"": [-10.32, 28.48], ""fast_src_kps"": 906, ""fast_ref_kps"": 595, ""fast_candidates"": 0, ""fast_status"": ""no_lowes_filtered_matches"", ""supported"": true, ""support_reasons"": [""intensity_ncc=0.176\u22650.08""], ""status"": ""evaluated""}, {""window_id"": 5, ""grid_rc"": ""1,1"", ""mapped"": true, ""valid_support_pct"": 77.2, ""ref_global_rect"": [2565, 2696, 2771, 2775], ""intensity_ncc"": 0.0366, ""gradient_ncc"": -0.0325, ""phase_response"": 0.0847, ""phase_shift_px"": [28.49, -13.76], ""fast_src_kps"": 723, ""fast_ref_kps"": 550, ""fast_candidates"": 0, ""fast_status"": ""no_lowes_filtered_matches"", ""supported"": true, ""support_reasons"": [""phase_resp=0.085\u22650.05""], ""status"": ""evaluated""}, {""window_id"": 6, ""grid_rc"": ""1,2"", ""mapped"": true, ""valid_support_pct"": 100.0, ""ref_global_rect"": [2899, 2696, 3104, 2775], ""intensity_ncc"": -0.0932, ""gradient_ncc"": 0.007, ""phase_response"": 0.0448, ""phase_shift_px"": [44.31, 2.1], ""fast_src_kps"": 867, ""fast_ref_kps"": 500, ""fast_candidates"": 0, ""fast_status"": ""no_lowes_filtered_matches"", ""supported"": false, ""support_reasons"": [], ""status"": ""evaluated""}, {""window_id"": 7, ""grid_rc"": ""2,0"", ""mapped"": true, ""valid_support_pct"": 0.0, ""status"": ""low_valid_support"", ""supported"": false, ""support_reasons"": [""insufficient_valid_pixels""]}, {""window_id"": 8, ""grid_rc"": ""2,1"", ""mapped"": true, ""valid_support_pct"": 0.0, ""status"": ""low_valid_support"", ""supported"": false, ""support_reasons"": [""insufficient_valid_pixels""]}, {""window_id"": 9, ""grid_rc"": ""2,2"", ""mapped"": true, ""valid_support_pct"": 0.0, ""status"": ""low_valid_support"", ""supported"": false, ""support_reasons"": [""insufficient_valid_pixels""]}]"
OHRC_PAIR_01__dx-3000m_dy-1000m,OHRC_PAIR_01,-3000,-1000,-600,200,SCREEN_FAIL,3,3,2,0,1,0,False,True,True,True,False,True,2168,1039,3168,4039,11.982,1720.2,-1303.61,2158.36,"[{""window_id"": 1, ""grid_rc"": ""0,0"", ""mapped"": true, ""valid_support_pct"": 0.0, ""status"": ""low_valid_support"", ""supported"": false, ""support_reasons"": [""insufficient_valid_pixels""]}, {""window_id"": 2, ""grid_rc"": ""0,1"", ""mapped"": true, ""valid_support_pct"": 0.0, ""status"": ""low_valid_support"", ""supported"": false, ""support_reasons"": [""insufficient_valid_pixels""]}, {""window_id"": 3, ""grid_rc"": ""0,2"", ""mapped"": true, ""valid_support_pct"": 0.0, ""status"": ""low_valid_support"", ""supported"": false, ""support_reasons"": [""insufficient_valid_pixels""]}, {""window_id"": 4, ""grid_rc"": ""1,0"", ""mapped"": true, ""valid_support_pct"": 100.0, ""ref_global_rect"": [2232, 2500, 2437, 2578], ""intensity_ncc"": 0.1168, ""gradient_ncc"": 0.0017, ""phase_response"": 0.0471, ""phase_shift_px"": [-19.79, -14.07], ""fast_src_kps"": 906, ""fast_ref_kps"": 732, ""fast_candidates"": 2, ""fast_status"": ""ok"", ""supported"": true, ""support_reasons"": [""intensity_ncc=0.117\u22650.08""], ""status"": ""evaluated""}, {""window_id"": 5, ""grid_rc"": ""1,1"", ""mapped"": true, ""valid_support_pct"": 77.2, ""ref_global_rect"": [2565, 2500, 2771, 2578], ""intensity_ncc"": 0.0286, ""gradient_ncc"": 0.0415, ""phase_response"": 0.0768, ""phase_shift_px"": [-5.44, 0.65], ""fast_src_kps"": 723, ""fast_ref_kps"": 440, ""fast_candidates"": 0, ""fast_status"": ""no_lowes_filtered_matches"", ""supported"": true, ""support_reasons"": [""phase_resp=0.077\u22650.05""], ""status"": ""evaluated""}, {""window_id"": 6, ""grid_rc"": ""1,2"", ""mapped"": true, ""valid_support_pct"": 100.0, ""ref_global_rect"": [2899, 2500, 3104, 2578], ""intensity_ncc"": 0.1391, ""gradient_ncc"": -0.0041, ""phase_response"": 0.0405, ""phase_shift_px"": [15.23, 30.13], ""fast_src_kps"": 867, ""fast_ref_kps"": 507, ""fast_candidates"": 0, ""fast_status"": ""no_lowes_filtered_matches"", ""supported"": true, ""support_reasons"": [""intensity_ncc=0.139\u22650.08""], ""status"": ""evaluated""}, {""window_id"": 7, ""grid_rc"": ""2,0"", ""mapped"": true, ""valid_support_pct"": 0.0, ""status"": ""low_valid_support"", ""supported"": false, ""support_reasons"": [""insufficient_valid_pixels""]}, {""window_id"": 8, ""grid_rc"": ""2,1"", ""mapped"": true, ""valid_support_pct"": 0.0, ""status"": ""low_valid_support"", ""supported"": false, ""support_reasons"": [""insufficient_valid_pixels""]}, {""window_id"": 9, ""grid_rc"": ""2,2"", ""mapped"": true, ""valid_support_pct"": 0.0, ""status"": ""low_valid_support"", ""supported"": false, ""support_reasons"": [""insufficient_valid_pixels""]}]"
OHRC_PAIR_01__dx-3000m_dy+0m,OHRC_PAIR_01,-3000,0,-600,0,SCREEN_FAIL,2,2,0,0,2,0,False,False,False,True,False,True,2168,839,3168,3839,11.982,1720.2,-1303.61,2158.36,"[{""window_id"": 1, ""grid_rc"": ""0,0"", ""mapped"": true, ""valid_support_pct"": 0.0, ""status"": ""low_valid_support"", ""supported"": false, ""support_reasons"": [""insufficient_valid_pixels""]}, {""window_id"": 2, ""grid_rc"": ""0,1"", ""mapped"": true, ""valid_support_pct"": 0.0, ""status"": ""low_valid_support"", ""supported"": false, ""support_reasons"": [""insufficient_valid_pixels""]}, {""window_id"": 3, ""grid_rc"": ""0,2"", ""mapped"": true, ""valid_support_pct"": 0.0, ""status"": ""low_valid_support"", ""supported"": false, ""support_reasons"": [""insufficient_valid_pixels""]}, {""window_id"": 4, ""grid_rc"": ""1,0"", ""mapped"": true, ""valid_support_pct"": 100.0, ""ref_global_rect"": [2232, 2300, 2437, 2378], ""intensity_ncc"": -0.0289, ""gradient_ncc"": 0.0002, ""phase_response"": 0.0069, ""phase_shift_px"": [16.78, -4.78], ""fast_src_kps"": 906, ""fast_ref_kps"": 692, ""fast_candidates"": 0, ""fast_status"": ""no_lowes_filtered_matches"", ""supported"": false, ""support_reasons"": [], ""status"": ""evaluated""}, {""window_id"": 5, ""grid_rc"": ""1,1"", ""mapped"": true, ""valid_support_pct"": 77.2, ""ref_global_rect"": [2565, 2300, 2771, 2378], ""intensity_ncc"": -0.0511, ""gradient_ncc"": -0.0243, ""phase_response"": 0.0982, ""phase_shift_px"": [-2.29, 6.22], ""fast_src_kps"": 723, ""fast_ref_kps"": 555, ""fast_candidates"": 0, ""fast_status"": ""no_lowes_filtered_matches"", ""supported"": true, ""support_reasons"": [""phase_resp=0.098\u22650.05""], ""status"": ""evaluated""}, {""window_id"": 6, ""grid_rc"": ""1,2"", ""mapped"": true, ""valid_support_pct"": 100.0, ""ref_global_rect"": [2899, 2300, 3104, 2378], ""intensity_ncc"": -0.0387, ""gradient_ncc"": -0.0187, ""phase_response"": 0.0742, ""phase_shift_px"": [2.39, 40.58], ""fast_src_kps"": 867, ""fast_ref_kps"": 491, ""fast_candidates"": 0, ""fast_status"": ""no_lowes_filtered_matches"", ""supported"": true, ""support_reasons"": [""phase_resp=0.074\u22650.05""], ""status"": ""evaluated""}, {""window_id"": 7, ""grid_rc"": ""2,0"", ""mapped"": true, ""valid_support_pct"": 0.0, ""status"": ""low_valid_support"", ""supported"": false, ""support_reasons"": [""insufficient_valid_pixels""]}, {""window_id"": 8, ""grid_rc"": ""2,1"", ""mapped"": true, ""valid_support_pct"": 0.0, ""status"": ""low_valid_support"", ""supported"": false, ""support_reasons"": [""insufficient_valid_pixels""]}, {""window_id"": 9, ""grid_rc"": ""2,2"", ""mapped"": true, ""valid_support_pct"": 0.0, ""status"": ""low_valid_support"", ""supported"": false, ""support_reasons"": [""insufficient_valid_pixels""]}]"
OHRC_PAIR_01__dx-3000m_dy+1000m,OHRC_PAIR_01,-3000,1000,-600,-200,SCREEN_FAIL,2,2,1,0,1,0,False,False,False,True,False,True,2168,639,3168,3639,11.982,1720.2,-1303.61,2158.36,"[{""window_id"": 1, ""grid_rc"": ""0,0"", ""mapped"": true, ""valid_support_pct"": 0.0, ""status"": ""low_valid_support"", ""supported"": false, ""support_reasons"": [""insufficient_valid_pixels""]}, {""window_id"": 2, ""grid_rc"": ""0,1"", ""mapped"": true, ""valid_support_pct"": 0.0, ""status"": ""low_valid_support"", ""supported"": false, ""support_reasons"": [""insufficient_valid_pixels""]}, {""window_id"": 3, ""grid_rc"": ""0,2"", ""mapped"": true, ""valid_support_pct"": 0.0, ""status"": ""low_valid_support"", ""supported"": false, ""support_reasons"": [""insufficient_valid_pixels""]}, {""window_id"": 4, ""grid_rc"": ""1,0"", ""mapped"": true, ""valid_support_pct"": 100.0, ""ref_global_rect"": [2232, 2100, 2437, 2178], ""intensity_ncc"": 0.1464, ""gradient_ncc"": 0.0088, ""phase_response"": 0.0336, ""phase_shift_px"": [-17.99, 25.2], ""fast_src_kps"": 906, ""fast_ref_kps"": 657, ""fast_candidates"": 0, ""fast_status"": ""no_lowes_filtered_matches"", ""supported"": true, ""support_reasons"": [""intensity_ncc=0.146\u22650.08""], ""status"": ""evaluated""}, {""window_id"": 5, ""grid_rc"": ""1,1"", ""mapped"": true, ""valid_support_pct"": 77.2, ""ref_global_rect"": [2565, 2100, 2771, 2178], ""intensity_ncc"": -0.0319, ""gradient_ncc"": -0.0522, ""phase_response"": 0.0608, ""phase_shift_px"": [5.9, 2.43], ""fast_src_kps"": 723, ""fast_ref_kps"": 283, ""fast_candidates"": 0, ""fast_status"": ""no_lowes_filtered_matches"", ""supported"": true, ""support_reasons"": [""phase_resp=0.061\u22650.05""], ""status"": ""evaluated""}, {""window_id"": 6, ""grid_rc"": ""1,2"", ""mapped"": true, ""valid_support_pct"": 100.0, ""ref_global_rect"": [2899, 2100, 3104, 2178], ""intensity_ncc"": -0.0663, ""gradient_ncc"": 0.0163, ""phase_response"": -0.0026, ""phase_shift_px"": [-23.06, -68.46], ""fast_src_kps"": 867, ""fast_ref_kps"": 430, ""fast_candidates"": 0, ""fast_status"": ""no_lowes_filtered_matches"", ""supported"": false, ""support_reasons"": [], ""status"": ""evaluated""}, {""window_id"": 7, ""grid_rc"": ""2,0"", ""mapped"": true, ""valid_support_pct"": 0.0, ""status"": ""low_valid_support"", ""supported"": false, ""support_reasons"": [""insufficient_valid_pixels""]}, {""window_id"": 8, ""grid_rc"": ""2,1"", ""mapped"": true, ""valid_support_pct"": 0.0, ""status"": ""low_valid_support"", ""supported"": false, ""support_reasons"": [""insufficient_valid_pixels""]}, {""window_id"": 9, ""grid_rc"": ""2,2"", ""mapped"": true, ""valid_support_pct"": 0.0, ""status"": ""low_valid_support"", ""supported"": false, ""support_reasons"": [""insufficient_valid_pixels""]}]"
OHRC_PAIR_01__dx-3000m_dy+2000m,OHRC_PAIR_01,-3000,2000,-600,-400,SCREEN_FAIL,1,1,0,1,0,0,False,False,False,False,False,True,2168,439,3168,3439,11.982,1720.2,-1303.61,2158.36,"[{""window_id"": 1, ""grid_rc"": ""0,0"", ""mapped"": true, ""valid_support_pct"": 0.0, ""status"": ""low_valid_support"", ""supported"": false, ""support_reasons"": [""insufficient_valid_pixels""]}, {""window_id"": 2, ""grid_rc"": ""0,1"", ""mapped"": true, ""valid_support_pct"": 0.0, ""status"": ""low_valid_support"", ""supported"": false, ""support_reasons"": [""insufficient_valid_pixels""]}, {""window_id"": 3, ""grid_rc"": ""0,2"", ""mapped"": true, ""valid_support_pct"": 0.0, ""status"": ""low_valid_support"", ""supported"": false, ""support_reasons"": [""insufficient_valid_pixels""]}, {""window_id"": 4, ""grid_rc"": ""1,0"", ""mapped"": true, ""valid_support_pct"": 100.0, ""ref_global_rect"": [2232, 1900, 2437, 1978], ""intensity_ncc"": -0.0799, ""gradient_ncc"": 0.0226, ""phase_response"": 0.0479, ""phase_shift_px"": [12.94, -1.84], ""fast_src_kps"": 906, ""fast_ref_kps"": 575, ""fast_candidates"": 0, ""fast_status"": ""no_lowes_filtered_matches"", ""supported"": false, ""support_reasons"": [], ""status"": ""evaluated""}, {""window_id"": 5, ""grid_rc"": ""1,1"", ""mapped"": true, ""valid_support_pct"": 77.2, ""ref_global_rect"": [2565, 1900, 2771, 1978], ""intensity_ncc"": -0.0964, ""gradient_ncc"": -0.0048, ""phase_response"": -0.0413, ""phase_shift_px"": [7.13, 18.97], ""fast_src_kps"": 723, ""fast_ref_kps"": 618, ""fast_candidates"": 0, ""fast_status"": ""no_lowes_filtered_matches"", ""supported"": false, ""support_reasons"": [], ""status"": ""evaluated""}, {""window_id"": 6, ""grid_rc"": ""1,2"", ""mapped"": true, ""valid_support_pct"": 100.0, ""ref_global_rect"": [2899, 1900, 3104, 1978], ""intensity_ncc"": 0.0259, ""gradient_ncc"": 0.0765, ""phase_response"": 0.0122, ""phase_shift_px"": [-11.54, 4.83], ""fast_src_kps"": 867, ""fast_ref_kps"": 302, ""fast_candidates"": 0, ""fast_status"": ""no_lowes_filtered_matches"", ""supported"": true, ""support_reasons"": [""gradient_ncc=0.076\u22650.06""], ""status"": ""evaluated""}, {""window_id"": 7, ""grid_rc"": ""2,0"", ""mapped"": true, ""valid_support_pct"": 0.0, ""status"": ""low_valid_support"", ""supported"": false, ""support_reasons"": [""insufficient_valid_pixels""]}, {""window_id"": 8, ""grid_rc"": ""2,1"", ""mapped"": true, ""valid_support_pct"": 0.0, ""status"": ""low_valid_support"", ""supported"": false, ""support_reasons"": [""insufficient_valid_pixels""]}, {""window_id"": 9, ""grid_rc"": ""2,2"", ""mapped"": true, ""valid_support_pct"": 0.0, ""status"": ""low_valid_support"", ""supported"": false, ""support_reasons"": [""insufficient_valid_pixels""]}]"
OHRC_PAIR_01__dx-3000m_dy+3000m,OHRC_PAIR_01,-3000,3000,-600,-600,SCREEN_FAIL,2,2,2,0,1,0,False,False,False,True,False,True,2168,239,3168,3239,11.982,1720.2,-1303.61,2158.36,"[{""window_id"": 1, ""grid_rc"": ""0,0"", ""mapped"": true, ""valid_support_pct"": 0.0, ""status"": ""low_valid_support"", ""supported"": false, ""support_reasons"": [""insufficient_valid_pixels""]}, {""window_id"": 2, ""grid_rc"": ""0,1"", ""mapped"": true, ""valid_support_pct"": 0.0, ""status"": ""low_valid_support"", ""supported"": false, ""support_reasons"": [""insufficient_valid_pixels""]}, {""window_id"": 3, ""grid_rc"": ""0,2"", ""mapped"": true, ""valid_support_pct"": 0.0, ""status"": ""low_valid_support"", ""supported"": false, ""support_reasons"": [""insufficient_valid_pixels""]}, {""window_id"": 4, ""grid_rc"": ""1,0"", ""mapped"": true, ""valid_support_pct"": 100.0, ""ref_global_rect"": [2232, 1700, 2437, 1778], ""intensity_ncc"": -0.0172, ""gradient_ncc"": -0.0079, ""phase_response"": 0.0328, ""phase_shift_px"": [36.44, 27.16], ""fast_src_kps"": 906, ""fast_ref_kps"": 233, ""fast_candidates"": 0, ""fast_status"": ""no_lowes_filtered_matches"", ""supported"": false, ""support_reasons"": [], ""status"": ""evaluated""}, {""window_id"": 5, ""grid_rc"": ""1,1"", ""mapped"": true, ""valid_support_pct"": 77.2, ""ref_global_rect"": [2565, 1700, 2771, 1778], ""intensity_ncc"": 0.0968, ""gradient_ncc"": 0.0107, ""phase_response"": 0.1064, ""phase_shift_px"": [-35.13, -0.86], ""fast_src_kps"": 723, ""fast_ref_kps"": 384, ""fast_candidates"": 0, ""fast_status"": ""no_lowes_filtered_matches"", ""supported"": true, ""support_reasons"": [""intensity_ncc=0.097\u22650.08"", ""phase_resp=0.106\u22650.05""], ""status"": ""evaluated""}, {""window_id"": 6, ""grid_rc"": ""1,2"", ""mapped"": true, ""valid_support_pct"": 100.0, ""ref_global_rect"": [2899, 1700, 3104, 1778], ""intensity_ncc"": 0.1062, ""gradient_ncc"": 0.0022, ""phase_response"": -0.0221, ""phase_shift_px"": [30.3, 9.49], ""fast_src_kps"": 867, ""fast_ref_kps"": 277, ""fast_candidates"": 0, ""fast_status"": ""no_lowes_filtered_matches"", ""supported"": true, ""support_reasons"": [""intensity_ncc=0.106\u22650.08""], ""status"": ""evaluated""}, {""window_id"": 7, ""grid_rc"": ""2,0"", ""mapped"": true, ""valid_support_pct"": 0.0, ""status"": ""low_valid_support"", ""supported"": false, ""support_reasons"": [""insufficient_valid_pixels""]}, {""window_id"": 8, ""grid_rc"": ""2,1"", ""mapped"": true, ""valid_support_pct"": 0.0, ""status"": ""low_valid_support"", ""supported"": false, ""support_reasons"": [""insufficient_valid_pixels""]}, {""window_id"": 9, ""grid_rc"": ""2,2"", ""mapped"": true, ""valid_support_pct"": 0.0, ""status"": ""low_valid_support"", ""supported"": false, ""support_reasons"": [""insufficient_valid_pixels""]}]"
OHRC_PAIR_01__dx-2000m_dy-3000m,OHRC_PAIR_01,-2000,-3000,-400,600,SCREEN_FAIL,1,1,0,0,1,0,False,False,False,True,False,True,2368,1439,3368,4232,11.156,1720.2,-1303.61,2158.36,"[{""window_id"": 1, ""grid_rc"": ""0,0"", ""mapped"": true, ""valid_support_pct"": 0.0, ""status"": ""low_valid_support"", ""supported"": false, ""support_reasons"": [""insufficient_valid_pixels""]}, {""window_id"": 2, ""grid_rc"": ""0,1"", ""mapped"": true, ""valid_support_pct"": 0.0, ""status"": ""low_valid_support"", ""supported"": false, ""support_reasons"": [""insufficient_valid_pixels""]}, {""window_id"": 3, ""grid_rc"": ""0,2"", ""mapped"": true, ""valid_support_pct"": 0.0, ""status"": ""low_valid_support"", ""supported"": false, ""support_reasons"": [""insufficient_valid_pixels""]}, {""window_id"": 4, ""grid_rc"": ""1,0"", ""mapped"": true, ""valid_support_pct"": 100.0, ""ref_global_rect"": [2432, 2799, 2637, 2872], ""intensity_ncc"": 0.0789, ""gradient_ncc"": 0.0122, ""phase_response"": 0.0405, ""phase_shift_px"": [-26.75, 17.98], ""fast_src_kps"": 906, ""fast_ref_kps"": 479, ""fast_candidates"": 0, ""fast_status"": ""no_lowes_filtered_matches"", ""supported"": false, ""support_reasons"": [], ""status"": ""evaluated""}, {""window_id"": 5, ""grid_rc"": ""1,1"", ""mapped"": true, ""valid_support_pct"": 77.2, ""ref_global_rect"": [2765, 2799, 2971, 2872], ""intensity_ncc"": 0.0052, ""gradient_ncc"": 0.0165, ""phase_response"": 0.0203, ""phase_shift_px"": [-5.28, 32.3], ""fast_src_kps"": 723, ""fast_ref_kps"": 538, ""fast_candidates"": 0, ""fast_status"": ""no_lowes_filtered_matches"", ""supported"": false, ""support_reasons"": [], ""status"": ""evaluated""}, {""window_id"": 6, ""grid_rc"": ""1,2"", ""mapped"": true, ""valid_support_pct"": 100.0, ""ref_global_rect"": [3099, 2799, 3304, 2872], ""intensity_ncc"": -0.0976, ""gradient_ncc"": 0.0128, ""phase_response"": 0.0764, ""phase_shift_px"": [-2.92, 0.22], ""fast_src_kps"": 867, ""fast_ref_kps"": 515, ""fast_candidates"": 0, ""fast_status"": ""no_lowes_filtered_matches"", ""supported"": true, ""support_reasons"": [""phase_resp=0.076\u22650.05""], ""status"": ""evaluated""}, {""window_id"": 7, ""grid_rc"": ""2,0"", ""mapped"": true, ""valid_support_pct"": 0.0, ""status"": ""low_valid_support"", ""supported"": false, ""support_reasons"": [""insufficient_valid_pixels""]}, {""window_id"": 8, ""grid_rc"": ""2,1"", ""mapped"": true, ""valid_support_pct"": 0.0, ""status"": ""low_valid_support"", ""supported"": false, ""support_reasons"": [""insufficient_valid_pixels""]}, {""window_id"": 9, ""grid_rc"": ""2,2"", ""mapped"": true, ""valid_support_pct"": 0.0, ""status"": ""low_valid_support"", ""supported"": false, ""support_reasons"": [""insufficient_valid_pixels""]}]"
OHRC_PAIR_01__dx-2000m_dy-2000m,OHRC_PAIR_01,-2000,-2000,-400,400,SCREEN_FAIL,1,1,0,0,1,0,False,False,False,True,False,True,2368,1239,3368,4232,11.955,1720.2,-1303.61,2158.36,"[{""window_id"": 1, ""grid_rc"": ""0,0"", ""mapped"": true, ""valid_support_pct"": 0.0, ""status"": ""low_valid_support"", ""supported"": false, ""support_reasons"": [""insufficient_valid_pixels""]}, {""window_id"": 2, ""grid_rc"": ""0,1"", ""mapped"": true, ""valid_support_pct"": 0.0, ""status"": ""low_valid_support"", ""supported"": false, ""support_reasons"": [""insufficient_valid_pixels""]}, {""window_id"": 3, ""grid_rc"": ""0,2"", ""mapped"": true, ""valid_support_pct"": 0.0, ""status"": ""low_valid_support"", ""supported"": false, ""support_reasons"": [""insufficient_valid_pixels""]}, {""window_id"": 4, ""grid_rc"": ""1,0"", ""mapped"": true, ""valid_support_pct"": 100.0, ""ref_global_rect"": [2432, 2696, 2637, 2775], ""intensity_ncc"": -0.0806, ""gradient_ncc"": -0.0005, ""phase_response"": -0.0338, ""phase_shift_px"": [-13.85, -2.48], ""fast_src_kps"": 906, ""fast_ref_kps"": 608, ""fast_candidates"": 0, ""fast_status"": ""no_lowes_filtered_matches"", ""supported"": false, ""support_reasons"": [], ""status"": ""evaluated""}, {""window_id"": 5, ""grid_rc"": ""1,1"", ""mapped"": true, ""valid_support_pct"": 77.2, ""ref_global_rect"": [2765, 2696, 2971, 2775], ""intensity_ncc"": -0.0121, ""gradient_ncc"": -0.0227, ""phase_response"": 0.059, ""phase_shift_px"": [0.09, 17.63], ""fast_src_kps"": 723, ""fast_ref_kps"": 507, ""fast_candidates"": 0, ""fast_status"": ""no_lowes_filtered_matches"", ""supported"": true, ""support_reasons"": [""phase_resp=0.059\u22650.05""], ""status"": ""evaluated""}, {""window_id"": 6, ""grid_rc"": ""1,2"", ""mapped"": true, ""valid_support_pct"": 100.0, ""ref_global_rect"": [3099, 2696, 3304, 2775], ""intensity_ncc"": -0.1307, ""gradient_ncc"": 0.0324, ""phase_response"": 0.0244, ""phase_shift_px"": [-1.78, -17.63], ""fast_src_kps"": 867, ""fast_ref_kps"": 459, ""fast_candidates"": 0, ""fast_status"": ""no_lowes_filtered_matches"", ""supported"": false, ""support_reasons"": [], ""status"": ""evaluated""}, {""window_id"": 7, ""grid_rc"": ""2,0"", ""mapped"": true, ""valid_support_pct"": 0.0, ""status"": ""low_valid_support"", ""supported"": false, ""support_reasons"": [""insufficient_valid_pixels""]}, {""window_id"": 8, ""grid_rc"": ""2,1"", ""mapped"": true, ""valid_support_pct"": 0.0, ""status"": ""low_valid_support"", ""supported"": false, ""support_reasons"": [""insufficient_valid_pixels""]}, {""window_id"": 9, ""grid_rc"": ""2,2"", ""mapped"": true, ""valid_support_pct"": 0.0, ""status"": ""low_valid_support"", ""supported"": false, ""support_reasons"": [""insufficient_valid_pixels""]}]"
OHRC_PAIR_01__dx-2000m_dy-1000m,OHRC_PAIR_01,-2000,-1000,-400,200,SCREEN_FAIL,1,1,0,0,1,0,False,False,False,True,False,True,2368,1039,3368,4039,11.982,1720.2,-1303.61,2158.36,"[{""window_id"": 1, ""grid_rc"": ""0,0"", ""mapped"": true, ""valid_support_pct"": 0.0, ""status"": ""low_valid_support"", ""supported"": false, ""support_reasons"": [""insufficient_valid_pixels""]}, {""window_id"": 2, ""grid_rc"": ""0,1"", ""mapped"": true, ""valid_support_pct"": 0.0, ""status"": ""low_valid_support"", ""supported"": false, ""support_reasons"": [""insufficient_valid_pixels""]}, {""window_id"": 3, ""grid_rc"": ""0,2"", ""mapped"": true, ""valid_support_pct"": 0.0, ""status"": ""low_valid_support"", ""supported"": false, ""support_reasons"": [""insufficient_valid_pixels""]}, {""window_id"": 4, ""grid_rc"": ""1,0"", ""mapped"": true, ""valid_support_pct"": 100.0, ""ref_global_rect"": [2432, 2500, 2637, 2578], ""intensity_ncc"": -0.0254, ""gradient_ncc"": -0.0292, ""phase_response"": 0.0297, ""phase_shift_px"": [27.85, 0.15], ""fast_src_kps"": 906, ""fast_ref_kps"": 509, ""fast_candidates"": 0, ""fast_status"": ""no_lowes_filtered_matches"", ""supported"": false, ""support_reasons"": [], ""status"": ""evaluated""}, {""window_id"": 5, ""grid_rc"": ""1,1"", ""mapped"": true, ""valid_support_pct"": 77.2, ""ref_global_rect"": [2765, 2500, 2971, 2578], ""intensity_ncc"": 0.0116, ""gradient_ncc"": 0.0258, ""phase_response"": 0.0462, ""phase_shift_px"": [-7.19, -17.32], ""fast_src_kps"": 723, ""fast_ref_kps"": 438, ""fast_candidates"": 0, ""fast_status"": ""no_lowes_filtered_matches"", ""supported"": false, ""support_reasons"": [], ""status"": ""evaluated""}, {""window_id"": 6, ""grid_rc"": ""1,2"", ""mapped"": true, ""valid_support_pct"": 100.0, ""ref_global_rect"": [3099, 2500, 3304, 2578], ""intensity_ncc"": -0.0586, ""gradient_ncc"": 0.0174, ""phase_response"": 0.0505, ""phase_shift_px"": [-4.04, -9.3], ""fast_src_kps"": 867, ""fast_ref_kps"": 525, ""fast_candidates"": 0, ""fast_status"": ""no_lowes_filtered_matches"", ""supported"": true, ""support_reasons"": [""phase_resp=0.051\u22650.05""], ""status"": ""evaluated""}, {""window_id"": 7, ""grid_rc"": ""2,0"", ""mapped"": true, ""valid_support_pct"": 0.0, ""status"": ""low_valid_support"", ""supported"": false, ""support_reasons"": [""insufficient_valid_pixels""]}, {""window_id"": 8, ""grid_rc"": ""2,1"", ""mapped"": true, ""valid_support_pct"": 0.0, ""status"": ""low_valid_support"", ""supported"": false, ""support_reasons"": [""insufficient_valid_pixels""]}, {""window_id"": 9, ""grid_rc"": ""2,2"", ""mapped"": true, ""valid_support_pct"": 0.0, ""status"": ""low_valid_support"", ""supported"": false, ""support_reasons"": [""insufficient_valid_pixels""]}]"
OHRC_PAIR_01__dx-2000m_dy+0m,OHRC_PAIR_01,-2000,0,-400,0,SCREEN_FAIL,2,2,0,0,2,0,False,False,False,True,False,True,2368,839,3368,3839,11.982,1720.2,-1303.61,2158.36,"[{""window_id"": 1, ""grid_rc"": ""0,0"", ""mapped"": true, ""valid_support_pct"": 0.0, ""status"": ""low_valid_support"", ""supported"": false, ""support_reasons"": [""insufficient_valid_pixels""]}, {""window_id"": 2, ""grid_rc"": ""0,1"", ""mapped"": true, ""valid_support_pct"": 0.0, ""status"": ""low_valid_support"", ""supported"": false, ""support_reasons"": [""insufficient_valid_pixels""]}, {""window_id"": 3, ""grid_rc"": ""0,2"", ""mapped"": true, ""valid_support_pct"": 0.0, ""status"": ""low_valid_support"", ""supported"": false, ""support_reasons"": [""insufficient_valid_pixels""]}, {""window_id"": 4, ""grid_rc"": ""1,0"", ""mapped"": true, ""valid_support_pct"": 100.0, ""ref_global_rect"": [2432, 2300, 2637, 2378], ""intensity_ncc"": 0.0359, ""gradient_ncc"": 0.0113, ""phase_response"": 0.0761, ""phase_shift_px"": [18.12, -13.13], ""fast_src_kps"": 906, ""fast_ref_kps"": 314, ""fast_candidates"": 0, ""fast_status"": ""no_lowes_filtered_matches"", ""supported"": true, ""support_reasons"": [""phase_resp=0.076\u22650.05""], ""status"": ""evaluated""}, {""window_id"": 5, ""grid_rc"": ""1,1"", ""mapped"": true, ""valid_support_pct"": 77.2, ""ref_global_rect"": [2765, 2300, 2971, 2378], ""intensity_ncc"": 0.076, ""gradient_ncc"": 0.0517, ""phase_response"": 0.0387, ""phase_shift_px"": [2.54, -6.04], ""fast_src_kps"": 723, ""fast_ref_kps"": 459, ""fast_candidates"": 0, ""fast_status"": ""no_lowes_filtered_matches"", ""supported"": false, ""support_reasons"": [], ""status"": ""evaluated""}, {""window_id"": 6, ""grid_rc"": ""1,2"", ""mapped"": true, ""valid_support_pct"": 100.0, ""ref_global_rect"": [3099, 2300, 3304, 2378], ""intensity_ncc"": 0.0251, ""gradient_ncc"": 0.0269, ""phase_response"": 0.0674, ""phase_shift_px"": [-15.01, 20.69], ""fast_src_kps"": 867, ""fast_ref_kps"": 655, ""fast_candidates"": 0, ""fast_status"": ""no_lowes_filtered_matches"", ""supported"": true, ""support_reasons"": [""phase_resp=0.067\u22650.05""], ""status"": ""evaluated""}, {""window_id"": 7, ""grid_rc"": ""2,0"", ""mapped"": true, ""valid_support_pct"": 0.0, ""status"": ""low_valid_support"", ""supported"": false, ""support_reasons"": [""insufficient_valid_pixels""]}, {""window_id"": 8, ""grid_rc"": ""2,1"", ""mapped"": true, ""valid_support_pct"": 0.0, ""status"": ""low_valid_support"", ""supported"": false, ""support_reasons"": [""insufficient_valid_pixels""]}, {""window_id"": 9, ""grid_rc"": ""2,2"", ""mapped"": true, ""valid_support_pct"": 0.0, ""status"": ""low_valid_support"", ""supported"": false, ""support_reasons"": [""insufficient_valid_pixels""]}]"
OHRC_PAIR_01__dx-2000m_dy+1000m,OHRC_PAIR_01,-2000,1000,-400,-200,SCREEN_FAIL,3,3,2,0,2,0,False,True,True,True,False,True,2368,639,3368,3639,11.982,1720.2,-1303.61,2158.36,"[{""window_id"": 1, ""grid_rc"": ""0,0"", ""mapped"": true, ""valid_support_pct"": 0.0, ""status"": ""low_valid_support"", ""supported"": false, ""support_reasons"": [""insufficient_valid_pixels""]}, {""window_id"": 2, ""grid_rc"": ""0,1"", ""mapped"": true, ""valid_support_pct"": 0.0, ""status"": ""low_valid_support"", ""supported"": false, ""support_reasons"": [""insufficient_valid_pixels""]}, {""window_id"": 3, ""grid_rc"": ""0,2"", ""mapped"": true, ""valid_support_pct"": 0.0, ""status"": ""low_valid_support"", ""supported"": false, ""support_reasons"": [""insufficient_valid_pixels""]}, {""window_id"": 4, ""grid_rc"": ""1,0"", ""mapped"": true, ""valid_support_pct"": 100.0, ""ref_global_rect"": [2432, 2100, 2637, 2178], ""intensity_ncc"": 0.1866, ""gradient_ncc"": -0.0186, ""phase_response"": 0.0305, ""phase_shift_px"": [-47.37, -4.57], ""fast_src_kps"": 906, ""fast_ref_kps"": 228, ""fast_candidates"": 0, ""fast_status"": ""no_lowes_filtered_matches"", ""supported"": true, ""support_reasons"": [""intensity_ncc=0.187\u22650.08""], ""status"": ""evaluated""}, {""window_id"": 5, ""grid_rc"": ""1,1"", ""mapped"": true, ""valid_support_pct"": 77.2, ""ref_global_rect"": [2765, 2100, 2971, 2178], ""intensity_ncc"": 0.0037, ""gradient_ncc"": 0.0119, ""phase_response"": 0.059, ""phase_shift_px"": [-29.27, -2.39], ""fast_src_kps"": 723, ""fast_ref_kps"": 549, ""fast_candidates"": 0, ""fast_status"": ""no_lowes_filtered_matches"", ""supported"": true, ""support_reasons"": [""phase_resp=0.059\u22650.05""], ""status"": ""evaluated""}, {""window_id"": 6, ""grid_rc"": ""1,2"", ""mapped"": true, ""valid_support_pct"": 100.0, ""ref_global_rect"": [3099, 2100, 3304, 2178], ""intensity_ncc"": 0.1567, ""gradient_ncc"": -0.0107, ""phase_response"": 0.0627, ""phase_shift_px"": [-4.1, -2.97], ""fast_src_kps"": 867, ""fast_ref_kps"": 700, ""fast_candidates"": 0, ""fast_status"": ""no_lowes_filtered_matches"", ""supported"": true, ""support_reasons"": [""intensity_ncc=0.157\u22650.08"", ""phase_resp=0.063\u22650.05""], ""status"": ""evaluated""}, {""window_id"": 7, ""grid_rc"": ""2,0"", ""mapped"": true, ""valid_support_pct"": 0.0, ""status"": ""low_valid_support"", ""supported"": false, ""support_reasons"": [""insufficient_valid_pixels""]}, {""window_id"": 8, ""grid_rc"": ""2,1"", ""mapped"": true, ""valid_support_pct"": 0.0, ""status"": ""low_valid_support"", ""supported"": false, ""support_reasons"": [""insufficient_valid_pixels""]}, {""window_id"": 9, ""grid_rc"": ""2,2"", ""mapped"": true, ""valid_support_pct"": 0.0, ""status"": ""low_valid_support"", ""supported"": false, ""support_reasons"": [""insufficient_valid_pixels""]}]"
OHRC_PAIR_01__dx-2000m_dy+2000m,OHRC_PAIR_01,-2000,2000,-400,-400,SCREEN_FAIL,3,3,3,1,0,0,False,True,True,False,False,True,2368,439,3368,3439,11.982,1720.2,-1303.61,2158.36,"[{""window_id"": 1, ""grid_rc"": ""0,0"", ""mapped"": true, ""valid_support_pct"": 0.0, ""status"": ""low_valid_support"", ""supported"": false, ""support_reasons"": [""insufficient_valid_pixels""]}, {""window_id"": 2, ""grid_rc"": ""0,1"", ""mapped"": true, ""valid_support_pct"": 0.0, ""status"": ""low_valid_support"", ""supported"": false, ""support_reasons"": [""insufficient_valid_pixels""]}, {""window_id"": 3, ""grid_rc"": ""0,2"", ""mapped"": true, ""valid_support_pct"": 0.0, ""status"": ""low_valid_support"", ""supported"": false, ""support_reasons"": [""insufficient_valid_pixels""]}, {""window_id"": 4, ""grid_rc"": ""1,0"", ""mapped"": true, ""valid_support_pct"": 100.0, ""ref_global_rect"": [2432, 1900, 2637, 1978], ""intensity_ncc"": 0.095, ""gradient_ncc"": -0.0211, ""phase_response"": 0.0182, ""phase_shift_px"": [2.72, -23.59], ""fast_src_kps"": 906, ""fast_ref_kps"": 530, ""fast_candidates"": 0, ""fast_status"": ""no_lowes_filtered_matches"", ""supported"": true, ""support_reasons"": [""intensity_ncc=0.095\u22650.08""], ""status"": ""evaluated""}, {""window_id"": 5, ""grid_rc"": ""1,1"", ""mapped"": true, ""valid_support_pct"": 77.2, ""ref_global_rect"": [2765, 1900, 2971, 1978], ""intensity_ncc"": 0.1157, ""gradient_ncc"": 0.0877, ""phase_response"": 0.0102, ""phase_shift_px"": [-4.74, 5.82], ""fast_src_kps"": 723, ""fast_ref_kps"": 322, ""fast_candidates"": 0, ""fast_status"": ""no_lowes_filtered_matches"", ""supported"": true, ""support_reasons"": [""intensity_ncc=0.116\u22650.08"", ""gradient_ncc=0.088\u22650.06""], ""status"": ""evaluated""}, {""window_id"": 6, ""grid_rc"": ""1,2"", ""mapped"": true, ""valid_support_pct"": 100.0, ""ref_global_rect"": [3099, 1900, 3304, 1978], ""intensity_ncc"": 0.2343, ""gradient_ncc"": 0.0056, ""phase_response"": 0.0409, ""phase_shift_px"": [35.32, 23.23], ""fast_src_kps"": 867, ""fast_ref_kps"": 258, ""fast_candidates"": 2, ""fast_status"": ""ok"", ""supported"": true, ""support_reasons"": [""intensity_ncc=0.234\u22650.08""], ""status"": ""evaluated""}, {""window_id"": 7, ""grid_rc"": ""2,0"", ""mapped"": true, ""valid_support_pct"": 0.0, ""status"": ""low_valid_support"", ""supported"": false, ""support_reasons"": [""insufficient_valid_pixels""]}, {""window_id"": 8, ""grid_rc"": ""2,1"", ""mapped"": true, ""valid_support_pct"": 0.0, ""status"": ""low_valid_support"", ""supported"": false, ""support_reasons"": [""insufficient_valid_pixels""]}, {""window_id"": 9, ""grid_rc"": ""2,2"", ""mapped"": true, ""valid_support_pct"": 0.0, ""status"": ""low_valid_support"", ""supported"": false, ""support_reasons"": [""insufficient_valid_pixels""]}]"
OHRC_PAIR_01__dx-2000m_dy+3000m,OHRC_PAIR_01,-2000,3000,-400,-600,SCREEN_FAIL,2,2,2,1,0,0,False,False,False,False,False,True,2368,239,3368,3239,11.982,1720.2,-1303.61,2158.36,"[{""window_id"": 1, ""grid_rc"": ""0,0"", ""mapped"": true, ""valid_support_pct"": 0.0, ""status"": ""low_valid_support"", ""supported"": false, ""support_reasons"": [""insufficient_valid_pixels""]}, {""window_id"": 2, ""grid_rc"": ""0,1"", ""mapped"": true, ""valid_support_pct"": 0.0, ""status"": ""low_valid_support"", ""supported"": false, ""support_reasons"": [""insufficient_valid_pixels""]}, {""window_id"": 3, ""grid_rc"": ""0,2"", ""mapped"": true, ""valid_support_pct"": 0.0, ""status"": ""low_valid_support"", ""supported"": false, ""support_reasons"": [""insufficient_valid_pixels""]}, {""window_id"": 4, ""grid_rc"": ""1,0"", ""mapped"": true, ""valid_support_pct"": 100.0, ""ref_global_rect"": [2432, 1700, 2637, 1778], ""intensity_ncc"": -0.0607, ""gradient_ncc"": 0.0057, ""phase_response"": -0.0188, ""phase_shift_px"": [10.95, -1.07], ""fast_src_kps"": 906, ""fast_ref_kps"": 508, ""fast_candidates"": 0, ""fast_status"": ""no_lowes_filtered_matches"", ""supported"": false, ""support_reasons"": [], ""status"": ""evaluated""}, {""window_id"": 5, ""grid_rc"": ""1,1"", ""mapped"": true, ""valid_support_pct"": 77.2, ""ref_global_rect"": [2765, 1700, 2971, 1778], ""intensity_ncc"": 0.115, ""gradient_ncc"": 0.0948, ""phase_response"": 0.0387, ""phase_shift_px"": [-51.23, 16.26], ""fast_src_kps"": 723, ""fast_ref_kps"": 51, ""fast_candidates"": 0, ""fast_status"": ""no_lowes_filtered_matches"", ""supported"": true, ""support_reasons"": [""intensity_ncc=0.115\u22650.08"", ""gradient_ncc=0.095\u22650.06""], ""status"": ""evaluated""}, {""window_id"": 6, ""grid_rc"": ""1,2"", ""mapped"": true, ""valid_support_pct"": 100.0, ""ref_global_rect"": [3099, 1700, 3304, 1778], ""intensity_ncc"": 0.2362, ""gradient_ncc"": -0.0139, ""phase_response"": 0.0491, ""phase_shift_px"": [44.84, -0.35], ""fast_src_kps"": 867, ""fast_ref_kps"": 256, ""fast_candidates"": 2, ""fast_status"": ""ok"", ""supported"": true, ""support_reasons"": [""intensity_ncc=0.236\u22650.08""], ""status"": ""evaluated""}, {""window_id"": 7, ""grid_rc"": ""2,0"", ""mapped"": true, ""valid_support_pct"": 0.0, ""status"": ""low_valid_support"", ""supported"": false, ""support_reasons"": [""insufficient_valid_pixels""]}, {""window_id"": 8, ""grid_rc"": ""2,1"", ""mapped"": true, ""valid_support_pct"": 0.0, ""status"": ""low_valid_support"", ""supported"": false, ""support_reasons"": [""insufficient_valid_pixels""]}, {""window_id"": 9, ""grid_rc"": ""2,2"", ""mapped"": true, ""valid_support_pct"": 0.0, ""status"": ""low_valid_support"", ""supported"": false, ""support_reasons"": [""insufficient_valid_pixels""]}]"
OHRC_PAIR_01__dx-1000m_dy-3000m,OHRC_PAIR_01,-1000,-3000,-200,600,SCREEN_FAIL,2,2,0,0,2,0,False,False,False,True,False,True,2568,1439,3568,4232,11.156,1720.2,-1303.61,2158.36,"[{""window_id"": 1, ""grid_rc"": ""0,0"", ""mapped"": true, ""valid_support_pct"": 0.0, ""status"": ""low_valid_support"", ""supported"": false, ""support_reasons"": [""insufficient_valid_pixels""]}, {""window_id"": 2, ""grid_rc"": ""0,1"", ""mapped"": true, ""valid_support_pct"": 0.0, ""status"": ""low_valid_support"", ""supported"": false, ""support_reasons"": [""insufficient_valid_pixels""]}, {""window_id"": 3, ""grid_rc"": ""0,2"", ""mapped"": true, ""valid_support_pct"": 0.0, ""status"": ""low_valid_support"", ""supported"": false, ""support_reasons"": [""insufficient_valid_pixels""]}, {""window_id"": 4, ""grid_rc"": ""1,0"", ""mapped"": true, ""valid_support_pct"": 100.0, ""ref_global_rect"": [2632, 2799, 2837, 2872], ""intensity_ncc"": -0.0171, ""gradient_ncc"": -0.0016, ""phase_response"": 0.0531, ""phase_shift_px"": [-1.36, -25.62], ""fast_src_kps"": 906, ""fast_ref_kps"": 570, ""fast_candidates"": 0, ""fast_status"": ""no_lowes_filtered_matches"", ""supported"": true, ""support_reasons"": [""phase_resp=0.053\u22650.05""], ""status"": ""evaluated""}, {""window_id"": 5, ""grid_rc"": ""1,1"", ""mapped"": true, ""valid_support_pct"": 77.2, ""ref_global_rect"": [2965, 2799, 3171, 2872], ""intensity_ncc"": 0.0366, ""gradient_ncc"": 0.0246, ""phase_response"": 0.0399, ""phase_shift_px"": [-11.12, 1.85], ""fast_src_kps"": 723, ""fast_ref_kps"": 516, ""fast_candidates"": 0, ""fast_status"": ""no_lowes_filtered_matches"", ""supported"": false, ""support_reasons"": [], ""status"": ""evaluated""}, {""window_id"": 6, ""grid_rc"": ""1,2"", ""mapped"": true, ""valid_support_pct"": 100.0, ""ref_global_rect"": [3299, 2799, 3504, 2872], ""intensity_ncc"": 0.0529, ""gradient_ncc"": 0.0011, ""phase_response"": 0.0657, ""phase_shift_px"": [-1.76, 13.9], ""fast_src_kps"": 867, ""fast_ref_kps"": 448, ""fast_candidates"": 1, ""fast_status"": ""ok"", ""supported"": true, ""support_reasons"": [""phase_resp=0.066\u22650.05""], ""status"": ""evaluated""}, {""window_id"": 7, ""grid_rc"": ""2,0"", ""mapped"": true, ""valid_support_pct"": 0.0, ""status"": ""low_valid_support"", ""supported"": false, ""support_reasons"": [""insufficient_valid_pixels""]}, {""window_id"": 8, ""grid_rc"": ""2,1"", ""mapped"": true, ""valid_support_pct"": 0.0, ""status"": ""low_valid_support"", ""supported"": false, ""support_reasons"": [""insufficient_valid_pixels""]}, {""window_id"": 9, ""grid_rc"": ""2,2"", ""mapped"": true, ""valid_support_pct"": 0.0, ""status"": ""low_valid_support"", ""supported"": false, ""support_reasons"": [""insufficient_valid_pixels""]}]"
OHRC_PAIR_01__dx-1000m_dy-2000m,OHRC_PAIR_01,-1000,-2000,-200,400,SCREEN_FAIL,1,1,1,0,1,0,False,False,False,True,False,True,2568,1239,3568,4232,11.955,1720.2,-1303.61,2158.36,"[{""window_id"": 1, ""grid_rc"": ""0,0"", ""mapped"": true, ""valid_support_pct"": 0.0, ""status"": ""low_valid_support"", ""supported"": false, ""support_reasons"": [""insufficient_valid_pixels""]}, {""window_id"": 2, ""grid_rc"": ""0,1"", ""mapped"": true, ""valid_support_pct"": 0.0, ""status"": ""low_valid_support"", ""supported"": false, ""support_reasons"": [""insufficient_valid_pixels""]}, {""window_id"": 3, ""grid_rc"": ""0,2"", ""mapped"": true, ""valid_support_pct"": 0.0, ""status"": ""low_valid_support"", ""supported"": false, ""support_reasons"": [""insufficient_valid_pixels""]}, {""window_id"": 4, ""grid_rc"": ""1,0"", ""mapped"": true, ""valid_support_pct"": 100.0, ""ref_global_rect"": [2632, 2696, 2837, 2775], ""intensity_ncc"": -0.1169, ""gradient_ncc"": 0.0121, ""phase_response"": -0.0341, ""phase_shift_px"": [9.44, -19.34], ""fast_src_kps"": 906, ""fast_ref_kps"": 508, ""fast_candidates"": 1, ""fast_status"": ""ok"", ""supported"": false, ""support_reasons"": [], ""status"": ""evaluated""}, {""window_id"": 5, ""grid_rc"": ""1,1"", ""mapped"": true, ""valid_support_pct"": 77.2, ""ref_global_rect"": [2965, 2696, 3171, 2775], ""intensity_ncc"": -0.0246, ""gradient_ncc"": 0.0428, ""phase_response"": 0.0051, ""phase_shift_px"": [-4.01, 49.95], ""fast_src_kps"": 723, ""fast_ref_kps"": 426, ""fast_candidates"": 0, ""fast_status"": ""no_lowes_filtered_matches"", ""supported"": false, ""support_reasons"": [], ""status"": ""evaluated""}, {""window_id"": 6, ""grid_rc"": ""1,2"", ""mapped"": true, ""valid_support_pct"": 100.0, ""ref_global_rect"": [3299, 2696, 3504, 2775], ""intensity_ncc"": 0.0827, ""gradient_ncc"": -0.0006, ""phase_response"": 0.0995, ""phase_shift_px"": [0.28, 2.17], ""fast_src_kps"": 867, ""fast_ref_kps"": 474, ""fast_candidates"": 0, ""fast_status"": ""no_lowes_filtered_matches"", ""supported"": true, ""support_reasons"": [""intensity_ncc=0.083\u22650.08"", ""phase_resp=0.100\u22650.05""], ""status"": ""evaluated""}, {""window_id"": 7, ""grid_rc"": ""2,0"", ""mapped"": true, ""valid_support_pct"": 0.0, ""status"": ""low_valid_support"", ""supported"": false, ""support_reasons"": [""insufficient_valid_pixels""]}, {""window_id"": 8, ""grid_rc"": ""2,1"", ""mapped"": true, ""valid_support_pct"": 0.0, ""status"": ""low_valid_support"", ""supported"": false, ""support_reasons"": [""insufficient_valid_pixels""]}, {""window_id"": 9, ""grid_rc"": ""2,2"", ""mapped"": true, ""valid_support_pct"": 0.0, ""status"": ""low_valid_support"", ""supported"": false, ""support_reasons"": [""insufficient_valid_pixels""]}]"
OHRC_PAIR_01__dx-1000m_dy-1000m,OHRC_PAIR_01,-1000,-1000,-200,200,SCREEN_FAIL,2,2,1,0,2,0,False,False,False,True,False,True,2568,1039,3568,4039,11.982,1720.2,-1303.61,2158.36,"[{""window_id"": 1, ""grid_rc"": ""0,0"", ""mapped"": true, ""valid_support_pct"": 0.0, ""status"": ""low_valid_support"", ""supported"": false, ""support_reasons"": [""insufficient_valid_pixels""]}, {""window_id"": 2, ""grid_rc"": ""0,1"", ""mapped"": true, ""valid_support_pct"": 0.0, ""status"": ""low_valid_support"", ""supported"": false, ""support_reasons"": [""insufficient_valid_pixels""]}, {""window_id"": 3, ""grid_rc"": ""0,2"", ""mapped"": true, ""valid_support_pct"": 0.0, ""status"": ""low_valid_support"", ""supported"": false, ""support_reasons"": [""insufficient_valid_pixels""]}, {""window_id"": 4, ""grid_rc"": ""1,0"", ""mapped"": true, ""valid_support_pct"": 100.0, ""ref_global_rect"": [2632, 2500, 2837, 2578], ""intensity_ncc"": 0.1009, ""gradient_ncc"": -0.0001, ""phase_response"": 0.0994, ""phase_shift_px"": [27.69, 1.69], ""fast_src_kps"": 906, ""fast_ref_kps"": 460, ""fast_candidates"": 1, ""fast_status"": ""ok"", ""supported"": true, ""support_reasons"": [""intensity_ncc=0.101\u22650.08"", ""phase_resp=0.099\u22650.05""], ""status"": ""evaluated""}, {""window_id"": 5, ""grid_rc"": ""1,1"", ""mapped"": true, ""valid_support_pct"": 77.2, ""ref_global_rect"": [2965, 2500, 3171, 2578], ""intensity_ncc"": -0.0308, ""gradient_ncc"": 0.0116, ""phase_response"": 0.112, ""phase_shift_px"": [10.88, 11.22], ""fast_src_kps"": 723, ""fast_ref_kps"": 527, ""fast_candidates"": 0, ""fast_status"": ""no_lowes_filtered_matches"", ""supported"": true, ""support_reasons"": [""phase_resp=0.112\u22650.05""], ""status"": ""evaluated""}, {""window_id"": 6, ""grid_rc"": ""1,2"", ""mapped"": true, ""valid_support_pct"": 100.0, ""ref_global_rect"": [3299, 2500, 3504, 2578], ""intensity_ncc"": 0.0078, ""gradient_ncc"": 0.0348, ""phase_response"": 0.0241, ""phase_shift_px"": [7.38, -5.6], ""fast_src_kps"": 867, ""fast_ref_kps"": 672, ""fast_candidates"": 0, ""fast_status"": ""no_lowes_filtered_matches"", ""supported"": false, ""support_reasons"": [], ""status"": ""evaluated""}, {""window_id"": 7, ""grid_rc"": ""2,0"", ""mapped"": true, ""valid_support_pct"": 0.0, ""status"": ""low_valid_support"", ""supported"": false, ""support_reasons"": [""insufficient_valid_pixels""]}, {""window_id"": 8, ""grid_rc"": ""2,1"", ""mapped"": true, ""valid_support_pct"": 0.0, ""status"": ""low_valid_support"", ""supported"": false, ""support_reasons"": [""insufficient_valid_pixels""]}, {""window_id"": 9, ""grid_rc"": ""2,2"", ""mapped"": true, ""valid_support_pct"": 0.0, ""status"": ""low_valid_support"", ""supported"": false, ""support_reasons"": [""insufficient_valid_pixels""]}]"
OHRC_PAIR_01__dx-1000m_dy+0m,OHRC_PAIR_01,-1000,0,-200,0,SCREEN_FAIL,2,2,1,0,2,0,False,False,False,True,False,True,2568,839,3568,3839,11.982,1720.2,-1303.61,2158.36,"[{""window_id"": 1, ""grid_rc"": ""0,0"", ""mapped"": true, ""valid_support_pct"": 0.0, ""status"": ""low_valid_support"", ""supported"": false, ""support_reasons"": [""insufficient_valid_pixels""]}, {""window_id"": 2, ""grid_rc"": ""0,1"", ""mapped"": true, ""valid_support_pct"": 0.0, ""status"": ""low_valid_support"", ""supported"": false, ""support_reasons"": [""insufficient_valid_pixels""]}, {""window_id"": 3, ""grid_rc"": ""0,2"", ""mapped"": true, ""valid_support_pct"": 0.0, ""status"": ""low_valid_support"", ""supported"": false, ""support_reasons"": [""insufficient_valid_pixels""]}, {""window_id"": 4, ""grid_rc"": ""1,0"", ""mapped"": true, ""valid_support_pct"": 100.0, ""ref_global_rect"": [2632, 2300, 2837, 2378], ""intensity_ncc"": 0.1497, ""gradient_ncc"": 0.0422, ""phase_response"": 0.0769, ""phase_shift_px"": [-4.34, 6.84], ""fast_src_kps"": 906, ""fast_ref_kps"": 595, ""fast_candidates"": 0, ""fast_status"": ""no_lowes_filtered_matches"", ""supported"": true, ""support_reasons"": [""intensity_ncc=0.150\u22650.08"", ""phase_resp=0.077\u22650.05""], ""status"": ""evaluated""}, {""window_id"": 5, ""grid_rc"": ""1,1"", ""mapped"": true, ""valid_support_pct"": 77.2, ""ref_global_rect"": [2965, 2300, 3171, 2378], ""intensity_ncc"": 0.0104, ""gradient_ncc"": 0.0165, ""phase_response"": 0.0324, ""phase_shift_px"": [9.81, 7.37], ""fast_src_kps"": 723, ""fast_ref_kps"": 582, ""fast_candidates"": 0, ""fast_status"": ""no_lowes_filtered_matches"", ""supported"": false, ""support_reasons"": [], ""status"": ""evaluated""}, {""window_id"": 6, ""grid_rc"": ""1,2"", ""mapped"": true, ""valid_support_pct"": 100.0, ""ref_global_rect"": [3299, 2300, 3504, 2378], ""intensity_ncc"": -0.074, ""gradient_ncc"": 0.0162, ""phase_response"": 0.147, ""phase_shift_px"": [-0.29, 6.63], ""fast_src_kps"": 867, ""fast_ref_kps"": 573, ""fast_candidates"": 2, ""fast_status"": ""ok"", ""supported"": true, ""support_reasons"": [""phase_resp=0.147\u22650.05""], ""status"": ""evaluated""}, {""window_id"": 7, ""grid_rc"": ""2,0"", ""mapped"": true, ""valid_support_pct"": 0.0, ""status"": ""low_valid_support"", ""supported"": false, ""support_reasons"": [""insufficient_valid_pixels""]}, {""window_id"": 8, ""grid_rc"": ""2,1"", ""mapped"": true, ""valid_support_pct"": 0.0, ""status"": ""low_valid_support"", ""supported"": false, ""support_reasons"": [""insufficient_valid_pixels""]}, {""window_id"": 9, ""grid_rc"": ""2,2"", ""mapped"": true, ""valid_support_pct"": 0.0, ""status"": ""low_valid_support"", ""supported"": false, ""support_reasons"": [""insufficient_valid_pixels""]}]"
OHRC_PAIR_01__dx-1000m_dy+1000m,OHRC_PAIR_01,-1000,1000,-200,-200,SCREEN_FAIL,3,3,1,0,2,0,False,True,True,True,False,True,2568,639,3568,3639,11.982,1720.2,-1303.61,2158.36,"[{""window_id"": 1, ""grid_rc"": ""0,0"", ""mapped"": true, ""valid_support_pct"": 0.0, ""status"": ""low_valid_support"", ""supported"": false, ""support_reasons"": [""insufficient_valid_pixels""]}, {""window_id"": 2, ""grid_rc"": ""0,1"", ""mapped"": true, ""valid_support_pct"": 0.0, ""status"": ""low_valid_support"", ""supported"": false, ""support_reasons"": [""insufficient_valid_pixels""]}, {""window_id"": 3, ""grid_rc"": ""0,2"", ""mapped"": true, ""valid_support_pct"": 0.0, ""status"": ""low_valid_support"", ""supported"": false, ""support_reasons"": [""insufficient_valid_pixels""]}, {""window_id"": 4, ""grid_rc"": ""1,0"", ""mapped"": true, ""valid_support_pct"": 100.0, ""ref_global_rect"": [2632, 2100, 2837, 2178], ""intensity_ncc"": -0.2475, ""gradient_ncc"": 0.0398, ""phase_response"": 0.0847, ""phase_shift_px"": [18.55, -24.6], ""fast_src_kps"": 906, ""fast_ref_kps"": 495, ""fast_candidates"": 0, ""fast_status"": ""no_lowes_filtered_matches"", ""supported"": true, ""support_reasons"": [""phase_resp=0.085\u22650.05""], ""status"": ""evaluated""}, {""window_id"": 5, ""grid_rc"": ""1,1"", ""mapped"": true, ""valid_support_pct"": 77.2, ""ref_global_rect"": [2965, 2100, 3171, 2178], ""intensity_ncc"": 0.0857, ""gradient_ncc"": 0.0257, ""phase_response"": 0.0363, ""phase_shift_px"": [-23.14, -13.94], ""fast_src_kps"": 723, ""fast_ref_kps"": 585, ""fast_candidates"": 0, ""fast_status"": ""no_lowes_filtered_matches"", ""supported"": true, ""support_reasons"": [""intensity_ncc=0.086\u22650.08""], ""status"": ""evaluated""}, {""window_id"": 6, ""grid_rc"": ""1,2"", ""mapped"": true, ""valid_support_pct"": 100.0, ""ref_global_rect"": [3299, 2100, 3504, 2178], ""intensity_ncc"": 0.0763, ""gradient_ncc"": -0.0027, ""phase_response"": 0.1103, ""phase_shift_px"": [-33.87, 8.36], ""fast_src_kps"": 867, ""fast_ref_kps"": 710, ""fast_candidates"": 0, ""fast_status"": ""no_lowes_filtered_matches"", ""supported"": true, ""support_reasons"": [""phase_resp=0.110\u22650.05""], ""status"": ""evaluated""}, {""window_id"": 7, ""grid_rc"": ""2,0"", ""mapped"": true, ""valid_support_pct"": 0.0, ""status"": ""low_valid_support"", ""supported"": false, ""support_reasons"": [""insufficient_valid_pixels""]}, {""window_id"": 8, ""grid_rc"": ""2,1"", ""mapped"": true, ""valid_support_pct"": 0.0, ""status"": ""low_valid_support"", ""supported"": false, ""support_reasons"": [""insufficient_valid_pixels""]}, {""window_id"": 9, ""grid_rc"": ""2,2"", ""mapped"": true, ""valid_support_pct"": 0.0, ""status"": ""low_valid_support"", ""supported"": false, ""support_reasons"": [""insufficient_valid_pixels""]}]"
OHRC_PAIR_01__dx-1000m_dy+2000m,OHRC_PAIR_01,-1000,2000,-200,-400,SCREEN_FAIL,3,3,2,0,2,0,False,True,True,True,False,True,2568,439,3568,3439,11.982,1720.2,-1303.61,2158.36,"[{""window_id"": 1, ""grid_rc"": ""0,0"", ""mapped"": true, ""valid_support_pct"": 0.0, ""status"": ""low_valid_support"", ""supported"": false, ""support_reasons"": [""insufficient_valid_pixels""]}, {""window_id"": 2, ""grid_rc"": ""0,1"", ""mapped"": true, ""valid_support_pct"": 0.0, ""status"": ""low_valid_support"", ""supported"": false, ""support_reasons"": [""insufficient_valid_pixels""]}, {""window_id"": 3, ""grid_rc"": ""0,2"", ""mapped"": true, ""valid_support_pct"": 0.0, ""status"": ""low_valid_support"", ""supported"": false, ""support_reasons"": [""insufficient_valid_pixels""]}, {""window_id"": 4, ""grid_rc"": ""1,0"", ""mapped"": true, ""valid_support_pct"": 100.0, ""ref_global_rect"": [2632, 1900, 2837, 1978], ""intensity_ncc"": 0.3421, ""gradient_ncc"": 0.0339, ""phase_response"": 0.0848, ""phase_shift_px"": [-6.63, -2.78], ""fast_src_kps"": 906, ""fast_ref_kps"": 559, ""fast_candidates"": 0, ""fast_status"": ""no_lowes_filtered_matches"", ""supported"": true, ""support_reasons"": [""intensity_ncc=0.342\u22650.08"", ""phase_resp=0.085\u22650.05""], ""status"": ""evaluated""}, {""window_id"": 5, ""grid_rc"": ""1,1"", ""mapped"": true, ""valid_support_pct"": 77.2, ""ref_global_rect"": [2965, 1900, 3171, 1978], ""intensity_ncc"": -0.002, ""gradient_ncc"": 0.0209, ""phase_response"": 0.124, ""phase_shift_px"": [-4.54, 0.9], ""fast_src_kps"": 723, ""fast_ref_kps"": 141, ""fast_candidates"": 1, ""fast_status"": ""ok"", ""supported"": true, ""support_reasons"": [""phase_resp=0.124\u22650.05""], ""status"": ""evaluated""}, {""window_id"": 6, ""grid_rc"": ""1,2"", ""mapped"": true, ""valid_support_pct"": 100.0, ""ref_global_rect"": [3299, 1900, 3504, 1978], ""intensity_ncc"": 0.1716, ""gradient_ncc"": -0.0035, ""phase_response"": -0.0106, ""phase_shift_px"": [-16.78, 41.66], ""fast_src_kps"": 867, ""fast_ref_kps"": 684, ""fast_candidates"": 0, ""fast_status"": ""no_lowes_filtered_matches"", ""supported"": true, ""support_reasons"": [""intensity_ncc=0.172\u22650.08""], ""status"": ""evaluated""}, {""window_id"": 7, ""grid_rc"": ""2,0"", ""mapped"": true, ""valid_support_pct"": 0.0, ""status"": ""low_valid_support"", ""supported"": false, ""support_reasons"": [""insufficient_valid_pixels""]}, {""window_id"": 8, ""grid_rc"": ""2,1"", ""mapped"": true, ""valid_support_pct"": 0.0, ""status"": ""low_valid_support"", ""supported"": false, ""support_reasons"": [""insufficient_valid_pixels""]}, {""window_id"": 9, ""grid_rc"": ""2,2"", ""mapped"": true, ""valid_support_pct"": 0.0, ""status"": ""low_valid_support"", ""supported"": false, ""support_reasons"": [""insufficient_valid_pixels""]}]"
OHRC_PAIR_01__dx-1000m_dy+3000m,OHRC_PAIR_01,-1000,3000,-200,-600,SCREEN_FAIL,3,3,2,0,2,0,False,True,True,True,False,True,2568,239,3568,3239,11.982,1720.2,-1303.61,2158.36,"[{""window_id"": 1, ""grid_rc"": ""0,0"", ""mapped"": true, ""valid_support_pct"": 0.0, ""status"": ""low_valid_support"", ""supported"": false, ""support_reasons"": [""insufficient_valid_pixels""]}, {""window_id"": 2, ""grid_rc"": ""0,1"", ""mapped"": true, ""valid_support_pct"": 0.0, ""status"": ""low_valid_support"", ""supported"": false, ""support_reasons"": [""insufficient_valid_pixels""]}, {""window_id"": 3, ""grid_rc"": ""0,2"", ""mapped"": true, ""valid_support_pct"": 0.0, ""status"": ""low_valid_support"", ""supported"": false, ""support_reasons"": [""insufficient_valid_pixels""]}, {""window_id"": 4, ""grid_rc"": ""1,0"", ""mapped"": true, ""valid_support_pct"": 100.0, ""ref_global_rect"": [2632, 1700, 2837, 1778], ""intensity_ncc"": 0.3687, ""gradient_ncc"": 0.0231, ""phase_response"": 0.0403, ""phase_shift_px"": [1.64, -1.16], ""fast_src_kps"": 906, ""fast_ref_kps"": 328, ""fast_candidates"": 0, ""fast_status"": ""no_lowes_filtered_matches"", ""supported"": true, ""support_reasons"": [""intensity_ncc=0.369\u22650.08""], ""status"": ""evaluated""}, {""window_id"": 5, ""grid_rc"": ""1,1"", ""mapped"": true, ""valid_support_pct"": 77.2, ""ref_global_rect"": [2965, 1700, 3171, 1778], ""intensity_ncc"": -0.0066, ""gradient_ncc"": 0.0019, ""phase_response"": 0.1221, ""phase_shift_px"": [-16.41, 2.38], ""fast_src_kps"": 723, ""fast_ref_kps"": 498, ""fast_candidates"": 0, ""fast_status"": ""no_lowes_filtered_matches"", ""supported"": true, ""support_reasons"": [""phase_resp=0.122\u22650.05""], ""status"": ""evaluated""}, {""window_id"": 6, ""grid_rc"": ""1,2"", ""mapped"": true, ""valid_support_pct"": 100.0, ""ref_global_rect"": [3299, 1700, 3504, 1778], ""intensity_ncc"": 0.2368, ""gradient_ncc"": 0.0018, ""phase_response"": 0.1134, ""phase_shift_px"": [-4.71, 8.35], ""fast_src_kps"": 867, ""fast_ref_kps"": 550, ""fast_candidates"": 0, ""fast_status"": ""no_lowes_filtered_matches"", ""supported"": true, ""support_reasons"": [""intensity_ncc=0.237\u22650.08"", ""phase_resp=0.113\u22650.05""], ""status"": ""evaluated""}, {""window_id"": 7, ""grid_rc"": ""2,0"", ""mapped"": true, ""valid_support_pct"": 0.0, ""status"": ""low_valid_support"", ""supported"": false, ""support_reasons"": [""insufficient_valid_pixels""]}, {""window_id"": 8, ""grid_rc"": ""2,1"", ""mapped"": true, ""valid_support_pct"": 0.0, ""status"": ""low_valid_support"", ""supported"": false, ""support_reasons"": [""insufficient_valid_pixels""]}, {""window_id"": 9, ""grid_rc"": ""2,2"", ""mapped"": true, ""valid_support_pct"": 0.0, ""status"": ""low_valid_support"", ""supported"": false, ""support_reasons"": [""insufficient_valid_pixels""]}]"
OHRC_PAIR_01__dx+0m_dy-3000m,OHRC_PAIR_01,0,-3000,0,600,SCREEN_FAIL,1,1,1,0,0,0,False,False,False,False,False,True,2768,1439,3768,4232,11.156,1720.2,-1303.61,2158.36,"[{""window_id"": 1, ""grid_rc"": ""0,0"", ""mapped"": true, ""valid_support_pct"": 0.0, ""status"": ""low_valid_support"", ""supported"": false, ""support_reasons"": [""insufficient_valid_pixels""]}, {""window_id"": 2, ""grid_rc"": ""0,1"", ""mapped"": true, ""valid_support_pct"": 0.0, ""status"": ""low_valid_support"", ""supported"": false, ""support_reasons"": [""insufficient_valid_pixels""]}, {""window_id"": 3, ""grid_rc"": ""0,2"", ""mapped"": true, ""valid_support_pct"": 0.0, ""status"": ""low_valid_support"", ""supported"": false, ""support_reasons"": [""insufficient_valid_pixels""]}, {""window_id"": 4, ""grid_rc"": ""1,0"", ""mapped"": true, ""valid_support_pct"": 100.0, ""ref_global_rect"": [2832, 2799, 3037, 2872], ""intensity_ncc"": 0.1307, ""gradient_ncc"": 0.0034, ""phase_response"": 0.0075, ""phase_shift_px"": [55.44, 11.34], ""fast_src_kps"": 906, ""fast_ref_kps"": 514, ""fast_candidates"": 0, ""fast_status"": ""no_lowes_filtered_matches"", ""supported"": true, ""support_reasons"": [""intensity_ncc=0.131\u22650.08""], ""status"": ""evaluated""}, {""window_id"": 5, ""grid_rc"": ""1,1"", ""mapped"": true, ""valid_support_pct"": 77.2, ""ref_global_rect"": [3165, 2799, 3371, 2872], ""intensity_ncc"": -0.0114, ""gradient_ncc"": 0.0346, ""phase_response"": 0.0268, ""phase_shift_px"": [9.47, -9.69], ""fast_src_kps"": 723, ""fast_ref_kps"": 485, ""fast_candidates"": 0, ""fast_status"": ""no_lowes_filtered_matches"", ""supported"": false, ""support_reasons"": [], ""status"": ""evaluated""}, {""window_id"": 6, ""grid_rc"": ""1,2"", ""mapped"": true, ""valid_support_pct"": 100.0, ""ref_global_rect"": [3499, 2799, 3704, 2872], ""intensity_ncc"": -0.0081, ""gradient_ncc"": 0.0321, ""phase_response"": 0.0172, ""phase_shift_px"": [-17.39, -13.41], ""fast_src_kps"": 867, ""fast_ref_kps"": 496, ""fast_candidates"": 0, ""fast_status"": ""no_lowes_filtered_matches"", ""supported"": false, ""support_reasons"": [], ""status"": ""evaluated""}, {""window_id"": 7, ""grid_rc"": ""2,0"", ""mapped"": true, ""valid_support_pct"": 0.0, ""status"": ""low_valid_support"", ""supported"": false, ""support_reasons"": [""insufficient_valid_pixels""]}, {""window_id"": 8, ""grid_rc"": ""2,1"", ""mapped"": true, ""valid_support_pct"": 0.0, ""status"": ""low_valid_support"", ""supported"": false, ""support_reasons"": [""insufficient_valid_pixels""]}, {""window_id"": 9, ""grid_rc"": ""2,2"", ""mapped"": true, ""valid_support_pct"": 0.0, ""status"": ""low_valid_support"", ""supported"": false, ""support_reasons"": [""insufficient_valid_pixels""]}]"
OHRC_PAIR_01__dx+0m_dy-2000m,OHRC_PAIR_01,0,-2000,0,400,SCREEN_FAIL,1,1,0,0,1,0,False,False,False,True,False,True,2768,1239,3768,4232,11.955,1720.2,-1303.61,2158.36,"[{""window_id"": 1, ""grid_rc"": ""0,0"", ""mapped"": true, ""valid_support_pct"": 0.0, ""status"": ""low_valid_support"", ""supported"": false, ""support_reasons"": [""insufficient_valid_pixels""]}, {""window_id"": 2, ""grid_rc"": ""0,1"", ""mapped"": true, ""valid_support_pct"": 0.0, ""status"": ""low_valid_support"", ""supported"": false, ""support_reasons"": [""insufficient_valid_pixels""]}, {""window_id"": 3, ""grid_rc"": ""0,2"", ""mapped"": true, ""valid_support_pct"": 0.0, ""status"": ""low_valid_support"", ""supported"": false, ""support_reasons"": [""insufficient_valid_pixels""]}, {""window_id"": 4, ""grid_rc"": ""1,0"", ""mapped"": true, ""valid_support_pct"": 100.0, ""ref_global_rect"": [2832, 2696, 3037, 2775], ""intensity_ncc"": 0.0562, ""gradient_ncc"": 0.026, ""phase_response"": 0.0393, ""phase_shift_px"": [-6.88, -19.2], ""fast_src_kps"": 906, ""fast_ref_kps"": 478, ""fast_candidates"": 0, ""fast_status"": ""no_lowes_filtered_matches"", ""supported"": false, ""support_reasons"": [], ""status"": ""evaluated""}, {""window_id"": 5, ""grid_rc"": ""1,1"", ""mapped"": true, ""valid_support_pct"": 77.2, ""ref_global_rect"": [3165, 2696, 3371, 2775], ""intensity_ncc"": 0.0415, ""gradient_ncc"": 0.0259, ""phase_response"": 0.0966, ""phase_shift_px"": [-5.78, -21.04], ""fast_src_kps"": 723, ""fast_ref_kps"": 471, ""fast_candidates"": 0, ""fast_status"": ""no_lowes_filtered_matches"", ""supported"": true, ""support_reasons"": [""phase_resp=0.097\u22650.05""], ""status"": ""evaluated""}, {""window_id"": 6, ""grid_rc"": ""1,2"", ""mapped"": true, ""valid_support_pct"": 100.0, ""ref_global_rect"": [3499, 2696, 3704, 2775], ""intensity_ncc"": 0.0047, ""gradient_ncc"": 0.0159, ""phase_response"": 0.0167, ""phase_shift_px"": [-10.47, 28.55], ""fast_src_kps"": 867, ""fast_ref_kps"": 519, ""fast_candidates"": 2, ""fast_status"": ""ok"", ""supported"": false, ""support_reasons"": [], ""status"": ""evaluated""}, {""window_id"": 7, ""grid_rc"": ""2,0"", ""mapped"": true, ""valid_support_pct"": 0.0, ""status"": ""low_valid_support"", ""supported"": false, ""support_reasons"": [""insufficient_valid_pixels""]}, {""window_id"": 8, ""grid_rc"": ""2,1"", ""mapped"": true, ""valid_support_pct"": 0.0, ""status"": ""low_valid_support"", ""supported"": false, ""support_reasons"": [""insufficient_valid_pixels""]}, {""window_id"": 9, ""grid_rc"": ""2,2"", ""mapped"": true, ""valid_support_pct"": 0.0, ""status"": ""low_valid_support"", ""supported"": false, ""support_reasons"": [""insufficient_valid_pixels""]}]"
OHRC_PAIR_01__dx+0m_dy-1000m,OHRC_PAIR_01,0,-1000,0,200,SCREEN_FAIL,2,2,0,0,2,0,False,False,False,True,False,True,2768,1039,3768,4039,11.982,1720.2,-1303.61,2158.36,"[{""window_id"": 1, ""grid_rc"": ""0,0"", ""mapped"": true, ""valid_support_pct"": 0.0, ""status"": ""low_valid_support"", ""supported"": false, ""support_reasons"": [""insufficient_valid_pixels""]}, {""window_id"": 2, ""grid_rc"": ""0,1"", ""mapped"": true, ""valid_support_pct"": 0.0, ""status"": ""low_valid_support"", ""supported"": false, ""support_reasons"": [""insufficient_valid_pixels""]}, {""window_id"": 3, ""grid_rc"": ""0,2"", ""mapped"": true, ""valid_support_pct"": 0.0, ""status"": ""low_valid_support"", ""supported"": false, ""support_reasons"": [""insufficient_valid_pixels""]}, {""window_id"": 4, ""grid_rc"": ""1,0"", ""mapped"": true, ""valid_support_pct"": 100.0, ""ref_global_rect"": [2832, 2500, 3037, 2578], ""intensity_ncc"": -0.0191, ""gradient_ncc"": 0.0178, ""phase_response"": 0.0542, ""phase_shift_px"": [-6.16, 0.61], ""fast_src_kps"": 906, ""fast_ref_kps"": 440, ""fast_candidates"": 0, ""fast_status"": ""no_lowes_filtered_matches"", ""supported"": true, ""support_reasons"": [""phase_resp=0.054\u22650.05""], ""status"": ""evaluated""}, {""window_id"": 5, ""grid_rc"": ""1,1"", ""mapped"": true, ""valid_support_pct"": 77.2, ""ref_global_rect"": [3165, 2500, 3371, 2578], ""intensity_ncc"": 0.0587, ""gradient_ncc"": -0.0264, ""phase_response"": 0.1035, ""phase_shift_px"": [14.98, 11.74], ""fast_src_kps"": 723, ""fast_ref_kps"": 556, ""fast_candidates"": 0, ""fast_status"": ""no_lowes_filtered_matches"", ""supported"": true, ""support_reasons"": [""phase_resp=0.103\u22650.05""], ""status"": ""evaluated""}, {""window_id"": 6, ""grid_rc"": ""1,2"", ""mapped"": true, ""valid_support_pct"": 100.0, ""ref_global_rect"": [3499, 2500, 3704, 2578], ""intensity_ncc"": 0.0016, ""gradient_ncc"": 0.0059, ""phase_response"": 0.032, ""phase_shift_px"": [-16.55, -6.28], ""fast_src_kps"": 867, ""fast_ref_kps"": 556, ""fast_candidates"": 1, ""fast_status"": ""ok"", ""supported"": false, ""support_reasons"": [], ""status"": ""evaluated""}, {""window_id"": 7, ""grid_rc"": ""2,0"", ""mapped"": true, ""valid_support_pct"": 0.0, ""status"": ""low_valid_support"", ""supported"": false, ""support_reasons"": [""insufficient_valid_pixels""]}, {""window_id"": 8, ""grid_rc"": ""2,1"", ""mapped"": true, ""valid_support_pct"": 0.0, ""status"": ""low_valid_support"", ""supported"": false, ""support_reasons"": [""insufficient_valid_pixels""]}, {""window_id"": 9, ""grid_rc"": ""2,2"", ""mapped"": true, ""valid_support_pct"": 0.0, ""status"": ""low_valid_support"", ""supported"": false, ""support_reasons"": [""insufficient_valid_pixels""]}]"
OHRC_PAIR_01__dx+0m_dy+0m,OHRC_PAIR_01,0,0,0,0,SCREEN_FAIL,3,3,1,0,2,0,False,True,True,True,False,True,2768,839,3768,3839,11.982,1720.2,-1303.61,2158.36,"[{""window_id"": 1, ""grid_rc"": ""0,0"", ""mapped"": true, ""valid_support_pct"": 0.0, ""status"": ""low_valid_support"", ""supported"": false, ""support_reasons"": [""insufficient_valid_pixels""]}, {""window_id"": 2, ""grid_rc"": ""0,1"", ""mapped"": true, ""valid_support_pct"": 0.0, ""status"": ""low_valid_support"", ""supported"": false, ""support_reasons"": [""insufficient_valid_pixels""]}, {""window_id"": 3, ""grid_rc"": ""0,2"", ""mapped"": true, ""valid_support_pct"": 0.0, ""status"": ""low_valid_support"", ""supported"": false, ""support_reasons"": [""insufficient_valid_pixels""]}, {""window_id"": 4, ""grid_rc"": ""1,0"", ""mapped"": true, ""valid_support_pct"": 100.0, ""ref_global_rect"": [2832, 2300, 3037, 2378], ""intensity_ncc"": 0.0502, ""gradient_ncc"": 0.0253, ""phase_response"": 0.0775, ""phase_shift_px"": [1.53, -2.84], ""fast_src_kps"": 906, ""fast_ref_kps"": 452, ""fast_candidates"": 0, ""fast_status"": ""no_lowes_filtered_matches"", ""supported"": true, ""support_reasons"": [""phase_resp=0.077\u22650.05""], ""status"": ""evaluated""}, {""window_id"": 5, ""grid_rc"": ""1,1"", ""mapped"": true, ""valid_support_pct"": 77.2, ""ref_global_rect"": [3165, 2300, 3371, 2378], ""intensity_ncc"": -0.0185, ""gradient_ncc"": -0.003, ""phase_response"": 0.0605, ""phase_shift_px"": [13.03, -14.38], ""fast_src_kps"": 723, ""fast_ref_kps"": 678, ""fast_candidates"": 1, ""fast_status"": ""ok"", ""supported"": true, ""support_reasons"": [""phase_resp=0.060\u22650.05""], ""status"": ""evaluated""}, {""window_id"": 6, ""grid_rc"": ""1,2"", ""mapped"": true, ""valid_support_pct"": 100.0, ""ref_global_rect"": [3499, 2300, 3704, 2378], ""intensity_ncc"": 0.1151, ""gradient_ncc"": -0.0012, ""phase_response"": -0.0029, ""phase_shift_px"": [-45.0, -41.99], ""fast_src_kps"": 867, ""fast_ref_kps"": 589, ""fast_candidates"": 0, ""fast_status"": ""no_lowes_filtered_matches"", ""supported"": true, ""support_reasons"": [""intensity_ncc=0.115\u22650.08""], ""status"": ""evaluated""}, {""window_id"": 7, ""grid_rc"": ""2,0"", ""mapped"": true, ""valid_support_pct"": 0.0, ""status"": ""low_valid_support"", ""supported"": false, ""support_reasons"": [""insufficient_valid_pixels""]}, {""window_id"": 8, ""grid_rc"": ""2,1"", ""mapped"": true, ""valid_support_pct"": 0.0, ""status"": ""low_valid_support"", ""supported"": false, ""support_reasons"": [""insufficient_valid_pixels""]}, {""window_id"": 9, ""grid_rc"": ""2,2"", ""mapped"": true, ""valid_support_pct"": 0.0, ""status"": ""low_valid_support"", ""supported"": false, ""support_reasons"": [""insufficient_valid_pixels""]}]"
OHRC_PAIR_01__dx+0m_dy+1000m,OHRC_PAIR_01,0,1000,0,-200,SCREEN_FAIL,3,3,2,0,3,0,False,True,True,True,False,True,2768,639,3768,3639,11.982,1720.2,-1303.61,2158.36,"[{""window_id"": 1, ""grid_rc"": ""0,0"", ""mapped"": true, ""valid_support_pct"": 0.0, ""status"": ""low_valid_support"", ""supported"": false, ""support_reasons"": [""insufficient_valid_pixels""]}, {""window_id"": 2, ""grid_rc"": ""0,1"", ""mapped"": true, ""valid_support_pct"": 0.0, ""status"": ""low_valid_support"", ""supported"": false, ""support_reasons"": [""insufficient_valid_pixels""]}, {""window_id"": 3, ""grid_rc"": ""0,2"", ""mapped"": true, ""valid_support_pct"": 0.0, ""status"": ""low_valid_support"", ""supported"": false, ""support_reasons"": [""insufficient_valid_pixels""]}, {""window_id"": 4, ""grid_rc"": ""1,0"", ""mapped"": true, ""valid_support_pct"": 100.0, ""ref_global_rect"": [2832, 2100, 3037, 2178], ""intensity_ncc"": 0.2151, ""gradient_ncc"": -0.0217, ""phase_response"": 0.1386, ""phase_shift_px"": [13.58, -13.03], ""fast_src_kps"": 906, ""fast_ref_kps"": 533, ""fast_candidates"": 0, ""fast_status"": ""no_lowes_filtered_matches"", ""supported"": true, ""support_reasons"": [""intensity_ncc=0.215\u22650.08"", ""phase_resp=0.139\u22650.05""], ""status"": ""evaluated""}, {""window_id"": 5, ""grid_rc"": ""1,1"", ""mapped"": true, ""valid_support_pct"": 77.2, ""ref_global_rect"": [3165, 2100, 3371, 2178], ""intensity_ncc"": -0.0013, ""gradient_ncc"": -0.0067, ""phase_response"": 0.0564, ""phase_shift_px"": [1.21, 5.31], ""fast_src_kps"": 723, ""fast_ref_kps"": 748, ""fast_candidates"": 0, ""fast_status"": ""no_lowes_filtered_matches"", ""supported"": true, ""support_reasons"": [""phase_resp=0.056\u22650.05""], ""status"": ""evaluated""}, {""window_id"": 6, ""grid_rc"": ""1,2"", ""mapped"": true, ""valid_support_pct"": 100.0, ""ref_global_rect"": [3499, 2100, 3704, 2178], ""intensity_ncc"": 0.1137, ""gradient_ncc"": 0.0175, ""phase_response"": 0.0814, ""phase_shift_px"": [18.76, 0.49], ""fast_src_kps"": 867, ""fast_ref_kps"": 571, ""fast_candidates"": 0, ""fast_status"": ""no_lowes_filtered_matches"", ""supported"": true, ""support_reasons"": [""intensity_ncc=0.114\u22650.08"", ""phase_resp=0.081\u22650.05""], ""status"": ""evaluated""}, {""window_id"": 7, ""grid_rc"": ""2,0"", ""mapped"": true, ""valid_support_pct"": 0.0, ""status"": ""low_valid_support"", ""supported"": false, ""support_reasons"": [""insufficient_valid_pixels""]}, {""window_id"": 8, ""grid_rc"": ""2,1"", ""mapped"": true, ""valid_support_pct"": 0.0, ""status"": ""low_valid_support"", ""supported"": false, ""support_reasons"": [""insufficient_valid_pixels""]}, {""window_id"": 9, ""grid_rc"": ""2,2"", ""mapped"": true, ""valid_support_pct"": 0.0, ""status"": ""low_valid_support"", ""supported"": false, ""support_reasons"": [""insufficient_valid_pixels""]}]"
OHRC_PAIR_01__dx+0m_dy+2000m,OHRC_PAIR_01,0,2000,0,-400,SCREEN_FAIL,2,2,2,0,0,0,False,False,False,False,False,True,2768,439,3768,3439,11.982,1720.2,-1303.61,2158.36,"[{""window_id"": 1, ""grid_rc"": ""0,0"", ""mapped"": true, ""valid_support_pct"": 0.0, ""status"": ""low_valid_support"", ""supported"": false, ""support_reasons"": [""insufficient_valid_pixels""]}, {""window_id"": 2, ""grid_rc"": ""0,1"", ""mapped"": true, ""valid_support_pct"": 0.0, ""status"": ""low_valid_support"", ""supported"": false, ""support_reasons"": [""insufficient_valid_pixels""]}, {""window_id"": 3, ""grid_rc"": ""0,2"", ""mapped"": true, ""valid_support_pct"": 0.0, ""status"": ""low_valid_support"", ""supported"": false, ""support_reasons"": [""insufficient_valid_pixels""]}, {""window_id"": 4, ""grid_rc"": ""1,0"", ""mapped"": true, ""valid_support_pct"": 100.0, ""ref_global_rect"": [2832, 1900, 3037, 1978], ""intensity_ncc"": 0.2062, ""gradient_ncc"": 0.021, ""phase_response"": -0.0047, ""phase_shift_px"": [13.23, 27.5], ""fast_src_kps"": 906, ""fast_ref_kps"": 249, ""fast_candidates"": 0, ""fast_status"": ""no_lowes_filtered_matches"", ""supported"": true, ""support_reasons"": [""intensity_ncc=0.206\u22650.08""], ""status"": ""evaluated""}, {""window_id"": 5, ""grid_rc"": ""1,1"", ""mapped"": true, ""valid_support_pct"": 77.2, ""ref_global_rect"": [3165, 1900, 3371, 1978], ""intensity_ncc"": -0.047, ""gradient_ncc"": -0.0561, ""phase_response"": 0.013, ""phase_shift_px"": [0.79, 9.71], ""fast_src_kps"": 723, ""fast_ref_kps"": 504, ""fast_candidates"": 1, ""fast_status"": ""ok"", ""supported"": false, ""support_reasons"": [], ""status"": ""evaluated""}, {""window_id"": 6, ""grid_rc"": ""1,2"", ""mapped"": true, ""valid_support_pct"": 100.0, ""ref_global_rect"": [3499, 1900, 3704, 1978], ""intensity_ncc"": 0.1027, ""gradient_ncc"": 0.0114, ""phase_response"": 0.0039, ""phase_shift_px"": [-33.97, -17.3], ""fast_src_kps"": 867, ""fast_ref_kps"": 617, ""fast_candidates"": 1, ""fast_status"": ""ok"", ""supported"": true, ""support_reasons"": [""intensity_ncc=0.103\u22650.08""], ""status"": ""evaluated""}, {""window_id"": 7, ""grid_rc"": ""2,0"", ""mapped"": true, ""valid_support_pct"": 0.0, ""status"": ""low_valid_support"", ""supported"": false, ""support_reasons"": [""insufficient_valid_pixels""]}, {""window_id"": 8, ""grid_rc"": ""2,1"", ""mapped"": true, ""valid_support_pct"": 0.0, ""status"": ""low_valid_support"", ""supported"": false, ""support_reasons"": [""insufficient_valid_pixels""]}, {""window_id"": 9, ""grid_rc"": ""2,2"", ""mapped"": true, ""valid_support_pct"": 0.0, ""status"": ""low_valid_support"", ""supported"": false, ""support_reasons"": [""insufficient_valid_pixels""]}]"
OHRC_PAIR_01__dx+0m_dy+3000m,OHRC_PAIR_01,0,3000,0,-600,INSUFFICIENT_SUPPORT,0,0,0,0,0,0,False,False,False,False,False,True,2768,239,3768,3239,11.982,1720.2,-1303.61,2158.36,"[{""window_id"": 1, ""grid_rc"": ""0,0"", ""mapped"": true, ""valid_support_pct"": 0.0, ""status"": ""low_valid_support"", ""supported"": false, ""support_reasons"": [""insufficient_valid_pixels""]}, {""window_id"": 2, ""grid_rc"": ""0,1"", ""mapped"": true, ""valid_support_pct"": 0.0, ""status"": ""low_valid_support"", ""supported"": false, ""support_reasons"": [""insufficient_valid_pixels""]}, {""window_id"": 3, ""grid_rc"": ""0,2"", ""mapped"": true, ""valid_support_pct"": 0.0, ""status"": ""low_valid_support"", ""supported"": false, ""support_reasons"": [""insufficient_valid_pixels""]}, {""window_id"": 4, ""grid_rc"": ""1,0"", ""mapped"": true, ""valid_support_pct"": 100.0, ""ref_global_rect"": [2832, 1700, 3037, 1778], ""intensity_ncc"": 0.0664, ""gradient_ncc"": -0.0143, ""phase_response"": 0.0451, ""phase_shift_px"": [36.0, 22.72], ""fast_src_kps"": 906, ""fast_ref_kps"": 14, ""fast_candidates"": 0, ""fast_status"": ""no_lowes_filtered_matches"", ""supported"": false, ""support_reasons"": [], ""status"": ""evaluated""}, {""window_id"": 5, ""grid_rc"": ""1,1"", ""mapped"": true, ""valid_support_pct"": 77.2, ""ref_global_rect"": [3165, 1700, 3371, 1778], ""intensity_ncc"": -0.0543, ""gradient_ncc"": -0.0413, ""phase_response"": 0.0439, ""phase_shift_px"": [28.46, -2.45], ""fast_src_kps"": 723, ""fast_ref_kps"": 232, ""fast_candidates"": 0, ""fast_status"": ""no_lowes_filtered_matches"", ""supported"": false, ""support_reasons"": [], ""status"": ""evaluated""}, {""window_id"": 6, ""grid_rc"": ""1,2"", ""mapped"": true, ""valid_support_pct"": 100.0, ""ref_global_rect"": [3499, 1700, 3704, 1778], ""intensity_ncc"": -0.0417, ""gradient_ncc"": -0.0177, ""phase_response"": 0.0471, ""phase_shift_px"": [-16.98, 7.97], ""fast_src_kps"": 867, ""fast_ref_kps"": 710, ""fast_candidates"": 0, ""fast_status"": ""no_lowes_filtered_matches"", ""supported"": false, ""support_reasons"": [], ""status"": ""evaluated""}, {""window_id"": 7, ""grid_rc"": ""2,0"", ""mapped"": true, ""valid_support_pct"": 0.0, ""status"": ""low_valid_support"", ""supported"": false, ""support_reasons"": [""insufficient_valid_pixels""]}, {""window_id"": 8, ""grid_rc"": ""2,1"", ""mapped"": true, ""valid_support_pct"": 0.0, ""status"": ""low_valid_support"", ""supported"": false, ""support_reasons"": [""insufficient_valid_pixels""]}, {""window_id"": 9, ""grid_rc"": ""2,2"", ""mapped"": true, ""valid_support_pct"": 0.0, ""status"": ""low_valid_support"", ""supported"": false, ""support_reasons"": [""insufficient_valid_pixels""]}]"
OHRC_PAIR_01__dx+1000m_dy-3000m,OHRC_PAIR_01,1000,-3000,200,600,SCREEN_FAIL,2,2,1,0,2,0,False,False,False,True,False,True,2968,1439,3968,4232,11.156,1720.2,-1303.61,2158.36,"[{""window_id"": 1, ""grid_rc"": ""0,0"", ""mapped"": true, ""valid_support_pct"": 0.0, ""status"": ""low_valid_support"", ""supported"": false, ""support_reasons"": [""insufficient_valid_pixels""]}, {""window_id"": 2, ""grid_rc"": ""0,1"", ""mapped"": true, ""valid_support_pct"": 0.0, ""status"": ""low_valid_support"", ""supported"": false, ""support_reasons"": [""insufficient_valid_pixels""]}, {""window_id"": 3, ""grid_rc"": ""0,2"", ""mapped"": true, ""valid_support_pct"": 0.0, ""status"": ""low_valid_support"", ""supported"": false, ""support_reasons"": [""insufficient_valid_pixels""]}, {""window_id"": 4, ""grid_rc"": ""1,0"", ""mapped"": true, ""valid_support_pct"": 100.0, ""ref_global_rect"": [3032, 2799, 3237, 2872], ""intensity_ncc"": 0.0834, ""gradient_ncc"": 0.0085, ""phase_response"": 0.08, ""phase_shift_px"": [0.66, -3.59], ""fast_src_kps"": 906, ""fast_ref_kps"": 582, ""fast_candidates"": 0, ""fast_status"": ""no_lowes_filtered_matches"", ""supported"": true, ""support_reasons"": [""intensity_ncc=0.083\u22650.08"", ""phase_resp=0.080\u22650.05""], ""status"": ""evaluated""}, {""window_id"": 5, ""grid_rc"": ""1,1"", ""mapped"": true, ""valid_support_pct"": 77.2, ""ref_global_rect"": [3365, 2799, 3571, 2872], ""intensity_ncc"": -0.0024, ""gradient_ncc"": -0.02, ""phase_response"": 0.0244, ""phase_shift_px"": [4.05, 26.79], ""fast_src_kps"": 723, ""fast_ref_kps"": 518, ""fast_candidates"": 0, ""fast_status"": ""no_lowes_filtered_matches"", ""supported"": false, ""support_reasons"": [], ""status"": ""evaluated""}, {""window_id"": 6, ""grid_rc"": ""1,2"", ""mapped"": true, ""valid_support_pct"": 100.0, ""ref_global_rect"": [3699, 2799, 3904, 2872], ""intensity_ncc"": -0.1647, ""gradient_ncc"": 0.0097, ""phase_response"": 0.066, ""phase_shift_px"": [4.37, 38.62], ""fast_src_kps"": 867, ""fast_ref_kps"": 491, ""fast_candidates"": 0, ""fast_status"": ""no_lowes_filtered_matches"", ""supported"": true, ""support_reasons"": [""phase_resp=0.066\u22650.05""], ""status"": ""evaluated""}, {""window_id"": 7, ""grid_rc"": ""2,0"", ""mapped"": true, ""valid_support_pct"": 0.0, ""status"": ""low_valid_support"", ""supported"": false, ""support_reasons"": [""insufficient_valid_pixels""]}, {""window_id"": 8, ""grid_rc"": ""2,1"", ""mapped"": true, ""valid_support_pct"": 0.0, ""status"": ""low_valid_support"", ""supported"": false, ""support_reasons"": [""insufficient_valid_pixels""]}, {""window_id"": 9, ""grid_rc"": ""2,2"", ""mapped"": true, ""valid_support_pct"": 0.0, ""status"": ""low_valid_support"", ""supported"": false, ""support_reasons"": [""insufficient_valid_pixels""]}]"
OHRC_PAIR_01__dx+1000m_dy-2000m,OHRC_PAIR_01,1000,-2000,200,400,SCREEN_FAIL,2,2,1,0,1,0,False,False,False,True,False,True,2968,1239,3968,4232,11.955,1720.2,-1303.61,2158.36,"[{""window_id"": 1, ""grid_rc"": ""0,0"", ""mapped"": true, ""valid_support_pct"": 0.0, ""status"": ""low_valid_support"", ""supported"": false, ""support_reasons"": [""insufficient_valid_pixels""]}, {""window_id"": 2, ""grid_rc"": ""0,1"", ""mapped"": true, ""valid_support_pct"": 0.0, ""status"": ""low_valid_support"", ""supported"": false, ""support_reasons"": [""insufficient_valid_pixels""]}, {""window_id"": 3, ""grid_rc"": ""0,2"", ""mapped"": true, ""valid_support_pct"": 0.0, ""status"": ""low_valid_support"", ""supported"": false, ""support_reasons"": [""insufficient_valid_pixels""]}, {""window_id"": 4, ""grid_rc"": ""1,0"", ""mapped"": true, ""valid_support_pct"": 100.0, ""ref_global_rect"": [3032, 2696, 3237, 2775], ""intensity_ncc"": 0.0825, ""gradient_ncc"": 0.0344, ""phase_response"": 0.0063, ""phase_shift_px"": [-17.83, -13.4], ""fast_src_kps"": 906, ""fast_ref_kps"": 419, ""fast_candidates"": 0, ""fast_status"": ""no_lowes_filtered_matches"", ""supported"": true, ""support_reasons"": [""intensity_ncc=0.083\u22650.08""], ""status"": ""evaluated""}, {""window_id"": 5, ""grid_rc"": ""1,1"", ""mapped"": true, ""valid_support_pct"": 77.2, ""ref_global_rect"": [3365, 2696, 3571, 2775], ""intensity_ncc"": -0.0015, ""gradient_ncc"": -0.0364, ""phase_response"": -0.0121, ""phase_shift_px"": [19.39, 17.7], ""fast_src_kps"": 723, ""fast_ref_kps"": 595, ""fast_candidates"": 0, ""fast_status"": ""no_lowes_filtered_matches"", ""supported"": false, ""support_reasons"": [], ""status"": ""evaluated""}, {""window_id"": 6, ""grid_rc"": ""1,2"", ""mapped"": true, ""valid_support_pct"": 100.0, ""ref_global_rect"": [3699, 2696, 3904, 2775], ""intensity_ncc"": 0.0065, ""gradient_ncc"": -0.025, ""phase_response"": 0.1006, ""phase_shift_px"": [5.58, 35.76], ""fast_src_kps"": 867, ""fast_ref_kps"": 732, ""fast_candidates"": 2, ""fast_status"": ""ok"", ""supported"": true, ""support_reasons"": [""phase_resp=0.101\u22650.05""], ""status"": ""evaluated""}, {""window_id"": 7, ""grid_rc"": ""2,0"", ""mapped"": true, ""valid_support_pct"": 0.0, ""status"": ""low_valid_support"", ""supported"": false, ""support_reasons"": [""insufficient_valid_pixels""]}, {""window_id"": 8, ""grid_rc"": ""2,1"", ""mapped"": true, ""valid_support_pct"": 0.0, ""status"": ""low_valid_support"", ""supported"": false, ""support_reasons"": [""insufficient_valid_pixels""]}, {""window_id"": 9, ""grid_rc"": ""2,2"", ""mapped"": true, ""valid_support_pct"": 0.0, ""status"": ""low_valid_support"", ""supported"": false, ""support_reasons"": [""insufficient_valid_pixels""]}]"
OHRC_PAIR_01__dx+1000m_dy-1000m,OHRC_PAIR_01,1000,-1000,200,200,SCREEN_FAIL,1,1,1,0,0,0,False,False,False,False,False,True,2968,1039,3968,4039,11.982,1720.2,-1303.61,2158.36,"[{""window_id"": 1, ""grid_rc"": ""0,0"", ""mapped"": true, ""valid_support_pct"": 0.0, ""status"": ""low_valid_support"", ""supported"": false, ""support_reasons"": [""insufficient_valid_pixels""]}, {""window_id"": 2, ""grid_rc"": ""0,1"", ""mapped"": true, ""valid_support_pct"": 0.0, ""status"": ""low_valid_support"", ""supported"": false, ""support_reasons"": [""insufficient_valid_pixels""]}, {""window_id"": 3, ""grid_rc"": ""0,2"", ""mapped"": true, ""valid_support_pct"": 0.0, ""status"": ""low_valid_support"", ""supported"": false, ""support_reasons"": [""insufficient_valid_pixels""]}, {""window_id"": 4, ""grid_rc"": ""1,0"", ""mapped"": true, ""valid_support_pct"": 100.0, ""ref_global_rect"": [3032, 2500, 3237, 2578], ""intensity_ncc"": -0.0632, ""gradient_ncc"": 0.0282, ""phase_response"": -0.0388, ""phase_shift_px"": [8.06, 8.91], ""fast_src_kps"": 906, ""fast_ref_kps"": 525, ""fast_candidates"": 0, ""fast_status"": ""no_lowes_filtered_matches"", ""supported"": false, ""support_reasons"": [], ""status"": ""evaluated""}, {""window_id"": 5, ""grid_rc"": ""1,1"", ""mapped"": true, ""valid_support_pct"": 77.2, ""ref_global_rect"": [3365, 2500, 3571, 2578], ""intensity_ncc"": -0.0045, ""gradient_ncc"": -0.0188, ""phase_response"": 0.0362, ""phase_shift_px"": [-14.76, 8.85], ""fast_src_kps"": 723, ""fast_ref_kps"": 683, ""fast_candidates"": 0, ""fast_status"": ""no_lowes_filtered_matches"", ""supported"": false, ""support_reasons"": [], ""status"": ""evaluated""}, {""window_id"": 6, ""grid_rc"": ""1,2"", ""mapped"": true, ""valid_support_pct"": 100.0, ""ref_global_rect"": [3699, 2500, 3904, 2578], ""intensity_ncc"": 0.1842, ""gradient_ncc"": 0.0154, ""phase_response"": 0.0241, ""phase_shift_px"": [3.97, -1.43], ""fast_src_kps"": 867, ""fast_ref_kps"": 697, ""fast_candidates"": 0, ""fast_status"": ""no_lowes_filtered_matches"", ""supported"": true, ""support_reasons"": [""intensity_ncc=0.184\u22650.08""], ""status"": ""evaluated""}, {""window_id"": 7, ""grid_rc"": ""2,0"", ""mapped"": true, ""valid_support_pct"": 0.0, ""status"": ""low_valid_support"", ""supported"": false, ""support_reasons"": [""insufficient_valid_pixels""]}, {""window_id"": 8, ""grid_rc"": ""2,1"", ""mapped"": true, ""valid_support_pct"": 0.0, ""status"": ""low_valid_support"", ""supported"": false, ""support_reasons"": [""insufficient_valid_pixels""]}, {""window_id"": 9, ""grid_rc"": ""2,2"", ""mapped"": true, ""valid_support_pct"": 0.0, ""status"": ""low_valid_support"", ""supported"": false, ""support_reasons"": [""insufficient_valid_pixels""]}]"
OHRC_PAIR_01__dx+1000m_dy+0m,OHRC_PAIR_01,1000,0,200,0,SCREEN_FAIL,2,2,1,0,2,0,False,False,False,True,False,True,2968,839,3968,3839,11.982,1720.2,-1303.61,2158.36,"[{""window_id"": 1, ""grid_rc"": ""0,0"", ""mapped"": true, ""valid_support_pct"": 0.0, ""status"": ""low_valid_support"", ""supported"": false, ""support_reasons"": [""insufficient_valid_pixels""]}, {""window_id"": 2, ""grid_rc"": ""0,1"", ""mapped"": true, ""valid_support_pct"": 0.0, ""status"": ""low_valid_support"", ""supported"": false, ""support_reasons"": [""insufficient_valid_pixels""]}, {""window_id"": 3, ""grid_rc"": ""0,2"", ""mapped"": true, ""valid_support_pct"": 0.0, ""status"": ""low_valid_support"", ""supported"": false, ""support_reasons"": [""insufficient_valid_pixels""]}, {""window_id"": 4, ""grid_rc"": ""1,0"", ""mapped"": true, ""valid_support_pct"": 100.0, ""ref_global_rect"": [3032, 2300, 3237, 2378], ""intensity_ncc"": -0.1126, ""gradient_ncc"": 0.0224, ""phase_response"": 0.0832, ""phase_shift_px"": [1.77, 2.47], ""fast_src_kps"": 906, ""fast_ref_kps"": 593, ""fast_candidates"": 0, ""fast_status"": ""no_lowes_filtered_matches"", ""supported"": true, ""support_reasons"": [""phase_resp=0.083\u22650.05""], ""status"": ""evaluated""}, {""window_id"": 5, ""grid_rc"": ""1,1"", ""mapped"": true, ""valid_support_pct"": 77.2, ""ref_global_rect"": [3365, 2300, 3571, 2378], ""intensity_ncc"": -0.0182, ""gradient_ncc"": -0.0093, ""phase_response"": 0.0381, ""phase_shift_px"": [-1.56, -28.58], ""fast_src_kps"": 723, ""fast_ref_kps"": 614, ""fast_candidates"": 0, ""fast_status"": ""no_lowes_filtered_matches"", ""supported"": false, ""support_reasons"": [], ""status"": ""evaluated""}, {""window_id"": 6, ""grid_rc"": ""1,2"", ""mapped"": true, ""valid_support_pct"": 100.0, ""ref_global_rect"": [3699, 2300, 3904, 2378], ""intensity_ncc"": 0.1441, ""gradient_ncc"": -0.0179, ""phase_response"": 0.0765, ""phase_shift_px"": [-11.99, 1.16], ""fast_src_kps"": 867, ""fast_ref_kps"": 658, ""fast_candidates"": 1, ""fast_status"": ""ok"", ""supported"": true, ""support_reasons"": [""intensity_ncc=0.144\u22650.08"", ""phase_resp=0.076\u22650.05""], ""status"": ""evaluated""}, {""window_id"": 7, ""grid_rc"": ""2,0"", ""mapped"": true, ""valid_support_pct"": 0.0, ""status"": ""low_valid_support"", ""supported"": false, ""support_reasons"": [""insufficient_valid_pixels""]}, {""window_id"": 8, ""grid_rc"": ""2,1"", ""mapped"": true, ""valid_support_pct"": 0.0, ""status"": ""low_valid_support"", ""supported"": false, ""support_reasons"": [""insufficient_valid_pixels""]}, {""window_id"": 9, ""grid_rc"": ""2,2"", ""mapped"": true, ""valid_support_pct"": 0.0, ""status"": ""low_valid_support"", ""supported"": false, ""support_reasons"": [""insufficient_valid_pixels""]}]"
OHRC_PAIR_01__dx+1000m_dy+1000m,OHRC_PAIR_01,1000,1000,200,-200,SCREEN_FAIL,1,1,0,0,1,0,False,False,False,True,False,True,2968,639,3968,3639,11.982,1720.2,-1303.61,2158.36,"[{""window_id"": 1, ""grid_rc"": ""0,0"", ""mapped"": true, ""valid_support_pct"": 0.0, ""status"": ""low_valid_support"", ""supported"": false, ""support_reasons"": [""insufficient_valid_pixels""]}, {""window_id"": 2, ""grid_rc"": ""0,1"", ""mapped"": true, ""valid_support_pct"": 0.0, ""status"": ""low_valid_support"", ""supported"": false, ""support_reasons"": [""insufficient_valid_pixels""]}, {""window_id"": 3, ""grid_rc"": ""0,2"", ""mapped"": true, ""valid_support_pct"": 0.0, ""status"": ""low_valid_support"", ""supported"": false, ""support_reasons"": [""insufficient_valid_pixels""]}, {""window_id"": 4, ""grid_rc"": ""1,0"", ""mapped"": true, ""valid_support_pct"": 100.0, ""ref_global_rect"": [3032, 2100, 3237, 2178], ""intensity_ncc"": -0.0875, ""gradient_ncc"": 0.0064, ""phase_response"": 0.0582, ""phase_shift_px"": [-14.94, -3.2], ""fast_src_kps"": 906, ""fast_ref_kps"": 819, ""fast_candidates"": 0, ""fast_status"": ""no_lowes_filtered_matches"", ""supported"": true, ""support_reasons"": [""phase_resp=0.058\u22650.05""], ""status"": ""evaluated""}, {""window_id"": 5, ""grid_rc"": ""1,1"", ""mapped"": true, ""valid_support_pct"": 77.2, ""ref_global_rect"": [3365, 2100, 3571, 2178], ""intensity_ncc"": -0.0429, ""gradient_ncc"": 0.0154, ""phase_response"": -0.0256, ""phase_shift_px"": [6.39, 17.09], ""fast_src_kps"": 723, ""fast_ref_kps"": 589, ""fast_candidates"": 0, ""fast_status"": ""no_lowes_filtered_matches"", ""supported"": false, ""support_reasons"": [], ""status"": ""evaluated""}, {""window_id"": 6, ""grid_rc"": ""1,2"", ""mapped"": true, ""valid_support_pct"": 100.0, ""ref_global_rect"": [3699, 2100, 3904, 2178], ""intensity_ncc"": 0.0668, ""gradient_ncc"": 0.0104, ""phase_response"": 0.014, ""phase_shift_px"": [13.04, 31.76], ""fast_src_kps"": 867, ""fast_ref_kps"": 582, ""fast_candidates"": 0, ""fast_status"": ""no_lowes_filtered_matches"", ""supported"": false, ""support_reasons"": [], ""status"": ""evaluated""}, {""window_id"": 7, ""grid_rc"": ""2,0"", ""mapped"": true, ""valid_support_pct"": 0.0, ""status"": ""low_valid_support"", ""supported"": false, ""support_reasons"": [""insufficient_valid_pixels""]}, {""window_id"": 8, ""grid_rc"": ""2,1"", ""mapped"": true, ""valid_support_pct"": 0.0, ""status"": ""low_valid_support"", ""supported"": false, ""support_reasons"": [""insufficient_valid_pixels""]}, {""window_id"": 9, ""grid_rc"": ""2,2"", ""mapped"": true, ""valid_support_pct"": 0.0, ""status"": ""low_valid_support"", ""supported"": false, ""support_reasons"": [""insufficient_valid_pixels""]}]"
OHRC_PAIR_01__dx+1000m_dy+2000m,OHRC_PAIR_01,1000,2000,200,-400,SCREEN_FAIL,3,3,1,0,2,0,False,True,True,True,False,True,2968,439,3968,3439,11.982,1720.2,-1303.61,2158.36,"[{""window_id"": 1, ""grid_rc"": ""0,0"", ""mapped"": true, ""valid_support_pct"": 0.0, ""status"": ""low_valid_support"", ""supported"": false, ""support_reasons"": [""insufficient_valid_pixels""]}, {""window_id"": 2, ""grid_rc"": ""0,1"", ""mapped"": true, ""valid_support_pct"": 0.0, ""status"": ""low_valid_support"", ""supported"": false, ""support_reasons"": [""insufficient_valid_pixels""]}, {""window_id"": 3, ""grid_rc"": ""0,2"", ""mapped"": true, ""valid_support_pct"": 0.0, ""status"": ""low_valid_support"", ""supported"": false, ""support_reasons"": [""insufficient_valid_pixels""]}, {""window_id"": 4, ""grid_rc"": ""1,0"", ""mapped"": true, ""valid_support_pct"": 100.0, ""ref_global_rect"": [3032, 1900, 3237, 1978], ""intensity_ncc"": -0.1344, ""gradient_ncc"": 0.0018, ""phase_response"": 0.0923, ""phase_shift_px"": [2.11, -15.2], ""fast_src_kps"": 906, ""fast_ref_kps"": 179, ""fast_candidates"": 1, ""fast_status"": ""ok"", ""supported"": true, ""support_reasons"": [""phase_resp=0.092\u22650.05""], ""status"": ""evaluated""}, {""window_id"": 5, ""grid_rc"": ""1,1"", ""mapped"": true, ""valid_support_pct"": 77.2, ""ref_global_rect"": [3365, 1900, 3571, 1978], ""intensity_ncc"": 0.0114, ""gradient_ncc"": 0.0194, ""phase_response"": 0.1131, ""phase_shift_px"": [8.17, -16.52], ""fast_src_kps"": 723, ""fast_ref_kps"": 688, ""fast_candidates"": 0, ""fast_status"": ""no_lowes_filtered_matches"", ""supported"": true, ""support_reasons"": [""phase_resp=0.113\u22650.05""], ""status"": ""evaluated""}, {""window_id"": 6, ""grid_rc"": ""1,2"", ""mapped"": true, ""valid_support_pct"": 100.0, ""ref_global_rect"": [3699, 1900, 3904, 1978], ""intensity_ncc"": 0.1949, ""gradient_ncc"": 0.0203, ""phase_response"": 0.0206, ""phase_shift_px"": [21.65, 15.06], ""fast_src_kps"": 867, ""fast_ref_kps"": 582, ""fast_candidates"": 1, ""fast_status"": ""ok"", ""supported"": true, ""support_reasons"": [""intensity_ncc=0.195\u22650.08""], ""status"": ""evaluated""}, {""window_id"": 7, ""grid_rc"": ""2,0"", ""mapped"": true, ""valid_support_pct"": 0.0, ""status"": ""low_valid_support"", ""supported"": false, ""support_reasons"": [""insufficient_valid_pixels""]}, {""window_id"": 8, ""grid_rc"": ""2,1"", ""mapped"": true, ""valid_support_pct"": 0.0, ""status"": ""low_valid_support"", ""supported"": false, ""support_reasons"": [""insufficient_valid_pixels""]}, {""window_id"": 9, ""grid_rc"": ""2,2"", ""mapped"": true, ""valid_support_pct"": 0.0, ""status"": ""low_valid_support"", ""supported"": false, ""support_reasons"": [""insufficient_valid_pixels""]}]"
OHRC_PAIR_01__dx+1000m_dy+3000m,OHRC_PAIR_01,1000,3000,200,-600,SCREEN_FAIL,2,2,1,0,1,0,False,False,False,True,False,True,2968,239,3968,3239,11.982,1720.2,-1303.61,2158.36,"[{""window_id"": 1, ""grid_rc"": ""0,0"", ""mapped"": true, ""valid_support_pct"": 0.0, ""status"": ""low_valid_support"", ""supported"": false, ""support_reasons"": [""insufficient_valid_pixels""]}, {""window_id"": 2, ""grid_rc"": ""0,1"", ""mapped"": true, ""valid_support_pct"": 0.0, ""status"": ""low_valid_support"", ""supported"": false, ""support_reasons"": [""insufficient_valid_pixels""]}, {""window_id"": 3, ""grid_rc"": ""0,2"", ""mapped"": true, ""valid_support_pct"": 0.0, ""status"": ""low_valid_support"", ""supported"": false, ""support_reasons"": [""insufficient_valid_pixels""]}, {""window_id"": 4, ""grid_rc"": ""1,0"", ""mapped"": true, ""valid_support_pct"": 100.0, ""ref_global_rect"": [3032, 1700, 3237, 1778], ""intensity_ncc"": -0.2797, ""gradient_ncc"": -0.0399, ""phase_response"": 0.0124, ""phase_shift_px"": [58.59, 42.25], ""fast_src_kps"": 906, ""fast_ref_kps"": 62, ""fast_candidates"": 1, ""fast_status"": ""ok"", ""supported"": false, ""support_reasons"": [], ""status"": ""evaluated""}, {""window_id"": 5, ""grid_rc"": ""1,1"", ""mapped"": true, ""valid_support_pct"": 77.2, ""ref_global_rect"": [3365, 1700, 3571, 1778], ""intensity_ncc"": -0.0517, ""gradient_ncc"": 0.017, ""phase_response"": 0.1031, ""phase_shift_px"": [27.68, -7.36], ""fast_src_kps"": 723, ""fast_ref_kps"": 707, ""fast_candidates"": 1, ""fast_status"": ""ok"", ""supported"": true, ""support_reasons"": [""phase_resp=0.103\u22650.05""], ""status"": ""evaluated""}, {""window_id"": 6, ""grid_rc"": ""1,2"", ""mapped"": true, ""valid_support_pct"": 100.0, ""ref_global_rect"": [3699, 1700, 3904, 1778], ""intensity_ncc"": 0.2745, ""gradient_ncc"": -0.0047, ""phase_response"": 0.0345, ""phase_shift_px"": [22.27, -1.01], ""fast_src_kps"": 867, ""fast_ref_kps"": 514, ""fast_candidates"": 1, ""fast_status"": ""ok"", ""supported"": true, ""support_reasons"": [""intensity_ncc=0.275\u22650.08""], ""status"": ""evaluated""}, {""window_id"": 7, ""grid_rc"": ""2,0"", ""mapped"": true, ""valid_support_pct"": 0.0, ""status"": ""low_valid_support"", ""supported"": false, ""support_reasons"": [""insufficient_valid_pixels""]}, {""window_id"": 8, ""grid_rc"": ""2,1"", ""mapped"": true, ""valid_support_pct"": 0.0, ""status"": ""low_valid_support"", ""supported"": false, ""support_reasons"": [""insufficient_valid_pixels""]}, {""window_id"": 9, ""grid_rc"": ""2,2"", ""mapped"": true, ""valid_support_pct"": 0.0, ""status"": ""low_valid_support"", ""supported"": false, ""support_reasons"": [""insufficient_valid_pixels""]}]"
OHRC_PAIR_01__dx+2000m_dy-3000m,OHRC_PAIR_01,2000,-3000,400,600,SCREEN_FAIL,3,3,0,0,3,0,False,True,True,True,False,True,3168,1439,4168,4232,11.156,1720.2,-1303.61,2158.36,"[{""window_id"": 1, ""grid_rc"": ""0,0"", ""mapped"": true, ""valid_support_pct"": 0.0, ""status"": ""low_valid_support"", ""supported"": false, ""support_reasons"": [""insufficient_valid_pixels""]}, {""window_id"": 2, ""grid_rc"": ""0,1"", ""mapped"": true, ""valid_support_pct"": 0.0, ""status"": ""low_valid_support"", ""supported"": false, ""support_reasons"": [""insufficient_valid_pixels""]}, {""window_id"": 3, ""grid_rc"": ""0,2"", ""mapped"": true, ""valid_support_pct"": 0.0, ""status"": ""low_valid_support"", ""supported"": false, ""support_reasons"": [""insufficient_valid_pixels""]}, {""window_id"": 4, ""grid_rc"": ""1,0"", ""mapped"": true, ""valid_support_pct"": 100.0, ""ref_global_rect"": [3232, 2799, 3437, 2872], ""intensity_ncc"": -0.0417, ""gradient_ncc"": 0.009, ""phase_response"": 0.1047, ""phase_shift_px"": [1.51, 6.86], ""fast_src_kps"": 906, ""fast_ref_kps"": 467, ""fast_candidates"": 0, ""fast_status"": ""no_lowes_filtered_matches"", ""supported"": true, ""support_reasons"": [""phase_resp=0.105\u22650.05""], ""status"": ""evaluated""}, {""window_id"": 5, ""grid_rc"": ""1,1"", ""mapped"": true, ""valid_support_pct"": 77.2, ""ref_global_rect"": [3565, 2799, 3771, 2872], ""intensity_ncc"": 0.0383, ""gradient_ncc"": 0.0185, ""phase_response"": 0.0672, ""phase_shift_px"": [9.83, 17.44], ""fast_src_kps"": 723, ""fast_ref_kps"": 478, ""fast_candidates"": 0, ""fast_status"": ""no_lowes_filtered_matches"", ""supported"": true, ""support_reasons"": [""phase_resp=0.067\u22650.05""], ""status"": ""evaluated""}, {""window_id"": 6, ""grid_rc"": ""1,2"", ""mapped"": true, ""valid_support_pct"": 100.0, ""ref_global_rect"": [3899, 2799, 4104, 2872], ""intensity_ncc"": 0.045, ""gradient_ncc"": 0.0123, ""phase_response"": 0.1398, ""phase_shift_px"": [-7.75, -13.27], ""fast_src_kps"": 867, ""fast_ref_kps"": 537, ""fast_candidates"": 0, ""fast_status"": ""no_lowes_filtered_matches"", ""supported"": true, ""support_reasons"": [""phase_resp=0.140\u22650.05""], ""status"": ""evaluated""}, {""window_id"": 7, ""grid_rc"": ""2,0"", ""mapped"": true, ""valid_support_pct"": 0.0, ""status"": ""low_valid_support"", ""supported"": false, ""support_reasons"": [""insufficient_valid_pixels""]}, {""window_id"": 8, ""grid_rc"": ""2,1"", ""mapped"": true, ""valid_support_pct"": 0.0, ""status"": ""low_valid_support"", ""supported"": false, ""support_reasons"": [""insufficient_valid_pixels""]}, {""window_id"": 9, ""grid_rc"": ""2,2"", ""mapped"": true, ""valid_support_pct"": 0.0, ""status"": ""low_valid_support"", ""supported"": false, ""support_reasons"": [""insufficient_valid_pixels""]}]"
OHRC_PAIR_01__dx+2000m_dy-2000m,OHRC_PAIR_01,2000,-2000,400,400,SCREEN_FAIL,3,3,1,0,2,0,False,True,True,True,False,True,3168,1239,4168,4232,11.955,1720.2,-1303.61,2158.36,"[{""window_id"": 1, ""grid_rc"": ""0,0"", ""mapped"": true, ""valid_support_pct"": 0.0, ""status"": ""low_valid_support"", ""supported"": false, ""support_reasons"": [""insufficient_valid_pixels""]}, {""window_id"": 2, ""grid_rc"": ""0,1"", ""mapped"": true, ""valid_support_pct"": 0.0, ""status"": ""low_valid_support"", ""supported"": false, ""support_reasons"": [""insufficient_valid_pixels""]}, {""window_id"": 3, ""grid_rc"": ""0,2"", ""mapped"": true, ""valid_support_pct"": 0.0, ""status"": ""low_valid_support"", ""supported"": false, ""support_reasons"": [""insufficient_valid_pixels""]}, {""window_id"": 4, ""grid_rc"": ""1,0"", ""mapped"": true, ""valid_support_pct"": 100.0, ""ref_global_rect"": [3232, 2696, 3437, 2775], ""intensity_ncc"": -0.0867, ""gradient_ncc"": 0.0039, ""phase_response"": 0.1351, ""phase_shift_px"": [-1.57, -27.14], ""fast_src_kps"": 906, ""fast_ref_kps"": 469, ""fast_candidates"": 0, ""fast_status"": ""no_lowes_filtered_matches"", ""supported"": true, ""support_reasons"": [""phase_resp=0.135\u22650.05""], ""status"": ""evaluated""}, {""window_id"": 5, ""grid_rc"": ""1,1"", ""mapped"": true, ""valid_support_pct"": 77.2, ""ref_global_rect"": [3565, 2696, 3771, 2775], ""intensity_ncc"": 0.0163, ""gradient_ncc"": 0.007, ""phase_response"": 0.1059, ""phase_shift_px"": [4.23, -9.3], ""fast_src_kps"": 723, ""fast_ref_kps"": 578, ""fast_candidates"": 0, ""fast_status"": ""no_lowes_filtered_matches"", ""supported"": true, ""support_reasons"": [""phase_resp=0.106\u22650.05""], ""status"": ""evaluated""}, {""window_id"": 6, ""grid_rc"": ""1,2"", ""mapped"": true, ""valid_support_pct"": 100.0, ""ref_global_rect"": [3899, 2696, 4104, 2775], ""intensity_ncc"": 0.1096, ""gradient_ncc"": 0.0403, ""phase_response"": -0.0138, ""phase_shift_px"": [-9.68, -8.5], ""fast_src_kps"": 867, ""fast_ref_kps"": 635, ""fast_candidates"": 0, ""fast_status"": ""no_lowes_filtered_matches"", ""supported"": true, ""support_reasons"": [""intensity_ncc=0.110\u22650.08""], ""status"": ""evaluated""}, {""window_id"": 7, ""grid_rc"": ""2,0"", ""mapped"": true, ""valid_support_pct"": 0.0, ""status"": ""low_valid_support"", ""supported"": false, ""support_reasons"": [""insufficient_valid_pixels""]}, {""window_id"": 8, ""grid_rc"": ""2,1"", ""mapped"": true, ""valid_support_pct"": 0.0, ""status"": ""low_valid_support"", ""supported"": false, ""support_reasons"": [""insufficient_valid_pixels""]}, {""window_id"": 9, ""grid_rc"": ""2,2"", ""mapped"": true, ""valid_support_pct"": 0.0, ""status"": ""low_valid_support"", ""supported"": false, ""support_reasons"": [""insufficient_valid_pixels""]}]"
OHRC_PAIR_01__dx+2000m_dy-1000m,OHRC_PAIR_01,2000,-1000,400,200,SCREEN_FAIL,1,1,0,0,1,0,False,False,False,True,False,True,3168,1039,4168,4039,11.982,1720.2,-1303.61,2158.36,"[{""window_id"": 1, ""grid_rc"": ""0,0"", ""mapped"": true, ""valid_support_pct"": 0.0, ""status"": ""low_valid_support"", ""supported"": false, ""support_reasons"": [""insufficient_valid_pixels""]}, {""window_id"": 2, ""grid_rc"": ""0,1"", ""mapped"": true, ""valid_support_pct"": 0.0, ""status"": ""low_valid_support"", ""supported"": false, ""support_reasons"": [""insufficient_valid_pixels""]}, {""window_id"": 3, ""grid_rc"": ""0,2"", ""mapped"": true, ""valid_support_pct"": 0.0, ""status"": ""low_valid_support"", ""supported"": false, ""support_reasons"": [""insufficient_valid_pixels""]}, {""window_id"": 4, ""grid_rc"": ""1,0"", ""mapped"": true, ""valid_support_pct"": 100.0, ""ref_global_rect"": [3232, 2500, 3437, 2578], ""intensity_ncc"": 0.0624, ""gradient_ncc"": -0.0135, ""phase_response"": 0.0951, ""phase_shift_px"": [-1.52, -13.63], ""fast_src_kps"": 906, ""fast_ref_kps"": 604, ""fast_candidates"": 0, ""fast_status"": ""no_lowes_filtered_matches"", ""supported"": true, ""support_reasons"": [""phase_resp=0.095\u22650.05""], ""status"": ""evaluated""}, {""window_id"": 5, ""grid_rc"": ""1,1"", ""mapped"": true, ""valid_support_pct"": 77.2, ""ref_global_rect"": [3565, 2500, 3771, 2578], ""intensity_ncc"": 0.02, ""gradient_ncc"": 0.0432, ""phase_response"": 0.0389, ""phase_shift_px"": [12.3, -2.64], ""fast_src_kps"": 723, ""fast_ref_kps"": 637, ""fast_candidates"": 0, ""fast_status"": ""no_lowes_filtered_matches"", ""supported"": false, ""support_reasons"": [], ""status"": ""evaluated""}, {""window_id"": 6, ""grid_rc"": ""1,2"", ""mapped"": true, ""valid_support_pct"": 100.0, ""ref_global_rect"": [3899, 2500, 4104, 2578], ""intensity_ncc"": 0.0173, ""gradient_ncc"": -0.0103, ""phase_response"": 0.0264, ""phase_shift_px"": [8.96, 5.05], ""fast_src_kps"": 867, ""fast_ref_kps"": 610, ""fast_candidates"": 1, ""fast_status"": ""ok"", ""supported"": false, ""support_reasons"": [], ""status"": ""evaluated""}, {""window_id"": 7, ""grid_rc"": ""2,0"", ""mapped"": true, ""valid_support_pct"": 0.0, ""status"": ""low_valid_support"", ""supported"": false, ""support_reasons"": [""insufficient_valid_pixels""]}, {""window_id"": 8, ""grid_rc"": ""2,1"", ""mapped"": true, ""valid_support_pct"": 0.0, ""status"": ""low_valid_support"", ""supported"": false, ""support_reasons"": [""insufficient_valid_pixels""]}, {""window_id"": 9, ""grid_rc"": ""2,2"", ""mapped"": true, ""valid_support_pct"": 0.0, ""status"": ""low_valid_support"", ""supported"": false, ""support_reasons"": [""insufficient_valid_pixels""]}]"
OHRC_PAIR_01__dx+2000m_dy+0m,OHRC_PAIR_01,2000,0,400,0,SCREEN_FAIL,1,1,0,0,1,0,False,False,False,True,False,True,3168,839,4168,3839,11.982,1720.2,-1303.61,2158.36,"[{""window_id"": 1, ""grid_rc"": ""0,0"", ""mapped"": true, ""valid_support_pct"": 0.0, ""status"": ""low_valid_support"", ""supported"": false, ""support_reasons"": [""insufficient_valid_pixels""]}, {""window_id"": 2, ""grid_rc"": ""0,1"", ""mapped"": true, ""valid_support_pct"": 0.0, ""status"": ""low_valid_support"", ""supported"": false, ""support_reasons"": [""insufficient_valid_pixels""]}, {""window_id"": 3, ""grid_rc"": ""0,2"", ""mapped"": true, ""valid_support_pct"": 0.0, ""status"": ""low_valid_support"", ""supported"": false, ""support_reasons"": [""insufficient_valid_pixels""]}, {""window_id"": 4, ""grid_rc"": ""1,0"", ""mapped"": true, ""valid_support_pct"": 100.0, ""ref_global_rect"": [3232, 2300, 3437, 2378], ""intensity_ncc"": 0.06, ""gradient_ncc"": 0.0039, ""phase_response"": 0.0587, ""phase_shift_px"": [6.35, 0.95], ""fast_src_kps"": 906, ""fast_ref_kps"": 565, ""fast_candidates"": 1, ""fast_status"": ""ok"", ""supported"": true, ""support_reasons"": [""phase_resp=0.059\u22650.05""], ""status"": ""evaluated""}, {""window_id"": 5, ""grid_rc"": ""1,1"", ""mapped"": true, ""valid_support_pct"": 77.2, ""ref_global_rect"": [3565, 2300, 3771, 2378], ""intensity_ncc"": -0.0253, ""gradient_ncc"": 0.0131, ""phase_response"": 0.0058, ""phase_shift_px"": [1.32, 8.99], ""fast_src_kps"": 723, ""fast_ref_kps"": 584, ""fast_candidates"": 0, ""fast_status"": ""no_lowes_filtered_matches"", ""supported"": false, ""support_reasons"": [], ""status"": ""evaluated""}, {""window_id"": 6, ""grid_rc"": ""1,2"", ""mapped"": true, ""valid_support_pct"": 100.0, ""ref_global_rect"": [3899, 2300, 4104, 2378], ""intensity_ncc"": -0.1222, ""gradient_ncc"": 0.0014, ""phase_response"": 0.0282, ""phase_shift_px"": [-25.55, -5.0], ""fast_src_kps"": 867, ""fast_ref_kps"": 623, ""fast_candidates"": 0, ""fast_status"": ""no_lowes_filtered_matches"", ""supported"": false, ""support_reasons"": [], ""status"": ""evaluated""}, {""window_id"": 7, ""grid_rc"": ""2,0"", ""mapped"": true, ""valid_support_pct"": 0.0, ""status"": ""low_valid_support"", ""supported"": false, ""support_reasons"": [""insufficient_valid_pixels""]}, {""window_id"": 8, ""grid_rc"": ""2,1"", ""mapped"": true, ""valid_support_pct"": 0.0, ""status"": ""low_valid_support"", ""supported"": false, ""support_reasons"": [""insufficient_valid_pixels""]}, {""window_id"": 9, ""grid_rc"": ""2,2"", ""mapped"": true, ""valid_support_pct"": 0.0, ""status"": ""low_valid_support"", ""supported"": false, ""support_reasons"": [""insufficient_valid_pixels""]}]"
OHRC_PAIR_01__dx+2000m_dy+1000m,OHRC_PAIR_01,2000,1000,400,-200,SCREEN_FAIL,2,2,0,0,2,0,False,False,False,True,False,True,3168,639,4168,3639,11.982,1720.2,-1303.61,2158.36,"[{""window_id"": 1, ""grid_rc"": ""0,0"", ""mapped"": true, ""valid_support_pct"": 0.0, ""status"": ""low_valid_support"", ""supported"": false, ""support_reasons"": [""insufficient_valid_pixels""]}, {""window_id"": 2, ""grid_rc"": ""0,1"", ""mapped"": true, ""valid_support_pct"": 0.0, ""status"": ""low_valid_support"", ""supported"": false, ""support_reasons"": [""insufficient_valid_pixels""]}, {""window_id"": 3, ""grid_rc"": ""0,2"", ""mapped"": true, ""valid_support_pct"": 0.0, ""status"": ""low_valid_support"", ""supported"": false, ""support_reasons"": [""insufficient_valid_pixels""]}, {""window_id"": 4, ""grid_rc"": ""1,0"", ""mapped"": true, ""valid_support_pct"": 100.0, ""ref_global_rect"": [3232, 2100, 3437, 2178], ""intensity_ncc"": -0.0733, ""gradient_ncc"": 0.0159, ""phase_response"": 0.064, ""phase_shift_px"": [13.46, -3.04], ""fast_src_kps"": 906, ""fast_ref_kps"": 718, ""fast_candidates"": 2, ""fast_status"": ""ok"", ""supported"": true, ""support_reasons"": [""phase_resp=0.064\u22650.05""], ""status"": ""evaluated""}, {""window_id"": 5, ""grid_rc"": ""1,1"", ""mapped"": true, ""valid_support_pct"": 77.2, ""ref_global_rect"": [3565, 2100, 3771, 2178], ""intensity_ncc"": -0.0596, ""gradient_ncc"": 0.0009, ""phase_response"": 0.0814, ""phase_shift_px"": [-1.29, 15.14], ""fast_src_kps"": 723, ""fast_ref_kps"": 510, ""fast_candidates"": 0, ""fast_status"": ""no_lowes_filtered_matches"", ""supported"": true, ""support_reasons"": [""phase_resp=0.081\u22650.05""], ""status"": ""evaluated""}, {""window_id"": 6, ""grid_rc"": ""1,2"", ""mapped"": true, ""valid_support_pct"": 100.0, ""ref_global_rect"": [3899, 2100, 4104, 2178], ""intensity_ncc"": 0.0135, ""gradient_ncc"": 0.0262, ""phase_response"": 0.0352, ""phase_shift_px"": [1.96, -8.57], ""fast_src_kps"": 867, ""fast_ref_kps"": 621, ""fast_candidates"": 0, ""fast_status"": ""no_lowes_filtered_matches"", ""supported"": false, ""support_reasons"": [], ""status"": ""evaluated""}, {""window_id"": 7, ""grid_rc"": ""2,0"", ""mapped"": true, ""valid_support_pct"": 0.0, ""status"": ""low_valid_support"", ""supported"": false, ""support_reasons"": [""insufficient_valid_pixels""]}, {""window_id"": 8, ""grid_rc"": ""2,1"", ""mapped"": true, ""valid_support_pct"": 0.0, ""status"": ""low_valid_support"", ""supported"": false, ""support_reasons"": [""insufficient_valid_pixels""]}, {""window_id"": 9, ""grid_rc"": ""2,2"", ""mapped"": true, ""valid_support_pct"": 0.0, ""status"": ""low_valid_support"", ""supported"": false, ""support_reasons"": [""insufficient_valid_pixels""]}]"
OHRC_PAIR_01__dx+2000m_dy+2000m,OHRC_PAIR_01,2000,2000,400,-400,SCREEN_FAIL,1,1,1,0,1,0,False,False,False,True,False,True,3168,439,4168,3439,11.982,1720.2,-1303.61,2158.36,"[{""window_id"": 1, ""grid_rc"": ""0,0"", ""mapped"": true, ""valid_support_pct"": 0.0, ""status"": ""low_valid_support"", ""supported"": false, ""support_reasons"": [""insufficient_valid_pixels""]}, {""window_id"": 2, ""grid_rc"": ""0,1"", ""mapped"": true, ""valid_support_pct"": 0.0, ""status"": ""low_valid_support"", ""supported"": false, ""support_reasons"": [""insufficient_valid_pixels""]}, {""window_id"": 3, ""grid_rc"": ""0,2"", ""mapped"": true, ""valid_support_pct"": 0.0, ""status"": ""low_valid_support"", ""supported"": false, ""support_reasons"": [""insufficient_valid_pixels""]}, {""window_id"": 4, ""grid_rc"": ""1,0"", ""mapped"": true, ""valid_support_pct"": 100.0, ""ref_global_rect"": [3232, 1900, 3437, 1978], ""intensity_ncc"": -0.1677, ""gradient_ncc"": -0.0057, ""phase_response"": 0.0173, ""phase_shift_px"": [-13.06, -41.02], ""fast_src_kps"": 906, ""fast_ref_kps"": 620, ""fast_candidates"": 0, ""fast_status"": ""no_lowes_filtered_matches"", ""supported"": false, ""support_reasons"": [], ""status"": ""evaluated""}, {""window_id"": 5, ""grid_rc"": ""1,1"", ""mapped"": true, ""valid_support_pct"": 77.2, ""ref_global_rect"": [3565, 1900, 3771, 1978], ""intensity_ncc"": -0.0599, ""gradient_ncc"": -0.0284, ""phase_response"": 0.0493, ""phase_shift_px"": [-6.81, -9.69], ""fast_src_kps"": 723, ""fast_ref_kps"": 589, ""fast_candidates"": 1, ""fast_status"": ""ok"", ""supported"": false, ""support_reasons"": [], ""status"": ""evaluated""}, {""window_id"": 6, ""grid_rc"": ""1,2"", ""mapped"": true, ""valid_support_pct"": 100.0, ""ref_global_rect"": [3899, 1900, 4104, 1978], ""intensity_ncc"": 0.1526, ""gradient_ncc"": -0.0178, ""phase_response"": 0.1117, ""phase_shift_px"": [0.23, -3.15], ""fast_src_kps"": 867, ""fast_ref_kps"": 608, ""fast_candidates"": 1, ""fast_status"": ""ok"", ""supported"": true, ""support_reasons"": [""intensity_ncc=0.153\u22650.08"", ""phase_resp=0.112\u22650.05""], ""status"": ""evaluated""}, {""window_id"": 7, ""grid_rc"": ""2,0"", ""mapped"": true, ""valid_support_pct"": 0.0, ""status"": ""low_valid_support"", ""supported"": false, ""support_reasons"": [""insufficient_valid_pixels""]}, {""window_id"": 8, ""grid_rc"": ""2,1"", ""mapped"": true, ""valid_support_pct"": 0.0, ""status"": ""low_valid_support"", ""supported"": false, ""support_reasons"": [""insufficient_valid_pixels""]}, {""window_id"": 9, ""grid_rc"": ""2,2"", ""mapped"": true, ""valid_support_pct"": 0.0, ""status"": ""low_valid_support"", ""supported"": false, ""support_reasons"": [""insufficient_valid_pixels""]}]"
OHRC_PAIR_01__dx+2000m_dy+3000m,OHRC_PAIR_01,2000,3000,400,-600,INSUFFICIENT_SUPPORT,0,0,0,0,0,0,False,False,False,False,False,True,3168,239,4168,3239,11.982,1720.2,-1303.61,2158.36,"[{""window_id"": 1, ""grid_rc"": ""0,0"", ""mapped"": true, ""valid_support_pct"": 0.0, ""status"": ""low_valid_support"", ""supported"": false, ""support_reasons"": [""insufficient_valid_pixels""]}, {""window_id"": 2, ""grid_rc"": ""0,1"", ""mapped"": true, ""valid_support_pct"": 0.0, ""status"": ""low_valid_support"", ""supported"": false, ""support_reasons"": [""insufficient_valid_pixels""]}, {""window_id"": 3, ""grid_rc"": ""0,2"", ""mapped"": true, ""valid_support_pct"": 0.0, ""status"": ""low_valid_support"", ""supported"": false, ""support_reasons"": [""insufficient_valid_pixels""]}, {""window_id"": 4, ""grid_rc"": ""1,0"", ""mapped"": true, ""valid_support_pct"": 100.0, ""ref_global_rect"": [3232, 1700, 3437, 1778], ""intensity_ncc"": -0.2607, ""gradient_ncc"": -0.004, ""phase_response"": -0.0033, ""phase_shift_px"": [-17.8, -2.05], ""fast_src_kps"": 906, ""fast_ref_kps"": 405, ""fast_candidates"": 0, ""fast_status"": ""no_lowes_filtered_matches"", ""supported"": false, ""support_reasons"": [], ""status"": ""evaluated""}, {""window_id"": 5, ""grid_rc"": ""1,1"", ""mapped"": true, ""valid_support_pct"": 77.2, ""ref_global_rect"": [3565, 1700, 3771, 1778], ""intensity_ncc"": -0.0227, ""gradient_ncc"": 0.0375, ""phase_response"": 0.0392, ""phase_shift_px"": [-23.23, -12.85], ""fast_src_kps"": 723, ""fast_ref_kps"": 619, ""fast_candidates"": 0, ""fast_status"": ""no_lowes_filtered_matches"", ""supported"": false, ""support_reasons"": [], ""status"": ""evaluated""}, {""window_id"": 6, ""grid_rc"": ""1,2"", ""mapped"": true, ""valid_support_pct"": 100.0, ""ref_global_rect"": [3899, 1700, 4104, 1778], ""intensity_ncc"": -0.3269, ""gradient_ncc"": 0.0116, ""phase_response"": 0.0333, ""phase_shift_px"": [-0.54, -19.87], ""fast_src_kps"": 867, ""fast_ref_kps"": 713, ""fast_candidates"": 0, ""fast_status"": ""no_lowes_filtered_matches"", ""supported"": false, ""support_reasons"": [], ""status"": ""evaluated""}, {""window_id"": 7, ""grid_rc"": ""2,0"", ""mapped"": true, ""valid_support_pct"": 0.0, ""status"": ""low_valid_support"", ""supported"": false, ""support_reasons"": [""insufficient_valid_pixels""]}, {""window_id"": 8, ""grid_rc"": ""2,1"", ""mapped"": true, ""valid_support_pct"": 0.0, ""status"": ""low_valid_support"", ""supported"": false, ""support_reasons"": [""insufficient_valid_pixels""]}, {""window_id"": 9, ""grid_rc"": ""2,2"", ""mapped"": true, ""valid_support_pct"": 0.0, ""status"": ""low_valid_support"", ""supported"": false, ""support_reasons"": [""insufficient_valid_pixels""]}]"
OHRC_PAIR_01__dx+3000m_dy-3000m,OHRC_PAIR_01,3000,-3000,600,600,SCREEN_FAIL,1,1,0,0,1,1,False,False,False,True,True,True,3368,1439,4368,4232,11.156,1720.2,-1303.61,2158.36,"[{""window_id"": 1, ""grid_rc"": ""0,0"", ""mapped"": true, ""valid_support_pct"": 0.0, ""status"": ""low_valid_support"", ""supported"": false, ""support_reasons"": [""insufficient_valid_pixels""]}, {""window_id"": 2, ""grid_rc"": ""0,1"", ""mapped"": true, ""valid_support_pct"": 0.0, ""status"": ""low_valid_support"", ""supported"": false, ""support_reasons"": [""insufficient_valid_pixels""]}, {""window_id"": 3, ""grid_rc"": ""0,2"", ""mapped"": true, ""valid_support_pct"": 0.0, ""status"": ""low_valid_support"", ""supported"": false, ""support_reasons"": [""insufficient_valid_pixels""]}, {""window_id"": 4, ""grid_rc"": ""1,0"", ""mapped"": true, ""valid_support_pct"": 100.0, ""ref_global_rect"": [3432, 2799, 3637, 2872], ""intensity_ncc"": -0.0498, ""gradient_ncc"": 0.0218, ""phase_response"": 0.0569, ""phase_shift_px"": [-13.08, 14.29], ""fast_src_kps"": 906, ""fast_ref_kps"": 519, ""fast_candidates"": 3, ""fast_status"": ""ok"", ""supported"": true, ""support_reasons"": [""phase_resp=0.057\u22650.05"", ""fast_candidates=3\u22653""], ""status"": ""evaluated""}, {""window_id"": 5, ""grid_rc"": ""1,1"", ""mapped"": true, ""valid_support_pct"": 77.2, ""ref_global_rect"": [3765, 2799, 3971, 2872], ""intensity_ncc"": 0.0594, ""gradient_ncc"": -0.0139, ""phase_response"": 0.0322, ""phase_shift_px"": [-28.48, 0.62], ""fast_src_kps"": 723, ""fast_ref_kps"": 568, ""fast_candidates"": 0, ""fast_status"": ""no_lowes_filtered_matches"", ""supported"": false, ""support_reasons"": [], ""status"": ""evaluated""}, {""window_id"": 6, ""grid_rc"": ""1,2"", ""mapped"": true, ""valid_support_pct"": 100.0, ""ref_global_rect"": [4099, 2799, 4304, 2872], ""intensity_ncc"": -0.0816, ""gradient_ncc"": -0.0235, ""phase_response"": 0.0393, ""phase_shift_px"": [33.57, 2.22], ""fast_src_kps"": 867, ""fast_ref_kps"": 616, ""fast_candidates"": 2, ""fast_status"": ""ok"", ""supported"": false, ""support_reasons"": [], ""status"": ""evaluated""}, {""window_id"": 7, ""grid_rc"": ""2,0"", ""mapped"": true, ""valid_support_pct"": 0.0, ""status"": ""low_valid_support"", ""supported"": false, ""support_reasons"": [""insufficient_valid_pixels""]}, {""window_id"": 8, ""grid_rc"": ""2,1"", ""mapped"": true, ""valid_support_pct"": 0.0, ""status"": ""low_valid_support"", ""supported"": false, ""support_reasons"": [""insufficient_valid_pixels""]}, {""window_id"": 9, ""grid_rc"": ""2,2"", ""mapped"": true, ""valid_support_pct"": 0.0, ""status"": ""low_valid_support"", ""supported"": false, ""support_reasons"": [""insufficient_valid_pixels""]}]"
OHRC_PAIR_01__dx+3000m_dy-2000m,OHRC_PAIR_01,3000,-2000,600,400,SCREEN_FAIL,3,3,2,0,2,0,False,True,True,True,False,True,3368,1239,4368,4232,11.955,1720.2,-1303.61,2158.36,"[{""window_id"": 1, ""grid_rc"": ""0,0"", ""mapped"": true, ""valid_support_pct"": 0.0, ""status"": ""low_valid_support"", ""supported"": false, ""support_reasons"": [""insufficient_valid_pixels""]}, {""window_id"": 2, ""grid_rc"": ""0,1"", ""mapped"": true, ""valid_support_pct"": 0.0, ""status"": ""low_valid_support"", ""supported"": false, ""support_reasons"": [""insufficient_valid_pixels""]}, {""window_id"": 3, ""grid_rc"": ""0,2"", ""mapped"": true, ""valid_support_pct"": 0.0, ""status"": ""low_valid_support"", ""supported"": false, ""support_reasons"": [""insufficient_valid_pixels""]}, {""window_id"": 4, ""grid_rc"": ""1,0"", ""mapped"": true, ""valid_support_pct"": 100.0, ""ref_global_rect"": [3432, 2696, 3637, 2775], ""intensity_ncc"": 0.103, ""gradient_ncc"": -0.018, ""phase_response"": 0.0495, ""phase_shift_px"": [2.83, 1.2], ""fast_src_kps"": 906, ""fast_ref_kps"": 483, ""fast_candidates"": 0, ""fast_status"": ""no_lowes_filtered_matches"", ""supported"": true, ""support_reasons"": [""intensity_ncc=0.103\u22650.08""], ""status"": ""evaluated""}, {""window_id"": 5, ""grid_rc"": ""1,1"", ""mapped"": true, ""valid_support_pct"": 77.2, ""ref_global_rect"": [3765, 2696, 3971, 2775], ""intensity_ncc"": -0.007, ""gradient_ncc"": 0.0011, ""phase_response"": 0.0595, ""phase_shift_px"": [21.19, -9.06], ""fast_src_kps"": 723, ""fast_ref_kps"": 613, ""fast_candidates"": 0, ""fast_status"": ""no_lowes_filtered_matches"", ""supported"": true, ""support_reasons"": [""phase_resp=0.059\u22650.05""], ""status"": ""evaluated""}, {""window_id"": 6, ""grid_rc"": ""1,2"", ""mapped"": true, ""valid_support_pct"": 100.0, ""ref_global_rect"": [4099, 2696, 4304, 2775], ""intensity_ncc"": 0.1889, ""gradient_ncc"": -0.0238, ""phase_response"": 0.0636, ""phase_shift_px"": [0.94, 5.02], ""fast_src_kps"": 867, ""fast_ref_kps"": 610, ""fast_candidates"": 1, ""fast_status"": ""ok"", ""supported"": true, ""support_reasons"": [""intensity_ncc=0.189\u22650.08"", ""phase_resp=0.064\u22650.05""], ""status"": ""evaluated""}, {""window_id"": 7, ""grid_rc"": ""2,0"", ""mapped"": true, ""valid_support_pct"": 0.0, ""status"": ""low_valid_support"", ""supported"": false, ""support_reasons"": [""insufficient_valid_pixels""]}, {""window_id"": 8, ""grid_rc"": ""2,1"", ""mapped"": true, ""valid_support_pct"": 0.0, ""status"": ""low_valid_support"", ""supported"": false, ""support_reasons"": [""insufficient_valid_pixels""]}, {""window_id"": 9, ""grid_rc"": ""2,2"", ""mapped"": true, ""valid_support_pct"": 0.0, ""status"": ""low_valid_support"", ""supported"": false, ""support_reasons"": [""insufficient_valid_pixels""]}]"
OHRC_PAIR_01__dx+3000m_dy-1000m,OHRC_PAIR_01,3000,-1000,600,200,SCREEN_FAIL,1,1,1,0,0,0,False,False,False,False,False,True,3368,1039,4368,4039,11.982,1720.2,-1303.61,2158.36,"[{""window_id"": 1, ""grid_rc"": ""0,0"", ""mapped"": true, ""valid_support_pct"": 0.0, ""status"": ""low_valid_support"", ""supported"": false, ""support_reasons"": [""insufficient_valid_pixels""]}, {""window_id"": 2, ""grid_rc"": ""0,1"", ""mapped"": true, ""valid_support_pct"": 0.0, ""status"": ""low_valid_support"", ""supported"": false, ""support_reasons"": [""insufficient_valid_pixels""]}, {""window_id"": 3, ""grid_rc"": ""0,2"", ""mapped"": true, ""valid_support_pct"": 0.0, ""status"": ""low_valid_support"", ""supported"": false, ""support_reasons"": [""insufficient_valid_pixels""]}, {""window_id"": 4, ""grid_rc"": ""1,0"", ""mapped"": true, ""valid_support_pct"": 100.0, ""ref_global_rect"": [3432, 2500, 3637, 2578], ""intensity_ncc"": 0.1304, ""gradient_ncc"": -0.0102, ""phase_response"": 0.0177, ""phase_shift_px"": [1.55, -13.71], ""fast_src_kps"": 906, ""fast_ref_kps"": 505, ""fast_candidates"": 0, ""fast_status"": ""no_lowes_filtered_matches"", ""supported"": true, ""support_reasons"": [""intensity_ncc=0.130\u22650.08""], ""status"": ""evaluated""}, {""window_id"": 5, ""grid_rc"": ""1,1"", ""mapped"": true, ""valid_support_pct"": 77.2, ""ref_global_rect"": [3765, 2500, 3971, 2578], ""intensity_ncc"": -0.0511, ""gradient_ncc"": -0.0161, ""phase_response"": 0.0062, ""phase_shift_px"": [13.58, -8.74], ""fast_src_kps"": 723, ""fast_ref_kps"": 610, ""fast_candidates"": 0, ""fast_status"": ""no_lowes_filtered_matches"", ""supported"": false, ""support_reasons"": [], ""status"": ""evaluated""}, {""window_id"": 6, ""grid_rc"": ""1,2"", ""mapped"": true, ""valid_support_pct"": 100.0, ""ref_global_rect"": [4099, 2500, 4304, 2578], ""intensity_ncc"": 0.074, ""gradient_ncc"": 0.005, ""phase_response"": 0.0393, ""phase_shift_px"": [4.06, 1.33], ""fast_src_kps"": 867, ""fast_ref_kps"": 711, ""fast_candidates"": 0, ""fast_status"": ""no_lowes_filtered_matches"", ""supported"": false, ""support_reasons"": [], ""status"": ""evaluated""}, {""window_id"": 7, ""grid_rc"": ""2,0"", ""mapped"": true, ""valid_support_pct"": 0.0, ""status"": ""low_valid_support"", ""supported"": false, ""support_reasons"": [""insufficient_valid_pixels""]}, {""window_id"": 8, ""grid_rc"": ""2,1"", ""mapped"": true, ""valid_support_pct"": 0.0, ""status"": ""low_valid_support"", ""supported"": false, ""support_reasons"": [""insufficient_valid_pixels""]}, {""window_id"": 9, ""grid_rc"": ""2,2"", ""mapped"": true, ""valid_support_pct"": 0.0, ""status"": ""low_valid_support"", ""supported"": false, ""support_reasons"": [""insufficient_valid_pixels""]}]"
OHRC_PAIR_01__dx+3000m_dy+0m,OHRC_PAIR_01,3000,0,600,0,INSUFFICIENT_SUPPORT,0,0,0,0,0,0,False,False,False,False,False,True,3368,839,4368,3839,11.982,1720.2,-1303.61,2158.36,"[{""window_id"": 1, ""grid_rc"": ""0,0"", ""mapped"": true, ""valid_support_pct"": 0.0, ""status"": ""low_valid_support"", ""supported"": false, ""support_reasons"": [""insufficient_valid_pixels""]}, {""window_id"": 2, ""grid_rc"": ""0,1"", ""mapped"": true, ""valid_support_pct"": 0.0, ""status"": ""low_valid_support"", ""supported"": false, ""support_reasons"": [""insufficient_valid_pixels""]}, {""window_id"": 3, ""grid_rc"": ""0,2"", ""mapped"": true, ""valid_support_pct"": 0.0, ""status"": ""low_valid_support"", ""supported"": false, ""support_reasons"": [""insufficient_valid_pixels""]}, {""window_id"": 4, ""grid_rc"": ""1,0"", ""mapped"": true, ""valid_support_pct"": 100.0, ""ref_global_rect"": [3432, 2300, 3637, 2378], ""intensity_ncc"": -0.0737, ""gradient_ncc"": 0.024, ""phase_response"": 0.0338, ""phase_shift_px"": [-2.99, -12.79], ""fast_src_kps"": 906, ""fast_ref_kps"": 573, ""fast_candidates"": 0, ""fast_status"": ""no_lowes_filtered_matches"", ""supported"": false, ""support_reasons"": [], ""status"": ""evaluated""}, {""window_id"": 5, ""grid_rc"": ""1,1"", ""mapped"": true, ""valid_support_pct"": 77.2, ""ref_global_rect"": [3765, 2300, 3971, 2378], ""intensity_ncc"": -0.0217, ""gradient_ncc"": 0.0064, ""phase_response"": 0.0146, ""phase_shift_px"": [-30.38, 6.9], ""fast_src_kps"": 723, ""fast_ref_kps"": 662, ""fast_candidates"": 0, ""fast_status"": ""no_lowes_filtered_matches"", ""supported"": false, ""support_reasons"": [], ""status"": ""evaluated""}, {""window_id"": 6, ""grid_rc"": ""1,2"", ""mapped"": true, ""valid_support_pct"": 100.0, ""ref_global_rect"": [4099, 2300, 4304, 2378], ""intensity_ncc"": -0.0675, ""gradient_ncc"": -0.0118, ""phase_response"": 0.002, ""phase_shift_px"": [-82.21, 47.22], ""fast_src_kps"": 867, ""fast_ref_kps"": 619, ""fast_candidates"": 0, ""fast_status"": ""no_lowes_filtered_matches"", ""supported"": false, ""support_reasons"": [], ""status"": ""evaluated""}, {""window_id"": 7, ""grid_rc"": ""2,0"", ""mapped"": true, ""valid_support_pct"": 0.0, ""status"": ""low_valid_support"", ""supported"": false, ""support_reasons"": [""insufficient_valid_pixels""]}, {""window_id"": 8, ""grid_rc"": ""2,1"", ""mapped"": true, ""valid_support_pct"": 0.0, ""status"": ""low_valid_support"", ""supported"": false, ""support_reasons"": [""insufficient_valid_pixels""]}, {""window_id"": 9, ""grid_rc"": ""2,2"", ""mapped"": true, ""valid_support_pct"": 0.0, ""status"": ""low_valid_support"", ""supported"": false, ""support_reasons"": [""insufficient_valid_pixels""]}]"
OHRC_PAIR_01__dx+3000m_dy+1000m,OHRC_PAIR_01,3000,1000,600,-200,SCREEN_FAIL,2,2,1,0,2,0,False,False,False,True,False,True,3368,639,4368,3639,11.982,1720.2,-1303.61,2158.36,"[{""window_id"": 1, ""grid_rc"": ""0,0"", ""mapped"": true, ""valid_support_pct"": 0.0, ""status"": ""low_valid_support"", ""supported"": false, ""support_reasons"": [""insufficient_valid_pixels""]}, {""window_id"": 2, ""grid_rc"": ""0,1"", ""mapped"": true, ""valid_support_pct"": 0.0, ""status"": ""low_valid_support"", ""supported"": false, ""support_reasons"": [""insufficient_valid_pixels""]}, {""window_id"": 3, ""grid_rc"": ""0,2"", ""mapped"": true, ""valid_support_pct"": 0.0, ""status"": ""low_valid_support"", ""supported"": false, ""support_reasons"": [""insufficient_valid_pixels""]}, {""window_id"": 4, ""grid_rc"": ""1,0"", ""mapped"": true, ""valid_support_pct"": 100.0, ""ref_global_rect"": [3432, 2100, 3637, 2178], ""intensity_ncc"": -0.0235, ""gradient_ncc"": 0.0067, ""phase_response"": 0.0456, ""phase_shift_px"": [2.31, 3.06], ""fast_src_kps"": 906, ""fast_ref_kps"": 629, ""fast_candidates"": 0, ""fast_status"": ""no_lowes_filtered_matches"", ""supported"": false, ""support_reasons"": [], ""status"": ""evaluated""}, {""window_id"": 5, ""grid_rc"": ""1,1"", ""mapped"": true, ""valid_support_pct"": 77.2, ""ref_global_rect"": [3765, 2100, 3971, 2178], ""intensity_ncc"": -0.0241, ""gradient_ncc"": -0.0203, ""phase_response"": 0.0501, ""phase_shift_px"": [2.74, -19.43], ""fast_src_kps"": 723, ""fast_ref_kps"": 638, ""fast_candidates"": 0, ""fast_status"": ""no_lowes_filtered_matches"", ""supported"": true, ""support_reasons"": [""phase_resp=0.050\u22650.05""], ""status"": ""evaluated""}, {""window_id"": 6, ""grid_rc"": ""1,2"", ""mapped"": true, ""valid_support_pct"": 100.0, ""ref_global_rect"": [4099, 2100, 4304, 2178], ""intensity_ncc"": 0.2993, ""gradient_ncc"": 0.0164, ""phase_response"": 0.0889, ""phase_shift_px"": [-5.97, 3.52], ""fast_src_kps"": 867, ""fast_ref_kps"": 500, ""fast_candidates"": 1, ""fast_status"": ""ok"", ""supported"": true, ""support_reasons"": [""intensity_ncc=0.299\u22650.08"", ""phase_resp=0.089\u22650.05""], ""status"": ""evaluated""}, {""window_id"": 7, ""grid_rc"": ""2,0"", ""mapped"": true, ""valid_support_pct"": 0.0, ""status"": ""low_valid_support"", ""supported"": false, ""support_reasons"": [""insufficient_valid_pixels""]}, {""window_id"": 8, ""grid_rc"": ""2,1"", ""mapped"": true, ""valid_support_pct"": 0.0, ""status"": ""low_valid_support"", ""supported"": false, ""support_reasons"": [""insufficient_valid_pixels""]}, {""window_id"": 9, ""grid_rc"": ""2,2"", ""mapped"": true, ""valid_support_pct"": 0.0, ""status"": ""low_valid_support"", ""supported"": false, ""support_reasons"": [""insufficient_valid_pixels""]}]"
OHRC_PAIR_01__dx+3000m_dy+2000m,OHRC_PAIR_01,3000,2000,600,-400,SCREEN_FAIL,2,2,0,0,2,0,False,False,False,True,False,True,3368,439,4368,3439,11.982,1720.2,-1303.61,2158.36,"[{""window_id"": 1, ""grid_rc"": ""0,0"", ""mapped"": true, ""valid_support_pct"": 0.0, ""status"": ""low_valid_support"", ""supported"": false, ""support_reasons"": [""insufficient_valid_pixels""]}, {""window_id"": 2, ""grid_rc"": ""0,1"", ""mapped"": true, ""valid_support_pct"": 0.0, ""status"": ""low_valid_support"", ""supported"": false, ""support_reasons"": [""insufficient_valid_pixels""]}, {""window_id"": 3, ""grid_rc"": ""0,2"", ""mapped"": true, ""valid_support_pct"": 0.0, ""status"": ""low_valid_support"", ""supported"": false, ""support_reasons"": [""insufficient_valid_pixels""]}, {""window_id"": 4, ""grid_rc"": ""1,0"", ""mapped"": true, ""valid_support_pct"": 100.0, ""ref_global_rect"": [3432, 1900, 3637, 1978], ""intensity_ncc"": -0.0826, ""gradient_ncc"": 0.0319, ""phase_response"": 0.0978, ""phase_shift_px"": [9.54, -0.77], ""fast_src_kps"": 906, ""fast_ref_kps"": 709, ""fast_candidates"": 0, ""fast_status"": ""no_lowes_filtered_matches"", ""supported"": true, ""support_reasons"": [""phase_resp=0.098\u22650.05""], ""status"": ""evaluated""}, {""window_id"": 5, ""grid_rc"": ""1,1"", ""mapped"": true, ""valid_support_pct"": 77.2, ""ref_global_rect"": [3765, 1900, 3971, 1978], ""intensity_ncc"": -0.0464, ""gradient_ncc"": 0.0054, ""phase_response"": 0.0539, ""phase_shift_px"": [-20.93, -17.78], ""fast_src_kps"": 723, ""fast_ref_kps"": 605, ""fast_candidates"": 0, ""fast_status"": ""no_lowes_filtered_matches"", ""supported"": true, ""support_reasons"": [""phase_resp=0.054\u22650.05""], ""status"": ""evaluated""}, {""window_id"": 6, ""grid_rc"": ""1,2"", ""mapped"": true, ""valid_support_pct"": 100.0, ""ref_global_rect"": [4099, 1900, 4304, 1978], ""intensity_ncc"": -0.3526, ""gradient_ncc"": -0.0028, ""phase_response"": 0.0097, ""phase_shift_px"": [-29.32, -1.18], ""fast_src_kps"": 867, ""fast_ref_kps"": 569, ""fast_candidates"": 0, ""fast_status"": ""no_lowes_filtered_matches"", ""supported"": false, ""support_reasons"": [], ""status"": ""evaluated""}, {""window_id"": 7, ""grid_rc"": ""2,0"", ""mapped"": true, ""valid_support_pct"": 0.0, ""status"": ""low_valid_support"", ""supported"": false, ""support_reasons"": [""insufficient_valid_pixels""]}, {""window_id"": 8, ""grid_rc"": ""2,1"", ""mapped"": true, ""valid_support_pct"": 0.0, ""status"": ""low_valid_support"", ""supported"": false, ""support_reasons"": [""insufficient_valid_pixels""]}, {""window_id"": 9, ""grid_rc"": ""2,2"", ""mapped"": true, ""valid_support_pct"": 0.0, ""status"": ""low_valid_support"", ""supported"": false, ""support_reasons"": [""insufficient_valid_pixels""]}]"
OHRC_PAIR_01__dx+3000m_dy+3000m,OHRC_PAIR_01,3000,3000,600,-600,SCREEN_FAIL,2,2,0,0,2,0,False,False,False,True,False,True,3368,239,4368,3239,11.982,1720.2,-1303.61,2158.36,"[{""window_id"": 1, ""grid_rc"": ""0,0"", ""mapped"": true, ""valid_support_pct"": 0.0, ""status"": ""low_valid_support"", ""supported"": false, ""support_reasons"": [""insufficient_valid_pixels""]}, {""window_id"": 2, ""grid_rc"": ""0,1"", ""mapped"": true, ""valid_support_pct"": 0.0, ""status"": ""low_valid_support"", ""supported"": false, ""support_reasons"": [""insufficient_valid_pixels""]}, {""window_id"": 3, ""grid_rc"": ""0,2"", ""mapped"": true, ""valid_support_pct"": 0.0, ""status"": ""low_valid_support"", ""supported"": false, ""support_reasons"": [""insufficient_valid_pixels""]}, {""window_id"": 4, ""grid_rc"": ""1,0"", ""mapped"": true, ""valid_support_pct"": 100.0, ""ref_global_rect"": [3432, 1700, 3637, 1778], ""intensity_ncc"": 0.0294, ""gradient_ncc"": 0.0337, ""phase_response"": 0.0131, ""phase_shift_px"": [22.16, 12.8], ""fast_src_kps"": 906, ""fast_ref_kps"": 725, ""fast_candidates"": 0, ""fast_status"": ""no_lowes_filtered_matches"", ""supported"": false, ""support_reasons"": [], ""status"": ""evaluated""}, {""window_id"": 5, ""grid_rc"": ""1,1"", ""mapped"": true, ""valid_support_pct"": 77.2, ""ref_global_rect"": [3765, 1700, 3971, 1778], ""intensity_ncc"": -0.0868, ""gradient_ncc"": -0.021, ""phase_response"": 0.0581, ""phase_shift_px"": [9.1, 1.72], ""fast_src_kps"": 723, ""fast_ref_kps"": 568, ""fast_candidates"": 0, ""fast_status"": ""no_lowes_filtered_matches"", ""supported"": true, ""support_reasons"": [""phase_resp=0.058\u22650.05""], ""status"": ""evaluated""}, {""window_id"": 6, ""grid_rc"": ""1,2"", ""mapped"": true, ""valid_support_pct"": 100.0, ""ref_global_rect"": [4099, 1700, 4304, 1778], ""intensity_ncc"": -0.3634, ""gradient_ncc"": 0.026, ""phase_response"": 0.0646, ""phase_shift_px"": [-26.24, -0.61], ""fast_src_kps"": 867, ""fast_ref_kps"": 256, ""fast_candidates"": 0, ""fast_status"": ""no_lowes_filtered_matches"", ""supported"": true, ""support_reasons"": [""phase_resp=0.065\u22650.05""], ""status"": ""evaluated""}, {""window_id"": 7, ""grid_rc"": ""2,0"", ""mapped"": true, ""valid_support_pct"": 0.0, ""status"": ""low_valid_support"", ""supported"": false, ""support_reasons"": [""insufficient_valid_pixels""]}, {""window_id"": 8, ""grid_rc"": ""2,1"", ""mapped"": true, ""valid_support_pct"": 0.0, ""status"": ""low_valid_support"", ""supported"": false, ""support_reasons"": [""insufficient_valid_pixels""]}, {""window_id"": 9, ""grid_rc"": ""2,2"", ""mapped"": true, ""valid_support_pct"": 0.0, ""status"": ""low_valid_support"", ""supported"": false, ""support_reasons"": [""insufficient_valid_pixels""]}]"
OHRC_PAIR_02__dx-3000m_dy-3000m,OHRC_PAIR_02,-3000,-3000,-600,600,SCREEN_PASS,5,5,2,2,4,1,True,True,True,True,True,True,266,1779,1266,4779,18.426,283.56,1232.74,1264.93,"[{""window_id"": 1, ""grid_rc"": ""0,0"", ""mapped"": true, ""valid_support_pct"": 86.7, ""ref_global_rect"": [334, 2241, 531, 2317], ""intensity_ncc"": 0.1033, ""gradient_ncc"": 0.0709, ""phase_response"": 0.0859, ""phase_shift_px"": [-9.64, -4.27], ""fast_src_kps"": 744, ""fast_ref_kps"": 687, ""fast_candidates"": 0, ""fast_status"": ""no_lowes_filtered_matches"", ""supported"": true, ""support_reasons"": [""intensity_ncc=0.103\u22650.08"", ""gradient_ncc=0.071\u22650.06"", ""phase_resp=0.086\u22650.05""], ""status"": ""evaluated""}, {""window_id"": 2, ""grid_rc"": ""0,1"", ""mapped"": true, ""valid_support_pct"": 79.7, ""ref_global_rect"": [667, 2241, 865, 2317], ""intensity_ncc"": 0.3857, ""gradient_ncc"": 0.0837, ""phase_response"": 0.0313, ""phase_shift_px"": [25.88, 8.31], ""fast_src_kps"": 558, ""fast_ref_kps"": 460, ""fast_candidates"": 0, ""fast_status"": ""no_lowes_filtered_matches"", ""supported"": true, ""support_reasons"": [""intensity_ncc=0.386\u22650.08"", ""gradient_ncc=0.084\u22650.06""], ""status"": ""evaluated""}, {""window_id"": 3, ""grid_rc"": ""0,2"", ""mapped"": true, ""valid_support_pct"": 56.3, ""ref_global_rect"": [1001, 2241, 1198, 2317], ""intensity_ncc"": -0.1607, ""gradient_ncc"": -0.0436, ""phase_response"": 0.0649, ""phase_shift_px"": [14.81, 16.41], ""fast_src_kps"": 487, ""fast_ref_kps"": 414, ""fast_candidates"": 1, ""fast_status"": ""ok"", ""supported"": true, ""support_reasons"": [""phase_resp=0.065\u22650.05""], ""status"": ""evaluated""}, {""window_id"": 4, ""grid_rc"": ""1,0"", ""mapped"": true, ""valid_support_pct"": 47.8, ""status"": ""low_valid_support"", ""supported"": false, ""support_reasons"": [""insufficient_valid_pixels""]}, {""window_id"": 5, ""grid_rc"": ""1,1"", ""mapped"": true, ""valid_support_pct"": 98.4, ""ref_global_rect"": [667, 3241, 865, 3317], ""intensity_ncc"": 0.0689, ""gradient_ncc"": -0.0122, ""phase_response"": 0.0524, ""phase_shift_px"": [-1.85, -23.26], ""fast_src_kps"": 766, ""fast_ref_kps"": 399, ""fast_candidates"": 5, ""fast_status"": ""ok"", ""supported"": true, ""support_reasons"": [""phase_resp=0.052\u22650.05"", ""fast_candidates=5\u22653""], ""status"": ""evaluated""}, {""window_id"": 6, ""grid_rc"": ""1,2"", ""mapped"": true, ""valid_support_pct"": 30.2, ""status"": ""low_valid_support"", ""supported"": false, ""support_reasons"": [""insufficient_valid_pixels""]}, {""window_id"": 7, ""grid_rc"": ""2,0"", ""mapped"": true, ""valid_support_pct"": 0.5, ""status"": ""low_valid_support"", ""supported"": false, ""support_reasons"": [""insufficient_valid_pixels""]}, {""window_id"": 8, ""grid_rc"": ""2,1"", ""mapped"": true, ""valid_support_pct"": 44.4, ""status"": ""low_valid_support"", ""supported"": false, ""support_reasons"": [""insufficient_valid_pixels""]}, {""window_id"": 9, ""grid_rc"": ""2,2"", ""mapped"": true, ""valid_support_pct"": 100.0, ""ref_global_rect"": [1001, 4241, 1198, 4317], ""intensity_ncc"": -0.3368, ""gradient_ncc"": 0.0295, ""phase_response"": 0.068, ""phase_shift_px"": [5.28, -27.12], ""fast_src_kps"": 792, ""fast_ref_kps"": 480, ""fast_candidates"": 0, ""fast_status"": ""no_lowes_filtered_matches"", ""supported"": true, ""support_reasons"": [""phase_resp=0.068\u22650.05""], ""status"": ""evaluated""}]"
OHRC_PAIR_02__dx-3000m_dy-2000m,OHRC_PAIR_02,-3000,-2000,-600,400,SCREEN_FAIL,4,4,3,1,2,0,False,True,True,True,False,True,266,1579,1266,4579,18.426,283.56,1232.74,1264.93,"[{""window_id"": 1, ""grid_rc"": ""0,0"", ""mapped"": true, ""valid_support_pct"": 86.7, ""ref_global_rect"": [334, 2041, 531, 2117], ""intensity_ncc"": 0.0078, ""gradient_ncc"": -0.0329, ""phase_response"": 0.0292, ""phase_shift_px"": [3.21, 7.21], ""fast_src_kps"": 744, ""fast_ref_kps"": 296, ""fast_candidates"": 0, ""fast_status"": ""no_lowes_filtered_matches"", ""supported"": false, ""support_reasons"": [], ""status"": ""evaluated""}, {""window_id"": 2, ""grid_rc"": ""0,1"", ""mapped"": true, ""valid_support_pct"": 79.7, ""ref_global_rect"": [667, 2041, 865, 2117], ""intensity_ncc"": 0.262, ""gradient_ncc"": 0.076, ""phase_response"": 0.1091, ""phase_shift_px"": [10.46, 23.9], ""fast_src_kps"": 558, ""fast_ref_kps"": 147, ""fast_candidates"": 0, ""fast_status"": ""no_lowes_filtered_matches"", ""supported"": true, ""support_reasons"": [""intensity_ncc=0.262\u22650.08"", ""gradient_ncc=0.076\u22650.06"", ""phase_resp=0.109\u22650.05""], ""status"": ""evaluated""}, {""window_id"": 3, ""grid_rc"": ""0,2"", ""mapped"": true, ""valid_support_pct"": 56.3, ""ref_global_rect"": [1001, 2041, 1198, 2117], ""intensity_ncc"": 0.1014, ""gradient_ncc"": 0.0223, ""phase_response"": -0.0107, ""phase_shift_px"": [-12.27, 11.01], ""fast_src_kps"": 487, ""fast_ref_kps"": 168, ""fast_candidates"": 0, ""fast_status"": ""no_lowes_filtered_matches"", ""supported"": true, ""support_reasons"": [""intensity_ncc=0.101\u22650.08""], ""status"": ""evaluated""}, {""window_id"": 4, ""grid_rc"": ""1,0"", ""mapped"": true, ""valid_support_pct"": 47.8, ""status"": ""low_valid_support"", ""supported"": false, ""support_reasons"": [""insufficient_valid_pixels""]}, {""window_id"": 5, ""grid_rc"": ""1,1"", ""mapped"": true, ""valid_support_pct"": 98.4, ""ref_global_rect"": [667, 3041, 865, 3117], ""intensity_ncc"": -0.2062, ""gradient_ncc"": 0.0186, ""phase_response"": 0.1132, ""phase_shift_px"": [3.6, -20.83], ""fast_src_kps"": 766, ""fast_ref_kps"": 350, ""fast_candidates"": 1, ""fast_status"": ""ok"", ""supported"": true, ""support_reasons"": [""phase_resp=0.113\u22650.05""], ""status"": ""evaluated""}, {""window_id"": 6, ""grid_rc"": ""1,2"", ""mapped"": true, ""valid_support_pct"": 30.2, ""status"": ""low_valid_support"", ""supported"": false, ""support_reasons"": [""insufficient_valid_pixels""]}, {""window_id"": 7, ""grid_rc"": ""2,0"", ""mapped"": true, ""valid_support_pct"": 0.5, ""status"": ""low_valid_support"", ""supported"": false, ""support_reasons"": [""insufficient_valid_pixels""]}, {""window_id"": 8, ""grid_rc"": ""2,1"", ""mapped"": true, ""valid_support_pct"": 44.4, ""status"": ""low_valid_support"", ""supported"": false, ""support_reasons"": [""insufficient_valid_pixels""]}, {""window_id"": 9, ""grid_rc"": ""2,2"", ""mapped"": true, ""valid_support_pct"": 100.0, ""ref_global_rect"": [1001, 4041, 1198, 4117], ""intensity_ncc"": 0.3025, ""gradient_ncc"": -0.0586, ""phase_response"": -0.025, ""phase_shift_px"": [18.32, 16.0], ""fast_src_kps"": 792, ""fast_ref_kps"": 434, ""fast_candidates"": 0, ""fast_status"": ""no_lowes_filtered_matches"", ""supported"": true, ""support_reasons"": [""intensity_ncc=0.302\u22650.08""], ""status"": ""evaluated""}]"
OHRC_PAIR_02__dx-3000m_dy-1000m,OHRC_PAIR_02,-3000,-1000,-600,200,SCREEN_PASS,3,3,1,0,1,1,False,True,True,True,True,True,266,1379,1266,4379,18.426,283.56,1232.74,1264.93,"[{""window_id"": 1, ""grid_rc"": ""0,0"", ""mapped"": true, ""valid_support_pct"": 86.7, ""ref_global_rect"": [334, 1841, 531, 1917], ""intensity_ncc"": -0.0555, ""gradient_ncc"": -0.0069, ""phase_response"": 0.0508, ""phase_shift_px"": [6.91, 24.54], ""fast_src_kps"": 744, ""fast_ref_kps"": 322, ""fast_candidates"": 0, ""fast_status"": ""no_lowes_filtered_matches"", ""supported"": true, ""support_reasons"": [""phase_resp=0.051\u22650.05""], ""status"": ""evaluated""}, {""window_id"": 2, ""grid_rc"": ""0,1"", ""mapped"": true, ""valid_support_pct"": 79.7, ""ref_global_rect"": [667, 1841, 865, 1917], ""intensity_ncc"": 0.2276, ""gradient_ncc"": 0.0519, ""phase_response"": 0.0042, ""phase_shift_px"": [20.37, -7.85], ""fast_src_kps"": 558, ""fast_ref_kps"": 52, ""fast_candidates"": 0, ""fast_status"": ""no_lowes_filtered_matches"", ""supported"": true, ""support_reasons"": [""intensity_ncc=0.228\u22650.08""], ""status"": ""evaluated""}, {""window_id"": 3, ""grid_rc"": ""0,2"", ""mapped"": true, ""valid_support_pct"": 56.3, ""ref_global_rect"": [1001, 1841, 1198, 1917], ""intensity_ncc"": 0.064, ""gradient_ncc"": -0.008, ""phase_response"": 0.0225, ""phase_shift_px"": [10.04, -0.55], ""fast_src_kps"": 487, ""fast_ref_kps"": 356, ""fast_candidates"": 0, ""fast_status"": ""no_lowes_filtered_matches"", ""supported"": false, ""support_reasons"": [], ""status"": ""evaluated""}, {""window_id"": 4, ""grid_rc"": ""1,0"", ""mapped"": true, ""valid_support_pct"": 47.8, ""status"": ""low_valid_support"", ""supported"": false, ""support_reasons"": [""insufficient_valid_pixels""]}, {""window_id"": 5, ""grid_rc"": ""1,1"", ""mapped"": true, ""valid_support_pct"": 98.4, ""ref_global_rect"": [667, 2841, 865, 2917], ""intensity_ncc"": -0.1898, ""gradient_ncc"": 0.0039, ""phase_response"": 0.0346, ""phase_shift_px"": [20.03, 30.08], ""fast_src_kps"": 766, ""fast_ref_kps"": 450, ""fast_candidates"": 3, ""fast_status"": ""ok"", ""supported"": true, ""support_reasons"": [""fast_candidates=3\u22653""], ""status"": ""evaluated""}, {""window_id"": 6, ""grid_rc"": ""1,2"", ""mapped"": true, ""valid_support_pct"": 30.2, ""status"": ""low_valid_support"", ""supported"": false, ""support_reasons"": [""insufficient_valid_pixels""]}, {""window_id"": 7, ""grid_rc"": ""2,0"", ""mapped"": true, ""valid_support_pct"": 0.5, ""status"": ""low_valid_support"", ""supported"": false, ""support_reasons"": [""insufficient_valid_pixels""]}, {""window_id"": 8, ""grid_rc"": ""2,1"", ""mapped"": true, ""valid_support_pct"": 44.4, ""status"": ""low_valid_support"", ""supported"": false, ""support_reasons"": [""insufficient_valid_pixels""]}, {""window_id"": 9, ""grid_rc"": ""2,2"", ""mapped"": true, ""valid_support_pct"": 100.0, ""ref_global_rect"": [1001, 3841, 1198, 3917], ""intensity_ncc"": -0.0386, ""gradient_ncc"": 0.018, ""phase_response"": -0.0293, ""phase_shift_px"": [-10.36, -30.46], ""fast_src_kps"": 792, ""fast_ref_kps"": 411, ""fast_candidates"": 1, ""fast_status"": ""ok"", ""supported"": false, ""support_reasons"": [], ""status"": ""evaluated""}]"
OHRC_PAIR_02__dx-3000m_dy+0m,OHRC_PAIR_02,-3000,0,-600,0,SCREEN_FAIL,1,1,0,0,1,0,False,False,False,True,False,True,266,1179,1266,4179,18.426,283.56,1232.74,1264.93,"[{""window_id"": 1, ""grid_rc"": ""0,0"", ""mapped"": true, ""valid_support_pct"": 86.7, ""ref_global_rect"": [334, 1641, 531, 1717], ""intensity_ncc"": -0.1356, ""gradient_ncc"": -0.1234, ""phase_response"": 0.1447, ""phase_shift_px"": [44.29, -3.53], ""fast_src_kps"": 744, ""fast_ref_kps"": 238, ""fast_candidates"": 0, ""fast_status"": ""no_lowes_filtered_matches"", ""supported"": true, ""support_reasons"": [""phase_resp=0.145\u22650.05""], ""status"": ""evaluated""}, {""window_id"": 2, ""grid_rc"": ""0,1"", ""mapped"": true, ""valid_support_pct"": 79.7, ""ref_global_rect"": [667, 1641, 865, 1717], ""intensity_ncc"": -0.0822, ""gradient_ncc"": 0.0008, ""phase_response"": -0.003, ""phase_shift_px"": [-49.38, -5.99], ""fast_src_kps"": 558, ""fast_ref_kps"": 78, ""fast_candidates"": 1, ""fast_status"": ""ok"", ""supported"": false, ""support_reasons"": [], ""status"": ""evaluated""}, {""window_id"": 3, ""grid_rc"": ""0,2"", ""mapped"": true, ""valid_support_pct"": 56.3, ""ref_global_rect"": [1001, 1641, 1198, 1717], ""intensity_ncc"": 0.0105, ""gradient_ncc"": 0.0462, ""phase_response"": 0.0367, ""phase_shift_px"": [-0.38, 54.22], ""fast_src_kps"": 487, ""fast_ref_kps"": 318, ""fast_candidates"": 0, ""fast_status"": ""no_lowes_filtered_matches"", ""supported"": false, ""support_reasons"": [], ""status"": ""evaluated""}, {""window_id"": 4, ""grid_rc"": ""1,0"", ""mapped"": true, ""valid_support_pct"": 47.8, ""status"": ""low_valid_support"", ""supported"": false, ""support_reasons"": [""insufficient_valid_pixels""]}, {""window_id"": 5, ""grid_rc"": ""1,1"", ""mapped"": true, ""valid_support_pct"": 98.4, ""ref_global_rect"": [667, 2641, 865, 2717], ""intensity_ncc"": 0.0457, ""gradient_ncc"": 0.0377, ""phase_response"": 0.0275, ""phase_shift_px"": [45.62, 25.13], ""fast_src_kps"": 766, ""fast_ref_kps"": 274, ""fast_candidates"": 0, ""fast_status"": ""no_lowes_filtered_matches"", ""supported"": false, ""support_reasons"": [], ""status"": ""evaluated""}, {""window_id"": 6, ""grid_rc"": ""1,2"", ""mapped"": true, ""valid_support_pct"": 30.2, ""status"": ""low_valid_support"", ""supported"": false, ""support_reasons"": [""insufficient_valid_pixels""]}, {""window_id"": 7, ""grid_rc"": ""2,0"", ""mapped"": true, ""valid_support_pct"": 0.5, ""status"": ""low_valid_support"", ""supported"": false, ""support_reasons"": [""insufficient_valid_pixels""]}, {""window_id"": 8, ""grid_rc"": ""2,1"", ""mapped"": true, ""valid_support_pct"": 44.4, ""status"": ""low_valid_support"", ""supported"": false, ""support_reasons"": [""insufficient_valid_pixels""]}, {""window_id"": 9, ""grid_rc"": ""2,2"", ""mapped"": true, ""valid_support_pct"": 100.0, ""ref_global_rect"": [1001, 3641, 1198, 3717], ""intensity_ncc"": -0.2593, ""gradient_ncc"": -0.0136, ""phase_response"": -0.0093, ""phase_shift_px"": [-15.26, 9.95], ""fast_src_kps"": 792, ""fast_ref_kps"": 433, ""fast_candidates"": 1, ""fast_status"": ""ok"", ""supported"": false, ""support_reasons"": [], ""status"": ""evaluated""}]"
OHRC_PAIR_02__dx-3000m_dy+1000m,OHRC_PAIR_02,-3000,1000,-600,-200,SCREEN_FAIL,3,3,1,0,2,0,False,True,True,True,False,True,266,979,1266,3979,18.426,283.56,1232.74,1264.93,"[{""window_id"": 1, ""grid_rc"": ""0,0"", ""mapped"": true, ""valid_support_pct"": 86.7, ""ref_global_rect"": [334, 1441, 531, 1517], ""intensity_ncc"": -0.086, ""gradient_ncc"": 0.0139, ""phase_response"": 0.0713, ""phase_shift_px"": [-45.6, -8.7], ""fast_src_kps"": 744, ""fast_ref_kps"": 358, ""fast_candidates"": 0, ""fast_status"": ""no_lowes_filtered_matches"", ""supported"": true, ""support_reasons"": [""phase_resp=0.071\u22650.05""], ""status"": ""evaluated""}, {""window_id"": 2, ""grid_rc"": ""0,1"", ""mapped"": true, ""valid_support_pct"": 79.7, ""ref_global_rect"": [667, 1441, 865, 1517], ""intensity_ncc"": -0.2246, ""gradient_ncc"": -0.1208, ""phase_response"": 0.077, ""phase_shift_px"": [-18.04, -48.46], ""fast_src_kps"": 558, ""fast_ref_kps"": 61, ""fast_candidates"": 1, ""fast_status"": ""ok"", ""supported"": true, ""support_reasons"": [""phase_resp=0.077\u22650.05""], ""status"": ""evaluated""}, {""window_id"": 3, ""grid_rc"": ""0,2"", ""mapped"": true, ""valid_support_pct"": 56.3, ""ref_global_rect"": [1001, 1441, 1198, 1517], ""intensity_ncc"": -0.0737, ""gradient_ncc"": -0.0642, ""phase_response"": 0.0454, ""phase_shift_px"": [18.25, 14.97], ""fast_src_kps"": 487, ""fast_ref_kps"": 322, ""fast_candidates"": 1, ""fast_status"": ""ok"", ""supported"": false, ""support_reasons"": [], ""status"": ""evaluated""}, {""window_id"": 4, ""grid_rc"": ""1,0"", ""mapped"": true, ""valid_support_pct"": 47.8, ""status"": ""low_valid_support"", ""supported"": false, ""support_reasons"": [""insufficient_valid_pixels""]}, {""window_id"": 5, ""grid_rc"": ""1,1"", ""mapped"": true, ""valid_support_pct"": 98.4, ""ref_global_rect"": [667, 2441, 865, 2517], ""intensity_ncc"": 0.1297, ""gradient_ncc"": 0.0062, ""phase_response"": -0.0199, ""phase_shift_px"": [-13.71, -26.24], ""fast_src_kps"": 766, ""fast_ref_kps"": 78, ""fast_candidates"": 0, ""fast_status"": ""no_lowes_filtered_matches"", ""supported"": true, ""support_reasons"": [""intensity_ncc=0.130\u22650.08""], ""status"": ""evaluated""}, {""window_id"": 6, ""grid_rc"": ""1,2"", ""mapped"": true, ""valid_support_pct"": 30.2, ""status"": ""low_valid_support"", ""supported"": false, ""support_reasons"": [""insufficient_valid_pixels""]}, {""window_id"": 7, ""grid_rc"": ""2,0"", ""mapped"": true, ""valid_support_pct"": 0.5, ""status"": ""low_valid_support"", ""supported"": false, ""support_reasons"": [""insufficient_valid_pixels""]}, {""window_id"": 8, ""grid_rc"": ""2,1"", ""mapped"": true, ""valid_support_pct"": 44.4, ""status"": ""low_valid_support"", ""supported"": false, ""support_reasons"": [""insufficient_valid_pixels""]}, {""window_id"": 9, ""grid_rc"": ""2,2"", ""mapped"": true, ""valid_support_pct"": 100.0, ""ref_global_rect"": [1001, 3441, 1198, 3517], ""intensity_ncc"": -0.0164, ""gradient_ncc"": 0.0081, ""phase_response"": -0.0035, ""phase_shift_px"": [21.61, -14.51], ""fast_src_kps"": 792, ""fast_ref_kps"": 363, ""fast_candidates"": 1, ""fast_status"": ""ok"", ""supported"": false, ""support_reasons"": [], ""status"": ""evaluated""}]"
OHRC_PAIR_02__dx-3000m_dy+2000m,OHRC_PAIR_02,-3000,2000,-600,-400,SCREEN_FAIL,3,3,1,0,3,0,False,True,True,True,False,True,266,779,1266,3779,18.426,283.56,1232.74,1264.93,"[{""window_id"": 1, ""grid_rc"": ""0,0"", ""mapped"": true, ""valid_support_pct"": 86.7, ""ref_global_rect"": [334, 1241, 531, 1317], ""intensity_ncc"": 0.0261, ""gradient_ncc"": 0.0396, ""phase_response"": 0.0369, ""phase_shift_px"": [-13.97, -17.24], ""fast_src_kps"": 744, ""fast_ref_kps"": 582, ""fast_candidates"": 0, ""fast_status"": ""no_lowes_filtered_matches"", ""supported"": false, ""support_reasons"": [], ""status"": ""evaluated""}, {""window_id"": 2, ""grid_rc"": ""0,1"", ""mapped"": true, ""valid_support_pct"": 79.7, ""ref_global_rect"": [667, 1241, 865, 1317], ""intensity_ncc"": -0.1522, ""gradient_ncc"": -0.0655, ""phase_response"": 0.0101, ""phase_shift_px"": [65.01, -22.73], ""fast_src_kps"": 558, ""fast_ref_kps"": 11, ""fast_candidates"": 0, ""fast_status"": ""no_lowes_filtered_matches"", ""supported"": false, ""support_reasons"": [], ""status"": ""evaluated""}, {""window_id"": 3, ""grid_rc"": ""0,2"", ""mapped"": true, ""valid_support_pct"": 56.3, ""ref_global_rect"": [1001, 1241, 1198, 1317], ""intensity_ncc"": -0.0057, ""gradient_ncc"": 0.0364, ""phase_response"": 0.0649, ""phase_shift_px"": [25.85, 17.5], ""fast_src_kps"": 487, ""fast_ref_kps"": 260, ""fast_candidates"": 0, ""fast_status"": ""no_lowes_filtered_matches"", ""supported"": true, ""support_reasons"": [""phase_resp=0.065\u22650.05""], ""status"": ""evaluated""}, {""window_id"": 4, ""grid_rc"": ""1,0"", ""mapped"": true, ""valid_support_pct"": 47.8, ""status"": ""low_valid_support"", ""supported"": false, ""support_reasons"": [""insufficient_valid_pixels""]}, {""window_id"": 5, ""grid_rc"": ""1,1"", ""mapped"": true, ""valid_support_pct"": 98.4, ""ref_global_rect"": [667, 2241, 865, 2317], ""intensity_ncc"": -0.1013, ""gradient_ncc"": 0.0124, ""phase_response"": 0.1088, ""phase_shift_px"": [6.5, 22.05], ""fast_src_kps"": 766, ""fast_ref_kps"": 460, ""fast_candidates"": 0, ""fast_status"": ""no_lowes_filtered_matches"", ""supported"": true, ""support_reasons"": [""phase_resp=0.109\u22650.05""], ""status"": ""evaluated""}, {""window_id"": 6, ""grid_rc"": ""1,2"", ""mapped"": true, ""valid_support_pct"": 30.2, ""status"": ""low_valid_support"", ""supported"": false, ""support_reasons"": [""insufficient_valid_pixels""]}, {""window_id"": 7, ""grid_rc"": ""2,0"", ""mapped"": true, ""valid_support_pct"": 0.5, ""status"": ""low_valid_support"", ""supported"": false, ""support_reasons"": [""insufficient_valid_pixels""]}, {""window_id"": 8, ""grid_rc"": ""2,1"", ""mapped"": true, ""valid_support_pct"": 44.4, ""status"": ""low_valid_support"", ""supported"": false, ""support_reasons"": [""insufficient_valid_pixels""]}, {""window_id"": 9, ""grid_rc"": ""2,2"", ""mapped"": true, ""valid_support_pct"": 100.0, ""ref_global_rect"": [1001, 3241, 1198, 3317], ""intensity_ncc"": 0.2898, ""gradient_ncc"": -0.0488, ""phase_response"": 0.0781, ""phase_shift_px"": [26.09, -2.69], ""fast_src_kps"": 792, ""fast_ref_kps"": 363, ""fast_candidates"": 0, ""fast_status"": ""no_lowes_filtered_matches"", ""supported"": true, ""support_reasons"": [""intensity_ncc=0.290\u22650.08"", ""phase_resp=0.078\u22650.05""], ""status"": ""evaluated""}]"
OHRC_PAIR_02__dx-3000m_dy+3000m,OHRC_PAIR_02,-3000,3000,-600,-600,SCREEN_PASS,4,4,1,1,3,1,True,True,True,True,True,True,266,579,1266,3579,18.426,283.56,1232.74,1264.93,"[{""window_id"": 1, ""grid_rc"": ""0,0"", ""mapped"": true, ""valid_support_pct"": 86.7, ""ref_global_rect"": [334, 1041, 531, 1117], ""intensity_ncc"": 0.0849, ""gradient_ncc"": 0.0942, ""phase_response"": 0.0535, ""phase_shift_px"": [-1.33, -31.32], ""fast_src_kps"": 744, ""fast_ref_kps"": 689, ""fast_candidates"": 0, ""fast_status"": ""no_lowes_filtered_matches"", ""supported"": true, ""support_reasons"": [""intensity_ncc=0.085\u22650.08"", ""gradient_ncc=0.094\u22650.06"", ""phase_resp=0.053\u22650.05""], ""status"": ""evaluated""}, {""window_id"": 2, ""grid_rc"": ""0,1"", ""mapped"": true, ""valid_support_pct"": 79.7, ""ref_global_rect"": [667, 1041, 865, 1117], ""intensity_ncc"": -0.2046, ""gradient_ncc"": -0.0666, ""phase_response"": 0.1294, ""phase_shift_px"": [-9.45, -16.54], ""fast_src_kps"": 558, ""fast_ref_kps"": 251, ""fast_candidates"": 0, ""fast_status"": ""no_lowes_filtered_matches"", ""supported"": true, ""support_reasons"": [""phase_resp=0.129\u22650.05""], ""status"": ""evaluated""}, {""window_id"": 3, ""grid_rc"": ""0,2"", ""mapped"": true, ""valid_support_pct"": 56.3, ""ref_global_rect"": [1001, 1041, 1198, 1117], ""intensity_ncc"": -0.1442, ""gradient_ncc"": 0.0097, ""phase_response"": 0.0599, ""phase_shift_px"": [-0.19, 23.8], ""fast_src_kps"": 487, ""fast_ref_kps"": 362, ""fast_candidates"": 1, ""fast_status"": ""ok"", ""supported"": true, ""support_reasons"": [""phase_resp=0.060\u22650.05""], ""status"": ""evaluated""}, {""window_id"": 4, ""grid_rc"": ""1,0"", ""mapped"": true, ""valid_support_pct"": 47.8, ""status"": ""low_valid_support"", ""supported"": false, ""support_reasons"": [""insufficient_valid_pixels""]}, {""window_id"": 5, ""grid_rc"": ""1,1"", ""mapped"": true, ""valid_support_pct"": 98.4, ""ref_global_rect"": [667, 2041, 865, 2117], ""intensity_ncc"": -0.0858, ""gradient_ncc"": 0.0226, ""phase_response"": 0.0408, ""phase_shift_px"": [37.01, 26.68], ""fast_src_kps"": 766, ""fast_ref_kps"": 147, ""fast_candidates"": 7, ""fast_status"": ""ok"", ""supported"": true, ""support_reasons"": [""fast_candidates=7\u22653""], ""status"": ""evaluated""}, {""window_id"": 6, ""grid_rc"": ""1,2"", ""mapped"": true, ""valid_support_pct"": 30.2, ""status"": ""low_valid_support"", ""supported"": false, ""support_reasons"": [""insufficient_valid_pixels""]}, {""window_id"": 7, ""grid_rc"": ""2,0"", ""mapped"": true, ""valid_support_pct"": 0.5, ""status"": ""low_valid_support"", ""supported"": false, ""support_reasons"": [""insufficient_valid_pixels""]}, {""window_id"": 8, ""grid_rc"": ""2,1"", ""mapped"": true, ""valid_support_pct"": 44.4, ""status"": ""low_valid_support"", ""supported"": false, ""support_reasons"": [""insufficient_valid_pixels""]}, {""window_id"": 9, ""grid_rc"": ""2,2"", ""mapped"": true, ""valid_support_pct"": 100.0, ""ref_global_rect"": [1001, 3041, 1198, 3117], ""intensity_ncc"": -0.232, ""gradient_ncc"": -0.0053, ""phase_response"": 0.014, ""phase_shift_px"": [7.58, -9.01], ""fast_src_kps"": 792, ""fast_ref_kps"": 382, ""fast_candidates"": 1, ""fast_status"": ""ok"", ""supported"": false, ""support_reasons"": [], ""status"": ""evaluated""}]"
OHRC_PAIR_02__dx-2000m_dy-3000m,OHRC_PAIR_02,-2000,-3000,-400,600,SCREEN_FAIL,5,5,2,1,4,0,False,True,True,True,False,True,466,1779,1466,4779,18.426,283.56,1232.74,1264.93,"[{""window_id"": 1, ""grid_rc"": ""0,0"", ""mapped"": true, ""valid_support_pct"": 86.7, ""ref_global_rect"": [534, 2241, 731, 2317], ""intensity_ncc"": 0.0788, ""gradient_ncc"": 0.0983, ""phase_response"": 0.036, ""phase_shift_px"": [-34.87, -6.36], ""fast_src_kps"": 744, ""fast_ref_kps"": 527, ""fast_candidates"": 0, ""fast_status"": ""no_lowes_filtered_matches"", ""supported"": true, ""support_reasons"": [""gradient_ncc=0.098\u22650.06""], ""status"": ""evaluated""}, {""window_id"": 2, ""grid_rc"": ""0,1"", ""mapped"": true, ""valid_support_pct"": 79.7, ""ref_global_rect"": [867, 2241, 1065, 2317], ""intensity_ncc"": -0.3058, ""gradient_ncc"": -0.0684, ""phase_response"": 0.0726, ""phase_shift_px"": [-31.87, -12.25], ""fast_src_kps"": 558, ""fast_ref_kps"": 486, ""fast_candidates"": 0, ""fast_status"": ""no_lowes_filtered_matches"", ""supported"": true, ""support_reasons"": [""phase_resp=0.073\u22650.05""], ""status"": ""evaluated""}, {""window_id"": 3, ""grid_rc"": ""0,2"", ""mapped"": true, ""valid_support_pct"": 56.3, ""ref_global_rect"": [1201, 2241, 1398, 2317], ""intensity_ncc"": 0.1351, ""gradient_ncc"": 0.0284, ""phase_response"": 0.0603, ""phase_shift_px"": [-0.78, 0.31], ""fast_src_kps"": 487, ""fast_ref_kps"": 583, ""fast_candidates"": 0, ""fast_status"": ""no_lowes_filtered_matches"", ""supported"": true, ""support_reasons"": [""intensity_ncc=0.135\u22650.08"", ""phase_resp=0.060\u22650.05""], ""status"": ""evaluated""}, {""window_id"": 4, ""grid_rc"": ""1,0"", ""mapped"": true, ""valid_support_pct"": 47.8, ""status"": ""low_valid_support"", ""supported"": false, ""support_reasons"": [""insufficient_valid_pixels""]}, {""window_id"": 5, ""grid_rc"": ""1,1"", ""mapped"": true, ""valid_support_pct"": 98.4, ""ref_global_rect"": [867, 3241, 1065, 3317], ""intensity_ncc"": -0.2647, ""gradient_ncc"": -0.0557, ""phase_response"": 0.1262, ""phase_shift_px"": [14.25, -8.45], ""fast_src_kps"": 766, ""fast_ref_kps"": 264, ""fast_candidates"": 1, ""fast_status"": ""ok"", ""supported"": true, ""support_reasons"": [""phase_resp=0.126\u22650.05""], ""status"": ""evaluated""}, {""window_id"": 6, ""grid_rc"": ""1,2"", ""mapped"": true, ""valid_support_pct"": 30.2, ""status"": ""low_valid_support"", ""supported"": false, ""support_reasons"": [""insufficient_valid_pixels""]}, {""window_id"": 7, ""grid_rc"": ""2,0"", ""mapped"": true, ""valid_support_pct"": 0.5, ""status"": ""low_valid_support"", ""supported"": false, ""support_reasons"": [""insufficient_valid_pixels""]}, {""window_id"": 8, ""grid_rc"": ""2,1"", ""mapped"": true, ""valid_support_pct"": 44.4, ""status"": ""low_valid_support"", ""supported"": false, ""support_reasons"": [""insufficient_valid_pixels""]}, {""window_id"": 9, ""grid_rc"": ""2,2"", ""mapped"": true, ""valid_support_pct"": 100.0, ""ref_global_rect"": [1201, 4241, 1398, 4317], ""intensity_ncc"": 0.2635, ""gradient_ncc"": -0.0174, ""phase_response"": 0.1055, ""phase_shift_px"": [-3.66, 17.74], ""fast_src_kps"": 792, ""fast_ref_kps"": 416, ""fast_candidates"": 2, ""fast_status"": ""ok"", ""supported"": true, ""support_reasons"": [""intensity_ncc=0.264\u22650.08"", ""phase_resp=0.105\u22650.05""], ""status"": ""evaluated""}]"
OHRC_PAIR_02__dx-2000m_dy-2000m,OHRC_PAIR_02,-2000,-2000,-400,400,SCREEN_FAIL,3,3,0,1,2,0,False,True,True,True,False,True,466,1579,1466,4579,18.426,283.56,1232.74,1264.93,"[{""window_id"": 1, ""grid_rc"": ""0,0"", ""mapped"": true, ""valid_support_pct"": 86.7, ""ref_global_rect"": [534, 2041, 731, 2117], ""intensity_ncc"": 0.0381, ""gradient_ncc"": 0.0811, ""phase_response"": 0.0027, ""phase_shift_px"": [25.23, 21.75], ""fast_src_kps"": 744, ""fast_ref_kps"": 260, ""fast_candidates"": 0, ""fast_status"": ""no_lowes_filtered_matches"", ""supported"": true, ""support_reasons"": [""gradient_ncc=0.081\u22650.06""], ""status"": ""evaluated""}, {""window_id"": 2, ""grid_rc"": ""0,1"", ""mapped"": true, ""valid_support_pct"": 79.7, ""ref_global_rect"": [867, 2041, 1065, 2117], ""intensity_ncc"": -0.4529, ""gradient_ncc"": -0.1047, ""phase_response"": 0.1207, ""phase_shift_px"": [-19.93, 2.22], ""fast_src_kps"": 558, ""fast_ref_kps"": 481, ""fast_candidates"": 0, ""fast_status"": ""no_lowes_filtered_matches"", ""supported"": true, ""support_reasons"": [""phase_resp=0.121\u22650.05""], ""status"": ""evaluated""}, {""window_id"": 3, ""grid_rc"": ""0,2"", ""mapped"": true, ""valid_support_pct"": 56.3, ""ref_global_rect"": [1201, 2041, 1398, 2117], ""intensity_ncc"": -0.142, ""gradient_ncc"": -0.0049, ""phase_response"": 0.0804, ""phase_shift_px"": [-2.46, 55.08], ""fast_src_kps"": 487, ""fast_ref_kps"": 468, ""fast_candidates"": 0, ""fast_status"": ""no_lowes_filtered_matches"", ""supported"": true, ""support_reasons"": [""phase_resp=0.080\u22650.05""], ""status"": ""evaluated""}, {""window_id"": 4, ""grid_rc"": ""1,0"", ""mapped"": true, ""valid_support_pct"": 47.8, ""status"": ""low_valid_support"", ""supported"": false, ""support_reasons"": [""insufficient_valid_pixels""]}, {""window_id"": 5, ""grid_rc"": ""1,1"", ""mapped"": true, ""valid_support_pct"": 98.4, ""ref_global_rect"": [867, 3041, 1065, 3117], ""intensity_ncc"": 0.0238, ""gradient_ncc"": 0.0076, ""phase_response"": -0.0077, ""phase_shift_px"": [24.01, 8.06], ""fast_src_kps"": 766, ""fast_ref_kps"": 439, ""fast_candidates"": 0, ""fast_status"": ""no_lowes_filtered_matches"", ""supported"": false, ""support_reasons"": [], ""status"": ""evaluated""}, {""window_id"": 6, ""grid_rc"": ""1,2"", ""mapped"": true, ""valid_support_pct"": 30.2, ""status"": ""low_valid_support"", ""supported"": false, ""support_reasons"": [""insufficient_valid_pixels""]}, {""window_id"": 7, ""grid_rc"": ""2,0"", ""mapped"": true, ""valid_support_pct"": 0.5, ""status"": ""low_valid_support"", ""supported"": false, ""support_reasons"": [""insufficient_valid_pixels""]}, {""window_id"": 8, ""grid_rc"": ""2,1"", ""mapped"": true, ""valid_support_pct"": 44.4, ""status"": ""low_valid_support"", ""supported"": false, ""support_reasons"": [""insufficient_valid_pixels""]}, {""window_id"": 9, ""grid_rc"": ""2,2"", ""mapped"": true, ""valid_support_pct"": 100.0, ""ref_global_rect"": [1201, 4041, 1398, 4117], ""intensity_ncc"": 0.0744, ""gradient_ncc"": -0.0023, ""phase_response"": -0.0012, ""phase_shift_px"": [54.17, -47.85], ""fast_src_kps"": 792, ""fast_ref_kps"": 503, ""fast_candidates"": 2, ""fast_status"": ""ok"", ""supported"": false, ""support_reasons"": [], ""status"": ""evaluated""}]"
OHRC_PAIR_02__dx-2000m_dy-1000m,OHRC_PAIR_02,-2000,-1000,-400,200,SCREEN_FAIL,5,5,2,1,3,0,False,True,True,True,False,True,466,1379,1466,4379,18.426,283.56,1232.74,1264.93,"[{""window_id"": 1, ""grid_rc"": ""0,0"", ""mapped"": true, ""valid_support_pct"": 86.7, ""ref_global_rect"": [534, 1841, 731, 1917], ""intensity_ncc"": 0.012, ""gradient_ncc"": 0.033, ""phase_response"": 0.0743, ""phase_shift_px"": [1.69, 16.17], ""fast_src_kps"": 744, ""fast_ref_kps"": 263, ""fast_candidates"": 0, ""fast_status"": ""no_lowes_filtered_matches"", ""supported"": true, ""support_reasons"": [""phase_resp=0.074\u22650.05""], ""status"": ""evaluated""}, {""window_id"": 2, ""grid_rc"": ""0,1"", ""mapped"": true, ""valid_support_pct"": 79.7, ""ref_global_rect"": [867, 1841, 1065, 1917], ""intensity_ncc"": 0.369, ""gradient_ncc"": 0.069, ""phase_response"": 0.0353, ""phase_shift_px"": [-3.4, -25.97], ""fast_src_kps"": 558, ""fast_ref_kps"": 320, ""fast_candidates"": 0, ""fast_status"": ""no_lowes_filtered_matches"", ""supported"": true, ""support_reasons"": [""intensity_ncc=0.369\u22650.08"", ""gradient_ncc=0.069\u22650.06""], ""status"": ""evaluated""}, {""window_id"": 3, ""grid_rc"": ""0,2"", ""mapped"": true, ""valid_support_pct"": 56.3, ""ref_global_rect"": [1201, 1841, 1398, 1917], ""intensity_ncc"": -0.0214, ""gradient_ncc"": -0.0259, ""phase_response"": 0.0599, ""phase_shift_px"": [26.34, -15.66], ""fast_src_kps"": 487, ""fast_ref_kps"": 424, ""fast_candidates"": 0, ""fast_status"": ""no_lowes_filtered_matches"", ""supported"": true, ""support_reasons"": [""phase_resp=0.060\u22650.05""], ""status"": ""evaluated""}, {""window_id"": 4, ""grid_rc"": ""1,0"", ""mapped"": true, ""valid_support_pct"": 47.8, ""status"": ""low_valid_support"", ""supported"": false, ""support_reasons"": [""insufficient_valid_pixels""]}, {""window_id"": 5, ""grid_rc"": ""1,1"", ""mapped"": true, ""valid_support_pct"": 98.4, ""ref_global_rect"": [867, 2841, 1065, 2917], ""intensity_ncc"": 0.1413, ""gradient_ncc"": 0.0556, ""phase_response"": 0.0112, ""phase_shift_px"": [17.18, -2.54], ""fast_src_kps"": 766, ""fast_ref_kps"": 487, ""fast_candidates"": 0, ""fast_status"": ""no_lowes_filtered_matches"", ""supported"": true, ""support_reasons"": [""intensity_ncc=0.141\u22650.08""], ""status"": ""evaluated""}, {""window_id"": 6, ""grid_rc"": ""1,2"", ""mapped"": true, ""valid_support_pct"": 30.2, ""status"": ""low_valid_support"", ""supported"": false, ""support_reasons"": [""insufficient_valid_pixels""]}, {""window_id"": 7, ""grid_rc"": ""2,0"", ""mapped"": true, ""valid_support_pct"": 0.5, ""status"": ""low_valid_support"", ""supported"": false, ""support_reasons"": [""insufficient_valid_pixels""]}, {""window_id"": 8, ""grid_rc"": ""2,1"", ""mapped"": true, ""valid_support_pct"": 44.4, ""status"": ""low_valid_support"", ""supported"": false, ""support_reasons"": [""insufficient_valid_pixels""]}, {""window_id"": 9, ""grid_rc"": ""2,2"", ""mapped"": true, ""valid_support_pct"": 100.0, ""ref_global_rect"": [1201, 3841, 1398, 3917], ""intensity_ncc"": -0.0278, ""gradient_ncc"": 0.0017, ""phase_response"": 0.0563, ""phase_shift_px"": [22.27, 8.04], ""fast_src_kps"": 792, ""fast_ref_kps"": 283, ""fast_candidates"": 0, ""fast_status"": ""no_lowes_filtered_matches"", ""supported"": true, ""support_reasons"": [""phase_resp=0.056\u22650.05""], ""status"": ""evaluated""}]"
OHRC_PAIR_02__dx-2000m_dy+0m,OHRC_PAIR_02,-2000,0,-400,0,SCREEN_FAIL,3,3,1,2,1,0,False,True,True,True,False,True,466,1179,1466,4179,18.426,283.56,1232.74,1264.93,"[{""window_id"": 1, ""grid_rc"": ""0,0"", ""mapped"": true, ""valid_support_pct"": 86.7, ""ref_global_rect"": [534, 1641, 731, 1717], ""intensity_ncc"": 0.0621, ""gradient_ncc"": 0.0646, ""phase_response"": 0.0488, ""phase_shift_px"": [-26.38, -14.6], ""fast_src_kps"": 744, ""fast_ref_kps"": 88, ""fast_candidates"": 0, ""fast_status"": ""no_lowes_filtered_matches"", ""supported"": true, ""support_reasons"": [""gradient_ncc=0.065\u22650.06""], ""status"": ""evaluated""}, {""window_id"": 2, ""grid_rc"": ""0,1"", ""mapped"": true, ""valid_support_pct"": 79.7, ""ref_global_rect"": [867, 1641, 1065, 1717], ""intensity_ncc"": 0.3251, ""gradient_ncc"": 0.063, ""phase_response"": 0.0342, ""phase_shift_px"": [16.09, -16.56], ""fast_src_kps"": 558, ""fast_ref_kps"": 169, ""fast_candidates"": 1, ""fast_status"": ""ok"", ""supported"": true, ""support_reasons"": [""intensity_ncc=0.325\u22650.08"", ""gradient_ncc=0.063\u22650.06""], ""status"": ""evaluated""}, {""window_id"": 3, ""grid_rc"": ""0,2"", ""mapped"": true, ""valid_support_pct"": 56.3, ""ref_global_rect"": [1201, 1641, 1398, 1717], ""intensity_ncc"": -0.0976, ""gradient_ncc"": -0.0223, ""phase_response"": 0.0289, ""phase_shift_px"": [46.09, 13.0], ""fast_src_kps"": 487, ""fast_ref_kps"": 257, ""fast_candidates"": 1, ""fast_status"": ""ok"", ""supported"": false, ""support_reasons"": [], ""status"": ""evaluated""}, {""window_id"": 4, ""grid_rc"": ""1,0"", ""mapped"": true, ""valid_support_pct"": 47.8, ""status"": ""low_valid_support"", ""supported"": false, ""support_reasons"": [""insufficient_valid_pixels""]}, {""window_id"": 5, ""grid_rc"": ""1,1"", ""mapped"": true, ""valid_support_pct"": 98.4, ""ref_global_rect"": [867, 2641, 1065, 2717], ""intensity_ncc"": -0.293, ""gradient_ncc"": -0.033, ""phase_response"": 0.0854, ""phase_shift_px"": [17.45, 1.96], ""fast_src_kps"": 766, ""fast_ref_kps"": 457, ""fast_candidates"": 0, ""fast_status"": ""no_lowes_filtered_matches"", ""supported"": true, ""support_reasons"": [""phase_resp=0.085\u22650.05""], ""status"": ""evaluated""}, {""window_id"": 6, ""grid_rc"": ""1,2"", ""mapped"": true, ""valid_support_pct"": 30.2, ""status"": ""low_valid_support"", ""supported"": false, ""support_reasons"": [""insufficient_valid_pixels""]}, {""window_id"": 7, ""grid_rc"": ""2,0"", ""mapped"": true, ""valid_support_pct"": 0.5, ""status"": ""low_valid_support"", ""supported"": false, ""support_reasons"": [""insufficient_valid_pixels""]}, {""window_id"": 8, ""grid_rc"": ""2,1"", ""mapped"": true, ""valid_support_pct"": 44.4, ""status"": ""low_valid_support"", ""supported"": false, ""support_reasons"": [""insufficient_valid_pixels""]}, {""window_id"": 9, ""grid_rc"": ""2,2"", ""mapped"": true, ""valid_support_pct"": 100.0, ""ref_global_rect"": [1201, 3641, 1398, 3717], ""intensity_ncc"": -0.0607, ""gradient_ncc"": -0.0084, ""phase_response"": 0.0428, ""phase_shift_px"": [-14.02, -2.43], ""fast_src_kps"": 792, ""fast_ref_kps"": 422, ""fast_candidates"": 0, ""fast_status"": ""no_lowes_filtered_matches"", ""supported"": false, ""support_reasons"": [], ""status"": ""evaluated""}]"
OHRC_PAIR_02__dx-2000m_dy+1000m,OHRC_PAIR_02,-2000,1000,-400,-200,SCREEN_PASS,3,3,1,2,1,1,True,True,True,True,True,True,466,979,1466,3979,18.426,283.56,1232.74,1264.93,"[{""window_id"": 1, ""grid_rc"": ""0,0"", ""mapped"": true, ""valid_support_pct"": 86.7, ""ref_global_rect"": [534, 1441, 731, 1517], ""intensity_ncc"": 0.0218, ""gradient_ncc"": 0.1028, ""phase_response"": 0.0849, ""phase_shift_px"": [-0.5, -28.38], ""fast_src_kps"": 744, ""fast_ref_kps"": 532, ""fast_candidates"": 0, ""fast_status"": ""no_lowes_filtered_matches"", ""supported"": true, ""support_reasons"": [""gradient_ncc=0.103\u22650.06"", ""phase_resp=0.085\u22650.05""], ""status"": ""evaluated""}, {""window_id"": 2, ""grid_rc"": ""0,1"", ""mapped"": true, ""valid_support_pct"": 79.7, ""ref_global_rect"": [867, 1441, 1065, 1517], ""intensity_ncc"": 0.2095, ""gradient_ncc"": 0.1128, ""phase_response"": 0.0279, ""phase_shift_px"": [-4.44, 16.46], ""fast_src_kps"": 558, ""fast_ref_kps"": 205, ""fast_candidates"": 1, ""fast_status"": ""ok"", ""supported"": true, ""support_reasons"": [""intensity_ncc=0.209\u22650.08"", ""gradient_ncc=0.113\u22650.06""], ""status"": ""evaluated""}, {""window_id"": 3, ""grid_rc"": ""0,2"", ""mapped"": true, ""valid_support_pct"": 56.3, ""ref_global_rect"": [1201, 1441, 1398, 1517], ""intensity_ncc"": -0.0616, ""gradient_ncc"": -0.0165, ""phase_response"": 0.0463, ""phase_shift_px"": [23.69, -7.94], ""fast_src_kps"": 487, ""fast_ref_kps"": 212, ""fast_candidates"": 5, ""fast_status"": ""ok"", ""supported"": true, ""support_reasons"": [""fast_candidates=5\u22653""], ""status"": ""evaluated""}, {""window_id"": 4, ""grid_rc"": ""1,0"", ""mapped"": true, ""valid_support_pct"": 47.8, ""status"": ""low_valid_support"", ""supported"": false, ""support_reasons"": [""insufficient_valid_pixels""]}, {""window_id"": 5, ""grid_rc"": ""1,1"", ""mapped"": true, ""valid_support_pct"": 98.4, ""ref_global_rect"": [867, 2441, 1065, 2517], ""intensity_ncc"": -0.0113, ""gradient_ncc"": 0.0311, ""phase_response"": 0.0447, ""phase_shift_px"": [21.29, -38.93], ""fast_src_kps"": 766, ""fast_ref_kps"": 537, ""fast_candidates"": 0, ""fast_status"": ""no_lowes_filtered_matches"", ""supported"": false, ""support_reasons"": [], ""status"": ""evaluated""}, {""window_id"": 6, ""grid_rc"": ""1,2"", ""mapped"": true, ""valid_support_pct"": 30.2, ""status"": ""low_valid_support"", ""supported"": false, ""support_reasons"": [""insufficient_valid_pixels""]}, {""window_id"": 7, ""grid_rc"": ""2,0"", ""mapped"": true, ""valid_support_pct"": 0.5, ""status"": ""low_valid_support"", ""supported"": false, ""support_reasons"": [""insufficient_valid_pixels""]}, {""window_id"": 8, ""grid_rc"": ""2,1"", ""mapped"": true, ""valid_support_pct"": 44.4, ""status"": ""low_valid_support"", ""supported"": false, ""support_reasons"": [""insufficient_valid_pixels""]}, {""window_id"": 9, ""grid_rc"": ""2,2"", ""mapped"": true, ""valid_support_pct"": 100.0, ""ref_global_rect"": [1201, 3441, 1398, 3517], ""intensity_ncc"": -0.2103, ""gradient_ncc"": -0.003, ""phase_response"": 0.0423, ""phase_shift_px"": [21.12, -5.05], ""fast_src_kps"": 792, ""fast_ref_kps"": 489, ""fast_candidates"": 0, ""fast_status"": ""no_lowes_filtered_matches"", ""supported"": false, ""support_reasons"": [], ""status"": ""evaluated""}]"
OHRC_PAIR_02__dx-2000m_dy+2000m,OHRC_PAIR_02,-2000,2000,-400,-400,SCREEN_FAIL,2,2,2,0,1,0,False,False,False,True,False,True,466,779,1466,3779,18.426,283.56,1232.74,1264.93,"[{""window_id"": 1, ""grid_rc"": ""0,0"", ""mapped"": true, ""valid_support_pct"": 86.7, ""ref_global_rect"": [534, 1241, 731, 1317], ""intensity_ncc"": 0.0276, ""gradient_ncc"": 0.0313, ""phase_response"": 0.0473, ""phase_shift_px"": [20.49, 5.98], ""fast_src_kps"": 744, ""fast_ref_kps"": 348, ""fast_candidates"": 0, ""fast_status"": ""no_lowes_filtered_matches"", ""supported"": false, ""support_reasons"": [], ""status"": ""evaluated""}, {""window_id"": 2, ""grid_rc"": ""0,1"", ""mapped"": true, ""valid_support_pct"": 79.7, ""ref_global_rect"": [867, 1241, 1065, 1317], ""intensity_ncc"": 0.1626, ""gradient_ncc"": 0.0293, ""phase_response"": 0.0409, ""phase_shift_px"": [31.56, 3.76], ""fast_src_kps"": 558, ""fast_ref_kps"": 63, ""fast_candidates"": 0, ""fast_status"": ""no_lowes_filtered_matches"", ""supported"": true, ""support_reasons"": [""intensity_ncc=0.163\u22650.08""], ""status"": ""evaluated""}, {""window_id"": 3, ""grid_rc"": ""0,2"", ""mapped"": true, ""valid_support_pct"": 56.3, ""ref_global_rect"": [1201, 1241, 1398, 1317], ""intensity_ncc"": -0.1216, ""gradient_ncc"": -0.0272, ""phase_response"": -0.0595, ""phase_shift_px"": [21.81, -7.06], ""fast_src_kps"": 487, ""fast_ref_kps"": 425, ""fast_candidates"": 0, ""fast_status"": ""no_lowes_filtered_matches"", ""supported"": false, ""support_reasons"": [], ""status"": ""evaluated""}, {""window_id"": 4, ""grid_rc"": ""1,0"", ""mapped"": true, ""valid_support_pct"": 47.8, ""status"": ""low_valid_support"", ""supported"": false, ""support_reasons"": [""insufficient_valid_pixels""]}, {""window_id"": 5, ""grid_rc"": ""1,1"", ""mapped"": true, ""valid_support_pct"": 98.4, ""ref_global_rect"": [867, 2241, 1065, 2317], ""intensity_ncc"": 0.0318, ""gradient_ncc"": 0.0106, ""phase_response"": 0.0278, ""phase_shift_px"": [-3.28, -19.01], ""fast_src_kps"": 766, ""fast_ref_kps"": 486, ""fast_candidates"": 1, ""fast_status"": ""ok"", ""supported"": false, ""support_reasons"": [], ""status"": ""evaluated""}, {""window_id"": 6, ""grid_rc"": ""1,2"", ""mapped"": true, ""valid_support_pct"": 30.2, ""status"": ""low_valid_support"", ""supported"": false, ""support_reasons"": [""insufficient_valid_pixels""]}, {""window_id"": 7, ""grid_rc"": ""2,0"", ""mapped"": true, ""valid_support_pct"": 0.5, ""status"": ""low_valid_support"", ""supported"": false, ""support_reasons"": [""insufficient_valid_pixels""]}, {""window_id"": 8, ""grid_rc"": ""2,1"", ""mapped"": true, ""valid_support_pct"": 44.4, ""status"": ""low_valid_support"", ""supported"": false, ""support_reasons"": [""insufficient_valid_pixels""]}, {""window_id"": 9, ""grid_rc"": ""2,2"", ""mapped"": true, ""valid_support_pct"": 100.0, ""ref_global_rect"": [1201, 3241, 1398, 3317], ""intensity_ncc"": 0.2445, ""gradient_ncc"": -0.0142, ""phase_response"": 0.1436, ""phase_shift_px"": [3.63, 25.51], ""fast_src_kps"": 792, ""fast_ref_kps"": 542, ""fast_candidates"": 1, ""fast_status"": ""ok"", ""supported"": true, ""support_reasons"": [""intensity_ncc=0.244\u22650.08"", ""phase_resp=0.144\u22650.05""], ""status"": ""evaluated""}]"
OHRC_PAIR_02__dx-2000m_dy+3000m,OHRC_PAIR_02,-2000,3000,-400,-600,SCREEN_FAIL,5,5,1,1,4,0,False,True,True,True,False,True,466,579,1466,3579,18.426,283.56,1232.74,1264.93,"[{""window_id"": 1, ""grid_rc"": ""0,0"", ""mapped"": true, ""valid_support_pct"": 86.7, ""ref_global_rect"": [534, 1041, 731, 1117], ""intensity_ncc"": -0.0998, ""gradient_ncc"": 0.0129, ""phase_response"": 0.0672, ""phase_shift_px"": [-8.8, -9.22], ""fast_src_kps"": 744, ""fast_ref_kps"": 116, ""fast_candidates"": 0, ""fast_status"": ""no_lowes_filtered_matches"", ""supported"": true, ""support_reasons"": [""phase_resp=0.067\u22650.05""], ""status"": ""evaluated""}, {""window_id"": 2, ""grid_rc"": ""0,1"", ""mapped"": true, ""valid_support_pct"": 79.7, ""ref_global_rect"": [867, 1041, 1065, 1117], ""intensity_ncc"": 0.0275, ""gradient_ncc"": 0.0151, ""phase_response"": 0.0586, ""phase_shift_px"": [-12.92, -9.73], ""fast_src_kps"": 558, ""fast_ref_kps"": 333, ""fast_candidates"": 0, ""fast_status"": ""no_lowes_filtered_matches"", ""supported"": true, ""support_reasons"": [""phase_resp=0.059\u22650.05""], ""status"": ""evaluated""}, {""window_id"": 3, ""grid_rc"": ""0,2"", ""mapped"": true, ""valid_support_pct"": 56.3, ""ref_global_rect"": [1201, 1041, 1398, 1117], ""intensity_ncc"": 0.1055, ""gradient_ncc"": 0.0254, ""phase_response"": 0.0783, ""phase_shift_px"": [3.82, -23.3], ""fast_src_kps"": 487, ""fast_ref_kps"": 321, ""fast_candidates"": 0, ""fast_status"": ""no_lowes_filtered_matches"", ""supported"": true, ""support_reasons"": [""intensity_ncc=0.105\u22650.08"", ""phase_resp=0.078\u22650.05""], ""status"": ""evaluated""}, {""window_id"": 4, ""grid_rc"": ""1,0"", ""mapped"": true, ""valid_support_pct"": 47.8, ""status"": ""low_valid_support"", ""supported"": false, ""support_reasons"": [""insufficient_valid_pixels""]}, {""window_id"": 5, ""grid_rc"": ""1,1"", ""mapped"": true, ""valid_support_pct"": 98.4, ""ref_global_rect"": [867, 2041, 1065, 2117], ""intensity_ncc"": 0.0767, ""gradient_ncc"": 0.0094, ""phase_response"": 0.0745, ""phase_shift_px"": [-23.55, -32.61], ""fast_src_kps"": 766, ""fast_ref_kps"": 481, ""fast_candidates"": 1, ""fast_status"": ""ok"", ""supported"": true, ""support_reasons"": [""phase_resp=0.074\u22650.05""], ""status"": ""evaluated""}, {""window_id"": 6, ""grid_rc"": ""1,2"", ""mapped"": true, ""valid_support_pct"": 30.2, ""status"": ""low_valid_support"", ""supported"": false, ""support_reasons"": [""insufficient_valid_pixels""]}, {""window_id"": 7, ""grid_rc"": ""2,0"", ""mapped"": true, ""valid_support_pct"": 0.5, ""status"": ""low_valid_support"", ""supported"": false, ""support_reasons"": [""insufficient_valid_pixels""]}, {""window_id"": 8, ""grid_rc"": ""2,1"", ""mapped"": true, ""valid_support_pct"": 44.4, ""status"": ""low_valid_support"", ""supported"": false, ""support_reasons"": [""insufficient_valid_pixels""]}, {""window_id"": 9, ""grid_rc"": ""2,2"", ""mapped"": true, ""valid_support_pct"": 100.0, ""ref_global_rect"": [1201, 3041, 1398, 3117], ""intensity_ncc"": -0.2792, ""gradient_ncc"": 0.0958, ""phase_response"": 0.0409, ""phase_shift_px"": [-12.65, -2.31], ""fast_src_kps"": 792, ""fast_ref_kps"": 437, ""fast_candidates"": 0, ""fast_status"": ""no_lowes_filtered_matches"", ""supported"": true, ""support_reasons"": [""gradient_ncc=0.096\u22650.06""], ""status"": ""evaluated""}]"
OHRC_PAIR_02__dx-1000m_dy-3000m,OHRC_PAIR_02,-1000,-3000,-200,600,SCREEN_FAIL,5,5,1,1,4,0,False,True,True,True,False,True,666,1779,1666,4779,18.426,283.56,1232.74,1264.93,"[{""window_id"": 1, ""grid_rc"": ""0,0"", ""mapped"": true, ""valid_support_pct"": 86.7, ""ref_global_rect"": [734, 2241, 931, 2317], ""intensity_ncc"": -0.0726, ""gradient_ncc"": -0.0382, ""phase_response"": 0.0746, ""phase_shift_px"": [-8.05, -15.81], ""fast_src_kps"": 744, ""fast_ref_kps"": 629, ""fast_candidates"": 0, ""fast_status"": ""no_lowes_filtered_matches"", ""supported"": true, ""support_reasons"": [""phase_resp=0.075\u22650.05""], ""status"": ""evaluated""}, {""window_id"": 2, ""grid_rc"": ""0,1"", ""mapped"": true, ""valid_support_pct"": 79.7, ""ref_global_rect"": [1067, 2241, 1265, 2317], ""intensity_ncc"": 0.0688, ""gradient_ncc"": 0.061, ""phase_response"": -0.0616, ""phase_shift_px"": [-16.81, 15.13], ""fast_src_kps"": 558, ""fast_ref_kps"": 536, ""fast_candidates"": 1, ""fast_status"": ""ok"", ""supported"": true, ""support_reasons"": [""gradient_ncc=0.061\u22650.06""], ""status"": ""evaluated""}, {""window_id"": 3, ""grid_rc"": ""0,2"", ""mapped"": true, ""valid_support_pct"": 56.3, ""ref_global_rect"": [1401, 2241, 1598, 2317], ""intensity_ncc"": -0.1603, ""gradient_ncc"": -0.0559, ""phase_response"": 0.1264, ""phase_shift_px"": [34.22, -29.5], ""fast_src_kps"": 487, ""fast_ref_kps"": 253, ""fast_candidates"": 0, ""fast_status"": ""no_lowes_filtered_matches"", ""supported"": true, ""support_reasons"": [""phase_resp=0.126\u22650.05""], ""status"": ""evaluated""}, {""window_id"": 4, ""grid_rc"": ""1,0"", ""mapped"": true, ""valid_support_pct"": 47.8, ""status"": ""low_valid_support"", ""supported"": false, ""support_reasons"": [""insufficient_valid_pixels""]}, {""window_id"": 5, ""grid_rc"": ""1,1"", ""mapped"": true, ""valid_support_pct"": 98.4, ""ref_global_rect"": [1067, 3241, 1265, 3317], ""intensity_ncc"": -0.0527, ""gradient_ncc"": 0.038, ""phase_response"": 0.0727, ""phase_shift_px"": [18.3, 3.57], ""fast_src_kps"": 766, ""fast_ref_kps"": 345, ""fast_candidates"": 0, ""fast_status"": ""no_lowes_filtered_matches"", ""supported"": true, ""support_reasons"": [""phase_resp=0.073\u22650.05""], ""status"": ""evaluated""}, {""window_id"": 6, ""grid_rc"": ""1,2"", ""mapped"": true, ""valid_support_pct"": 30.2, ""status"": ""low_valid_support"", ""supported"": false, ""support_reasons"": [""insufficient_valid_pixels""]}, {""window_id"": 7, ""grid_rc"": ""2,0"", ""mapped"": true, ""valid_support_pct"": 0.5, ""status"": ""low_valid_support"", ""supported"": false, ""support_reasons"": [""insufficient_valid_pixels""]}, {""window_id"": 8, ""grid_rc"": ""2,1"", ""mapped"": true, ""valid_support_pct"": 44.4, ""status"": ""low_valid_support"", ""supported"": false, ""support_reasons"": [""insufficient_valid_pixels""]}, {""window_id"": 9, ""grid_rc"": ""2,2"", ""mapped"": true, ""valid_support_pct"": 100.0, ""ref_global_rect"": [1401, 4241, 1598, 4317], ""intensity_ncc"": 0.2458, ""gradient_ncc"": -0.0363, ""phase_response"": 0.0548, ""phase_shift_px"": [56.46, -14.83], ""fast_src_kps"": 792, ""fast_ref_kps"": 451, ""fast_candidates"": 0, ""fast_status"": ""no_lowes_filtered_matches"", ""supported"": true, ""support_reasons"": [""intensity_ncc=0.246\u22650.08"", ""phase_resp=0.055\u22650.05""], ""status"": ""evaluated""}]"
OHRC_PAIR_02__dx-1000m_dy-2000m,OHRC_PAIR_02,-1000,-2000,-200,400,SCREEN_FAIL,1,1,1,1,0,0,False,False,False,False,False,True,666,1579,1666,4579,18.426,283.56,1232.74,1264.93,"[{""window_id"": 1, ""grid_rc"": ""0,0"", ""mapped"": true, ""valid_support_pct"": 86.7, ""ref_global_rect"": [734, 2041, 931, 2117], ""intensity_ncc"": -0.0777, ""gradient_ncc"": -0.1162, ""phase_response"": 0.0082, ""phase_shift_px"": [12.3, 32.25], ""fast_src_kps"": 744, ""fast_ref_kps"": 391, ""fast_candidates"": 1, ""fast_status"": ""ok"", ""supported"": false, ""support_reasons"": [], ""status"": ""evaluated""}, {""window_id"": 2, ""grid_rc"": ""0,1"", ""mapped"": true, ""valid_support_pct"": 79.7, ""ref_global_rect"": [1067, 2041, 1265, 2117], ""intensity_ncc"": 0.2907, ""gradient_ncc"": 0.0746, ""phase_response"": -0.0075, ""phase_shift_px"": [39.79, -15.62], ""fast_src_kps"": 558, ""fast_ref_kps"": 115, ""fast_candidates"": 0, ""fast_status"": ""no_lowes_filtered_matches"", ""supported"": true, ""support_reasons"": [""intensity_ncc=0.291\u22650.08"", ""gradient_ncc=0.075\u22650.06""], ""status"": ""evaluated""}, {""window_id"": 3, ""grid_rc"": ""0,2"", ""mapped"": true, ""valid_support_pct"": 56.3, ""ref_global_rect"": [1401, 2041, 1598, 2117], ""intensity_ncc"": -0.0693, ""gradient_ncc"": -0.0122, ""phase_response"": 0.0059, ""phase_shift_px"": [27.26, 18.67], ""fast_src_kps"": 487, ""fast_ref_kps"": 531, ""fast_candidates"": 0, ""fast_status"": ""no_lowes_filtered_matches"", ""supported"": false, ""support_reasons"": [], ""status"": ""evaluated""}, {""window_id"": 4, ""grid_rc"": ""1,0"", ""mapped"": true, ""valid_support_pct"": 47.8, ""status"": ""low_valid_support"", ""supported"": false, ""support_reasons"": [""insufficient_valid_pixels""]}, {""window_id"": 5, ""grid_rc"": ""1,1"", ""mapped"": true, ""valid_support_pct"": 98.4, ""ref_global_rect"": [1067, 3041, 1265, 3117], ""intensity_ncc"": 0.0768, ""gradient_ncc"": 0.0053, ""phase_response"": 0.0376, ""phase_shift_px"": [14.42, 4.55], ""fast_src_kps"": 766, ""fast_ref_kps"": 399, ""fast_candidates"": 2, ""fast_status"": ""ok"", ""supported"": false, ""support_reasons"": [], ""status"": ""evaluated""}, {""window_id"": 6, ""grid_rc"": ""1,2"", ""mapped"": true, ""valid_support_pct"": 30.2, ""status"": ""low_valid_support"", ""supported"": false, ""support_reasons"": [""insufficient_valid_pixels""]}, {""window_id"": 7, ""grid_rc"": ""2,0"", ""mapped"": true, ""valid_support_pct"": 0.5, ""status"": ""low_valid_support"", ""supported"": false, ""support_reasons"": [""insufficient_valid_pixels""]}, {""window_id"": 8, ""grid_rc"": ""2,1"", ""mapped"": true, ""valid_support_pct"": 44.4, ""status"": ""low_valid_support"", ""supported"": false, ""support_reasons"": [""insufficient_valid_pixels""]}, {""window_id"": 9, ""grid_rc"": ""2,2"", ""mapped"": true, ""valid_support_pct"": 100.0, ""ref_global_rect"": [1401, 4041, 1598, 4117], ""intensity_ncc"": -0.0385, ""gradient_ncc"": -0.0255, ""phase_response"": 0.0243, ""phase_shift_px"": [16.66, -11.86], ""fast_src_kps"": 792, ""fast_ref_kps"": 472, ""fast_candidates"": 0, ""fast_status"": ""no_lowes_filtered_matches"", ""supported"": false, ""support_reasons"": [], ""status"": ""evaluated""}]"
OHRC_PAIR_02__dx-1000m_dy-1000m,OHRC_PAIR_02,-1000,-1000,-200,200,SCREEN_PASS,3,3,0,0,2,1,False,True,True,True,True,True,666,1379,1666,4379,18.426,283.56,1232.74,1264.93,"[{""window_id"": 1, ""grid_rc"": ""0,0"", ""mapped"": true, ""valid_support_pct"": 86.7, ""ref_global_rect"": [734, 1841, 931, 1917], ""intensity_ncc"": -0.0458, ""gradient_ncc"": -0.086, ""phase_response"": 0.005, ""phase_shift_px"": [-16.16, -1.04], ""fast_src_kps"": 744, ""fast_ref_kps"": 191, ""fast_candidates"": 0, ""fast_status"": ""no_lowes_filtered_matches"", ""supported"": false, ""support_reasons"": [], ""status"": ""evaluated""}, {""window_id"": 2, ""grid_rc"": ""0,1"", ""mapped"": true, ""valid_support_pct"": 79.7, ""ref_global_rect"": [1067, 1841, 1265, 1917], ""intensity_ncc"": -0.3178, ""gradient_ncc"": -0.0412, ""phase_response"": 0.0602, ""phase_shift_px"": [-13.13, -0.16], ""fast_src_kps"": 558, ""fast_ref_kps"": 263, ""fast_candidates"": 0, ""fast_status"": ""no_lowes_filtered_matches"", ""supported"": true, ""support_reasons"": [""phase_resp=0.060\u22650.05""], ""status"": ""evaluated""}, {""window_id"": 3, ""grid_rc"": ""0,2"", ""mapped"": true, ""valid_support_pct"": 56.3, ""ref_global_rect"": [1401, 1841, 1598, 1917], ""intensity_ncc"": -0.0967, ""gradient_ncc"": -0.0674, ""phase_response"": 0.0329, ""phase_shift_px"": [12.04, 63.02], ""fast_src_kps"": 487, ""fast_ref_kps"": 404, ""fast_candidates"": 3, ""fast_status"": ""ok"", ""supported"": true, ""support_reasons"": [""fast_candidates=3\u22653""], ""status"": ""evaluated""}, {""window_id"": 4, ""grid_rc"": ""1,0"", ""mapped"": true, ""valid_support_pct"": 47.8, ""status"": ""low_valid_support"", ""supported"": false, ""support_reasons"": [""insufficient_valid_pixels""]}, {""window_id"": 5, ""grid_rc"": ""1,1"", ""mapped"": true, ""valid_support_pct"": 98.4, ""ref_global_rect"": [1067, 2841, 1265, 2917], ""intensity_ncc"": -0.0901, ""gradient_ncc"": 0.0143, ""phase_response"": 0.0374, ""phase_shift_px"": [-1.12, -21.91], ""fast_src_kps"": 766, ""fast_ref_kps"": 401, ""fast_candidates"": 0, ""fast_status"": ""no_lowes_filtered_matches"", ""supported"": false, ""support_reasons"": [], ""status"": ""evaluated""}, {""window_id"": 6, ""grid_rc"": ""1,2"", ""mapped"": true, ""valid_support_pct"": 30.2, ""status"": ""low_valid_support"", ""supported"": false, ""support_reasons"": [""insufficient_valid_pixels""]}, {""window_id"": 7, ""grid_rc"": ""2,0"", ""mapped"": true, ""valid_support_pct"": 0.5, ""status"": ""low_valid_support"", ""supported"": false, ""support_reasons"": [""insufficient_valid_pixels""]}, {""window_id"": 8, ""grid_rc"": ""2,1"", ""mapped"": true, ""valid_support_pct"": 44.4, ""status"": ""low_valid_support"", ""supported"": false, ""support_reasons"": [""insufficient_valid_pixels""]}, {""window_id"": 9, ""grid_rc"": ""2,2"", ""mapped"": true, ""valid_support_pct"": 100.0, ""ref_global_rect"": [1401, 3841, 1598, 3917], ""intensity_ncc"": -0.3442, ""gradient_ncc"": -0.0003, ""phase_response"": 0.0572, ""phase_shift_px"": [3.89, -16.78], ""fast_src_kps"": 792, ""fast_ref_kps"": 202, ""fast_candidates"": 1, ""fast_status"": ""ok"", ""supported"": true, ""support_reasons"": [""phase_resp=0.057\u22650.05""], ""status"": ""evaluated""}]"
OHRC_PAIR_02__dx-1000m_dy+0m,OHRC_PAIR_02,-1000,0,-200,0,SCREEN_FAIL,3,3,1,0,3,0,False,True,True,True,False,True,666,1179,1666,4179,18.426,283.56,1232.74,1264.93,"[{""window_id"": 1, ""grid_rc"": ""0,0"", ""mapped"": true, ""valid_support_pct"": 86.7, ""ref_global_rect"": [734, 1641, 931, 1717], ""intensity_ncc"": 0.0108, ""gradient_ncc"": -0.0118, ""phase_response"": -0.0107, ""phase_shift_px"": [-7.08, -26.23], ""fast_src_kps"": 744, ""fast_ref_kps"": 125, ""fast_candidates"": 0, ""fast_status"": ""no_lowes_filtered_matches"", ""supported"": false, ""support_reasons"": [], ""status"": ""evaluated""}, {""window_id"": 2, ""grid_rc"": ""0,1"", ""mapped"": true, ""valid_support_pct"": 79.7, ""ref_global_rect"": [1067, 1641, 1265, 1717], ""intensity_ncc"": 0.289, ""gradient_ncc"": 0.0415, ""phase_response"": 0.0718, ""phase_shift_px"": [16.2, 8.8], ""fast_src_kps"": 558, ""fast_ref_kps"": 253, ""fast_candidates"": 1, ""fast_status"": ""ok"", ""supported"": true, ""support_reasons"": [""intensity_ncc=0.289\u22650.08"", ""phase_resp=0.072\u22650.05""], ""status"": ""evaluated""}, {""window_id"": 3, ""grid_rc"": ""0,2"", ""mapped"": true, ""valid_support_pct"": 56.3, ""ref_global_rect"": [1401, 1641, 1598, 1717], ""intensity_ncc"": 0.0781, ""gradient_ncc"": 0.0415, ""phase_response"": 0.0613, ""phase_shift_px"": [-5.4, 30.5], ""fast_src_kps"": 487, ""fast_ref_kps"": 566, ""fast_candidates"": 2, ""fast_status"": ""ok"", ""supported"": true, ""support_reasons"": [""phase_resp=0.061\u22650.05""], ""status"": ""evaluated""}, {""window_id"": 4, ""grid_rc"": ""1,0"", ""mapped"": true, ""valid_support_pct"": 47.8, ""status"": ""low_valid_support"", ""supported"": false, ""support_reasons"": [""insufficient_valid_pixels""]}, {""window_id"": 5, ""grid_rc"": ""1,1"", ""mapped"": true, ""valid_support_pct"": 98.4, ""ref_global_rect"": [1067, 2641, 1265, 2717], ""intensity_ncc"": -0.2103, ""gradient_ncc"": -0.005, ""phase_response"": 0.0622, ""phase_shift_px"": [27.76, -31.94], ""fast_src_kps"": 766, ""fast_ref_kps"": 582, ""fast_candidates"": 2, ""fast_status"": ""ok"", ""supported"": true, ""support_reasons"": [""phase_resp=0.062\u22650.05""], ""status"": ""evaluated""}, {""window_id"": 6, ""grid_rc"": ""1,2"", ""mapped"": true, ""valid_support_pct"": 30.2, ""status"": ""low_valid_support"", ""supported"": false, ""support_reasons"": [""insufficient_valid_pixels""]}, {""window_id"": 7, ""grid_rc"": ""2,0"", ""mapped"": true, ""valid_support_pct"": 0.5, ""status"": ""low_valid_support"", ""supported"": false, ""support_reasons"": [""insufficient_valid_pixels""]}, {""window_id"": 8, ""grid_rc"": ""2,1"", ""mapped"": true, ""valid_support_pct"": 44.4, ""status"": ""low_valid_support"", ""supported"": false, ""support_reasons"": [""insufficient_valid_pixels""]}, {""window_id"": 9, ""grid_rc"": ""2,2"", ""mapped"": true, ""valid_support_pct"": 100.0, ""ref_global_rect"": [1401, 3641, 1598, 3717], ""intensity_ncc"": -0.1184, ""gradient_ncc"": 0.0102, ""phase_response"": 0.0414, ""phase_shift_px"": [22.7, 10.84], ""fast_src_kps"": 792, ""fast_ref_kps"": 489, ""fast_candidates"": 0, ""fast_status"": ""no_lowes_filtered_matches"", ""supported"": false, ""support_reasons"": [], ""status"": ""evaluated""}]"
OHRC_PAIR_02__dx-1000m_dy+1000m,OHRC_PAIR_02,-1000,1000,-200,-200,SCREEN_FAIL,3,3,2,1,3,0,False,True,True,True,False,True,666,979,1666,3979,18.426,283.56,1232.74,1264.93,"[{""window_id"": 1, ""grid_rc"": ""0,0"", ""mapped"": true, ""valid_support_pct"": 86.7, ""ref_global_rect"": [734, 1441, 931, 1517], ""intensity_ncc"": -0.0438, ""gradient_ncc"": -0.0028, ""phase_response"": 0.0375, ""phase_shift_px"": [-24.86, -5.76], ""fast_src_kps"": 744, ""fast_ref_kps"": 10, ""fast_candidates"": 2, ""fast_status"": ""ok"", ""supported"": false, ""support_reasons"": [], ""status"": ""evaluated""}, {""window_id"": 2, ""grid_rc"": ""0,1"", ""mapped"": true, ""valid_support_pct"": 79.7, ""ref_global_rect"": [1067, 1441, 1265, 1517], ""intensity_ncc"": 0.3504, ""gradient_ncc"": 0.0985, ""phase_response"": 0.1414, ""phase_shift_px"": [0.6, -1.64], ""fast_src_kps"": 558, ""fast_ref_kps"": 413, ""fast_candidates"": 0, ""fast_status"": ""no_lowes_filtered_matches"", ""supported"": true, ""support_reasons"": [""intensity_ncc=0.350\u22650.08"", ""gradient_ncc=0.099\u22650.06"", ""phase_resp=0.141\u22650.05""], ""status"": ""evaluated""}, {""window_id"": 3, ""grid_rc"": ""0,2"", ""mapped"": true, ""valid_support_pct"": 56.3, ""ref_global_rect"": [1401, 1441, 1598, 1517], ""intensity_ncc"": -0.1059, ""gradient_ncc"": -0.0698, ""phase_response"": 0.0453, ""phase_shift_px"": [48.85, 16.92], ""fast_src_kps"": 487, ""fast_ref_kps"": 374, ""fast_candidates"": 1, ""fast_status"": ""ok"", ""supported"": false, ""support_reasons"": [], ""status"": ""evaluated""}, {""window_id"": 4, ""grid_rc"": ""1,0"", ""mapped"": true, ""valid_support_pct"": 47.8, ""status"": ""low_valid_support"", ""supported"": false, ""support_reasons"": [""insufficient_valid_pixels""]}, {""window_id"": 5, ""grid_rc"": ""1,1"", ""mapped"": true, ""valid_support_pct"": 98.4, ""ref_global_rect"": [1067, 2441, 1265, 2517], ""intensity_ncc"": 0.0102, ""gradient_ncc"": 0.0082, ""phase_response"": 0.0961, ""phase_shift_px"": [7.96, -19.32], ""fast_src_kps"": 766, ""fast_ref_kps"": 354, ""fast_candidates"": 0, ""fast_status"": ""no_lowes_filtered_matches"", ""supported"": true, ""support_reasons"": [""phase_resp=0.096\u22650.05""], ""status"": ""evaluated""}, {""window_id"": 6, ""grid_rc"": ""1,2"", ""mapped"": true, ""valid_support_pct"": 30.2, ""status"": ""low_valid_support"", ""supported"": false, ""support_reasons"": [""insufficient_valid_pixels""]}, {""window_id"": 7, ""grid_rc"": ""2,0"", ""mapped"": true, ""valid_support_pct"": 0.5, ""status"": ""low_valid_support"", ""supported"": false, ""support_reasons"": [""insufficient_valid_pixels""]}, {""window_id"": 8, ""grid_rc"": ""2,1"", ""mapped"": true, ""valid_support_pct"": 44.4, ""status"": ""low_valid_support"", ""supported"": false, ""support_reasons"": [""insufficient_valid_pixels""]}, {""window_id"": 9, ""grid_rc"": ""2,2"", ""mapped"": true, ""valid_support_pct"": 100.0, ""ref_global_rect"": [1401, 3441, 1598, 3517], ""intensity_ncc"": 0.2436, ""gradient_ncc"": -0.0893, ""phase_response"": 0.0808, ""phase_shift_px"": [42.31, 4.48], ""fast_src_kps"": 792, ""fast_ref_kps"": 524, ""fast_candidates"": 0, ""fast_status"": ""no_lowes_filtered_matches"", ""supported"": true, ""support_reasons"": [""intensity_ncc=0.244\u22650.08"", ""phase_resp=0.081\u22650.05""], ""status"": ""evaluated""}]"
OHRC_PAIR_02__dx-1000m_dy+2000m,OHRC_PAIR_02,-1000,2000,-200,-400,SCREEN_FAIL,5,5,3,0,3,0,False,True,True,True,False,True,666,779,1666,3779,18.426,283.56,1232.74,1264.93,"[{""window_id"": 1, ""grid_rc"": ""0,0"", ""mapped"": true, ""valid_support_pct"": 86.7, ""ref_global_rect"": [734, 1241, 931, 1317], ""intensity_ncc"": 0.0348, ""gradient_ncc"": 0.0151, ""phase_response"": 0.102, ""phase_shift_px"": [11.52, -1.84], ""fast_src_kps"": 744, ""fast_ref_kps"": 749, ""fast_candidates"": 0, ""fast_status"": ""no_lowes_filtered_matches"", ""supported"": true, ""support_reasons"": [""phase_resp=0.102\u22650.05""], ""status"": ""evaluated""}, {""window_id"": 2, ""grid_rc"": ""0,1"", ""mapped"": true, ""valid_support_pct"": 79.7, ""ref_global_rect"": [1067, 1241, 1265, 1317], ""intensity_ncc"": 0.4013, ""gradient_ncc"": -0.0329, ""phase_response"": 0.0259, ""phase_shift_px"": [15.32, 16.41], ""fast_src_kps"": 558, ""fast_ref_kps"": 306, ""fast_candidates"": 2, ""fast_status"": ""ok"", ""supported"": true, ""support_reasons"": [""intensity_ncc=0.401\u22650.08""], ""status"": ""evaluated""}, {""window_id"": 3, ""grid_rc"": ""0,2"", ""mapped"": true, ""valid_support_pct"": 56.3, ""ref_global_rect"": [1401, 1241, 1598, 1317], ""intensity_ncc"": 0.0916, ""gradient_ncc"": 0.0191, ""phase_response"": 0.0688, ""phase_shift_px"": [-11.84, 34.57], ""fast_src_kps"": 487, ""fast_ref_kps"": 334, ""fast_candidates"": 0, ""fast_status"": ""no_lowes_filtered_matches"", ""supported"": true, ""support_reasons"": [""intensity_ncc=0.092\u22650.08"", ""phase_resp=0.069\u22650.05""], ""status"": ""evaluated""}, {""window_id"": 4, ""grid_rc"": ""1,0"", ""mapped"": true, ""valid_support_pct"": 47.8, ""status"": ""low_valid_support"", ""supported"": false, ""support_reasons"": [""insufficient_valid_pixels""]}, {""window_id"": 5, ""grid_rc"": ""1,1"", ""mapped"": true, ""valid_support_pct"": 98.4, ""ref_global_rect"": [1067, 2241, 1265, 2317], ""intensity_ncc"": 0.1972, ""gradient_ncc"": -0.0038, ""phase_response"": 0.0194, ""phase_shift_px"": [12.88, 13.34], ""fast_src_kps"": 766, ""fast_ref_kps"": 536, ""fast_candidates"": 0, ""fast_status"": ""no_lowes_filtered_matches"", ""supported"": true, ""support_reasons"": [""intensity_ncc=0.197\u22650.08""], ""status"": ""evaluated""}, {""window_id"": 6, ""grid_rc"": ""1,2"", ""mapped"": true, ""valid_support_pct"": 30.2, ""status"": ""low_valid_support"", ""supported"": false, ""support_reasons"": [""insufficient_valid_pixels""]}, {""window_id"": 7, ""grid_rc"": ""2,0"", ""mapped"": true, ""valid_support_pct"": 0.5, ""status"": ""low_valid_support"", ""supported"": false, ""support_reasons"": [""insufficient_valid_pixels""]}, {""window_id"": 8, ""grid_rc"": ""2,1"", ""mapped"": true, ""valid_support_pct"": 44.4, ""status"": ""low_valid_support"", ""supported"": false, ""support_reasons"": [""insufficient_valid_pixels""]}, {""window_id"": 9, ""grid_rc"": ""2,2"", ""mapped"": true, ""valid_support_pct"": 100.0, ""ref_global_rect"": [1401, 3241, 1598, 3317], ""intensity_ncc"": 0.0607, ""gradient_ncc"": -0.0313, ""phase_response"": 0.0902, ""phase_shift_px"": [25.39, -5.19], ""fast_src_kps"": 792, ""fast_ref_kps"": 485, ""fast_candidates"": 0, ""fast_status"": ""no_lowes_filtered_matches"", ""supported"": true, ""support_reasons"": [""phase_resp=0.090\u22650.05""], ""status"": ""evaluated""}]"
OHRC_PAIR_02__dx-1000m_dy+3000m,OHRC_PAIR_02,-1000,3000,-200,-600,SCREEN_FAIL,5,5,3,0,5,0,False,True,True,True,False,True,666,579,1666,3579,18.426,283.56,1232.74,1264.93,"[{""window_id"": 1, ""grid_rc"": ""0,0"", ""mapped"": true, ""valid_support_pct"": 86.7, ""ref_global_rect"": [734, 1041, 931, 1117], ""intensity_ncc"": -0.242, ""gradient_ncc"": -0.1581, ""phase_response"": 0.1098, ""phase_shift_px"": [22.11, -12.35], ""fast_src_kps"": 744, ""fast_ref_kps"": 158, ""fast_candidates"": 2, ""fast_status"": ""ok"", ""supported"": true, ""support_reasons"": [""phase_resp=0.110\u22650.05""], ""status"": ""evaluated""}, {""window_id"": 2, ""grid_rc"": ""0,1"", ""mapped"": true, ""valid_support_pct"": 79.7, ""ref_global_rect"": [1067, 1041, 1265, 1117], ""intensity_ncc"": 0.2764, ""gradient_ncc"": 0.0424, ""phase_response"": 0.1097, ""phase_shift_px"": [5.95, -19.94], ""fast_src_kps"": 558, ""fast_ref_kps"": 418, ""fast_candidates"": 0, ""fast_status"": ""no_lowes_filtered_matches"", ""supported"": true, ""support_reasons"": [""intensity_ncc=0.276\u22650.08"", ""phase_resp=0.110\u22650.05""], ""status"": ""evaluated""}, {""window_id"": 3, ""grid_rc"": ""0,2"", ""mapped"": true, ""valid_support_pct"": 56.3, ""ref_global_rect"": [1401, 1041, 1598, 1117], ""intensity_ncc"": 0.1299, ""gradient_ncc"": 0.0468, ""phase_response"": 0.0673, ""phase_shift_px"": [-3.19, 0.29], ""fast_src_kps"": 487, ""fast_ref_kps"": 425, ""fast_candidates"": 1, ""fast_status"": ""ok"", ""supported"": true, ""support_reasons"": [""intensity_ncc=0.130\u22650.08"", ""phase_resp=0.067\u22650.05""], ""status"": ""evaluated""}, {""window_id"": 4, ""grid_rc"": ""1,0"", ""mapped"": true, ""valid_support_pct"": 47.8, ""status"": ""low_valid_support"", ""supported"": false, ""support_reasons"": [""insufficient_valid_pixels""]}, {""window_id"": 5, ""grid_rc"": ""1,1"", ""mapped"": true, ""valid_support_pct"": 98.4, ""ref_global_rect"": [1067, 2041, 1265, 2117], ""intensity_ncc"": -0.11, ""gradient_ncc"": 0.0001, ""phase_response"": 0.1036, ""phase_shift_px"": [61.32, -5.27], ""fast_src_kps"": 766, ""fast_ref_kps"": 115, ""fast_candidates"": 1, ""fast_status"": ""ok"", ""supported"": true, ""support_reasons"": [""phase_resp=0.104\u22650.05""], ""status"": ""evaluated""}, {""window_id"": 6, ""grid_rc"": ""1,2"", ""mapped"": true, ""valid_support_pct"": 30.2, ""status"": ""low_valid_support"", ""supported"": false, ""support_reasons"": [""insufficient_valid_pixels""]}, {""window_id"": 7, ""grid_rc"": ""2,0"", ""mapped"": true, ""valid_support_pct"": 0.5, ""status"": ""low_valid_support"", ""supported"": false, ""support_reasons"": [""insufficient_valid_pixels""]}, {""window_id"": 8, ""grid_rc"": ""2,1"", ""mapped"": true, ""valid_support_pct"": 44.4, ""status"": ""low_valid_support"", ""supported"": false, ""support_reasons"": [""insufficient_valid_pixels""]}, {""window_id"": 9, ""grid_rc"": ""2,2"", ""mapped"": true, ""valid_support_pct"": 100.0, ""ref_global_rect"": [1401, 3041, 1598, 3117], ""intensity_ncc"": 0.237, ""gradient_ncc"": -0.052, ""phase_response"": 0.1259, ""phase_shift_px"": [-1.08, 11.87], ""fast_src_kps"": 792, ""fast_ref_kps"": 587, ""fast_candidates"": 0, ""fast_status"": ""no_lowes_filtered_matches"", ""supported"": true, ""support_reasons"": [""intensity_ncc=0.237\u22650.08"", ""phase_resp=0.126\u22650.05""], ""status"": ""evaluated""}]"
OHRC_PAIR_02__dx+0m_dy-3000m,OHRC_PAIR_02,0,-3000,0,600,SCREEN_FAIL,2,2,1,0,1,0,False,False,False,True,False,True,866,1779,1866,4779,18.426,283.56,1232.74,1264.93,"[{""window_id"": 1, ""grid_rc"": ""0,0"", ""mapped"": true, ""valid_support_pct"": 86.7, ""ref_global_rect"": [934, 2241, 1131, 2317], ""intensity_ncc"": 0.0318, ""gradient_ncc"": 0.0145, ""phase_response"": 0.0997, ""phase_shift_px"": [-11.45, 0.93], ""fast_src_kps"": 744, ""fast_ref_kps"": 383, ""fast_candidates"": 0, ""fast_status"": ""no_lowes_filtered_matches"", ""supported"": true, ""support_reasons"": [""phase_resp=0.100\u22650.05""], ""status"": ""evaluated""}, {""window_id"": 2, ""grid_rc"": ""0,1"", ""mapped"": true, ""valid_support_pct"": 79.7, ""ref_global_rect"": [1267, 2241, 1465, 2317], ""intensity_ncc"": -0.4747, ""gradient_ncc"": -0.1081, ""phase_response"": 0.0077, ""phase_shift_px"": [4.41, 4.9], ""fast_src_kps"": 558, ""fast_ref_kps"": 362, ""fast_candidates"": 0, ""fast_status"": ""no_lowes_filtered_matches"", ""supported"": false, ""support_reasons"": [], ""status"": ""evaluated""}, {""window_id"": 3, ""grid_rc"": ""0,2"", ""mapped"": true, ""valid_support_pct"": 56.3, ""ref_global_rect"": [1601, 2241, 1798, 2317], ""intensity_ncc"": -0.0031, ""gradient_ncc"": -0.0222, ""phase_response"": 0.0135, ""phase_shift_px"": [24.53, 9.07], ""fast_src_kps"": 487, ""fast_ref_kps"": 404, ""fast_candidates"": 1, ""fast_status"": ""ok"", ""supported"": false, ""support_reasons"": [], ""status"": ""evaluated""}, {""window_id"": 4, ""grid_rc"": ""1,0"", ""mapped"": true, ""valid_support_pct"": 47.8, ""status"": ""low_valid_support"", ""supported"": false, ""support_reasons"": [""insufficient_valid_pixels""]}, {""window_id"": 5, ""grid_rc"": ""1,1"", ""mapped"": true, ""valid_support_pct"": 98.4, ""ref_global_rect"": [1267, 3241, 1465, 3317], ""intensity_ncc"": 0.1863, ""gradient_ncc"": 0.0135, ""phase_response"": -0.0638, ""phase_shift_px"": [8.14, 12.1], ""fast_src_kps"": 766, ""fast_ref_kps"": 511, ""fast_candidates"": 0, ""fast_status"": ""no_lowes_filtered_matches"", ""supported"": true, ""support_reasons"": [""intensity_ncc=0.186\u22650.08""], ""status"": ""evaluated""}, {""window_id"": 6, ""grid_rc"": ""1,2"", ""mapped"": true, ""valid_support_pct"": 30.2, ""status"": ""low_valid_support"", ""supported"": false, ""support_reasons"": [""insufficient_valid_pixels""]}, {""window_id"": 7, ""grid_rc"": ""2,0"", ""mapped"": true, ""valid_support_pct"": 0.5, ""status"": ""low_valid_support"", ""supported"": false, ""support_reasons"": [""insufficient_valid_pixels""]}, {""window_id"": 8, ""grid_rc"": ""2,1"", ""mapped"": true, ""valid_support_pct"": 44.4, ""status"": ""low_valid_support"", ""supported"": false, ""support_reasons"": [""insufficient_valid_pixels""]}, {""window_id"": 9, ""grid_rc"": ""2,2"", ""mapped"": true, ""valid_support_pct"": 100.0, ""ref_global_rect"": [1601, 4241, 1798, 4317], ""intensity_ncc"": -0.3526, ""gradient_ncc"": 0.0143, ""phase_response"": -0.0084, ""phase_shift_px"": [30.13, -4.44], ""fast_src_kps"": 792, ""fast_ref_kps"": 531, ""fast_candidates"": 1, ""fast_status"": ""ok"", ""supported"": false, ""support_reasons"": [], ""status"": ""evaluated""}]"
OHRC_PAIR_02__dx+0m_dy-2000m,OHRC_PAIR_02,0,-2000,0,400,SCREEN_PASS,5,5,1,1,5,2,False,True,True,True,True,True,866,1579,1866,4579,18.426,283.56,1232.74,1264.93,"[{""window_id"": 1, ""grid_rc"": ""0,0"", ""mapped"": true, ""valid_support_pct"": 86.7, ""ref_global_rect"": [934, 2041, 1131, 2117], ""intensity_ncc"": 0.0648, ""gradient_ncc"": 0.077, ""phase_response"": 0.0624, ""phase_shift_px"": [-23.98, 32.32], ""fast_src_kps"": 744, ""fast_ref_kps"": 312, ""fast_candidates"": 0, ""fast_status"": ""no_lowes_filtered_matches"", ""supported"": true, ""support_reasons"": [""gradient_ncc=0.077\u22650.06"", ""phase_resp=0.062\u22650.05""], ""status"": ""evaluated""}, {""window_id"": 2, ""grid_rc"": ""0,1"", ""mapped"": true, ""valid_support_pct"": 79.7, ""ref_global_rect"": [1267, 2041, 1465, 2117], ""intensity_ncc"": 0.1481, ""gradient_ncc"": 0.0152, ""phase_response"": 0.139, ""phase_shift_px"": [5.74, -1.97], ""fast_src_kps"": 558, ""fast_ref_kps"": 554, ""fast_candidates"": 0, ""fast_status"": ""no_lowes_filtered_matches"", ""supported"": true, ""support_reasons"": [""intensity_ncc=0.148\u22650.08"", ""phase_resp=0.139\u22650.05""], ""status"": ""evaluated""}, {""window_id"": 3, ""grid_rc"": ""0,2"", ""mapped"": true, ""valid_support_pct"": 56.3, ""ref_global_rect"": [1601, 2041, 1798, 2117], ""intensity_ncc"": -0.1182, ""gradient_ncc"": -0.0146, ""phase_response"": 0.0719, ""phase_shift_px"": [23.54, 6.6], ""fast_src_kps"": 487, ""fast_ref_kps"": 662, ""fast_candidates"": 0, ""fast_status"": ""no_lowes_filtered_matches"", ""supported"": true, ""support_reasons"": [""phase_resp=0.072\u22650.05""], ""status"": ""evaluated""}, {""window_id"": 4, ""grid_rc"": ""1,0"", ""mapped"": true, ""valid_support_pct"": 47.8, ""status"": ""low_valid_support"", ""supported"": false, ""support_reasons"": [""insufficient_valid_pixels""]}, {""window_id"": 5, ""grid_rc"": ""1,1"", ""mapped"": true, ""valid_support_pct"": 98.4, ""ref_global_rect"": [1267, 3041, 1465, 3117], ""intensity_ncc"": -0.1567, ""gradient_ncc"": -0.0339, ""phase_response"": 0.0779, ""phase_shift_px"": [-5.37, -40.17], ""fast_src_kps"": 766, ""fast_ref_kps"": 251, ""fast_candidates"": 3, ""fast_status"": ""ok"", ""supported"": true, ""support_reasons"": [""phase_resp=0.078\u22650.05"", ""fast_candidates=3\u22653""], ""status"": ""evaluated""}, {""window_id"": 6, ""grid_rc"": ""1,2"", ""mapped"": true, ""valid_support_pct"": 30.2, ""status"": ""low_valid_support"", ""supported"": false, ""support_reasons"": [""insufficient_valid_pixels""]}, {""window_id"": 7, ""grid_rc"": ""2,0"", ""mapped"": true, ""valid_support_pct"": 0.5, ""status"": ""low_valid_support"", ""supported"": false, ""support_reasons"": [""insufficient_valid_pixels""]}, {""window_id"": 8, ""grid_rc"": ""2,1"", ""mapped"": true, ""valid_support_pct"": 44.4, ""status"": ""low_valid_support"", ""supported"": false, ""support_reasons"": [""insufficient_valid_pixels""]}, {""window_id"": 9, ""grid_rc"": ""2,2"", ""mapped"": true, ""valid_support_pct"": 100.0, ""ref_global_rect"": [1601, 4041, 1798, 4117], ""intensity_ncc"": -0.1874, ""gradient_ncc"": -0.0332, ""phase_response"": 0.1648, ""phase_shift_px"": [7.27, 1.21], ""fast_src_kps"": 792, ""fast_ref_kps"": 324, ""fast_candidates"": 3, ""fast_status"": ""ok"", ""supported"": true, ""support_reasons"": [""phase_resp=0.165\u22650.05"", ""fast_candidates=3\u22653""], ""status"": ""evaluated""}]"
OHRC_PAIR_02__dx+0m_dy-1000m,OHRC_PAIR_02,0,-1000,0,200,SCREEN_FAIL,4,4,3,0,4,0,False,True,True,True,False,True,866,1379,1866,4379,18.426,283.56,1232.74,1264.93,"[{""window_id"": 1, ""grid_rc"": ""0,0"", ""mapped"": true, ""valid_support_pct"": 86.7, ""ref_global_rect"": [934, 1841, 1131, 1917], ""intensity_ncc"": 0.0181, ""gradient_ncc"": 0.0018, ""phase_response"": 0.0914, ""phase_shift_px"": [-6.48, -3.93], ""fast_src_kps"": 744, ""fast_ref_kps"": 372, ""fast_candidates"": 1, ""fast_status"": ""ok"", ""supported"": true, ""support_reasons"": [""phase_resp=0.091\u22650.05""], ""status"": ""evaluated""}, {""window_id"": 2, ""grid_rc"": ""0,1"", ""mapped"": true, ""valid_support_pct"": 79.7, ""ref_global_rect"": [1267, 1841, 1465, 1917], ""intensity_ncc"": 0.1205, ""gradient_ncc"": 0.0378, ""phase_response"": 0.0772, ""phase_shift_px"": [17.33, -9.44], ""fast_src_kps"": 558, ""fast_ref_kps"": 256, ""fast_candidates"": 2, ""fast_status"": ""ok"", ""supported"": true, ""support_reasons"": [""intensity_ncc=0.120\u22650.08"", ""phase_resp=0.077\u22650.05""], ""status"": ""evaluated""}, {""window_id"": 3, ""grid_rc"": ""0,2"", ""mapped"": true, ""valid_support_pct"": 56.3, ""ref_global_rect"": [1601, 1841, 1798, 1917], ""intensity_ncc"": 0.1022, ""gradient_ncc"": 0.0078, ""phase_response"": 0.0616, ""phase_shift_px"": [-12.34, 10.23], ""fast_src_kps"": 487, ""fast_ref_kps"": 404, ""fast_candidates"": 0, ""fast_status"": ""no_lowes_filtered_matches"", ""supported"": true, ""support_reasons"": [""intensity_ncc=0.102\u22650.08"", ""phase_resp=0.062\u22650.05""], ""status"": ""evaluated""}, {""window_id"": 4, ""grid_rc"": ""1,0"", ""mapped"": true, ""valid_support_pct"": 47.8, ""status"": ""low_valid_support"", ""supported"": false, ""support_reasons"": [""insufficient_valid_pixels""]}, {""window_id"": 5, ""grid_rc"": ""1,1"", ""mapped"": true, ""valid_support_pct"": 98.4, ""ref_global_rect"": [1267, 2841, 1465, 2917], ""intensity_ncc"": -0.1011, ""gradient_ncc"": 0.0307, ""phase_response"": -0.0664, ""phase_shift_px"": [0.1, 11.2], ""fast_src_kps"": 766, ""fast_ref_kps"": 517, ""fast_candidates"": 1, ""fast_status"": ""ok"", ""supported"": false, ""support_reasons"": [], ""status"": ""evaluated""}, {""window_id"": 6, ""grid_rc"": ""1,2"", ""mapped"": true, ""valid_support_pct"": 30.2, ""status"": ""low_valid_support"", ""supported"": false, ""support_reasons"": [""insufficient_valid_pixels""]}, {""window_id"": 7, ""grid_rc"": ""2,0"", ""mapped"": true, ""valid_support_pct"": 0.5, ""status"": ""low_valid_support"", ""supported"": false, ""support_reasons"": [""insufficient_valid_pixels""]}, {""window_id"": 8, ""grid_rc"": ""2,1"", ""mapped"": true, ""valid_support_pct"": 44.4, ""status"": ""low_valid_support"", ""supported"": false, ""support_reasons"": [""insufficient_valid_pixels""]}, {""window_id"": 9, ""grid_rc"": ""2,2"", ""mapped"": true, ""valid_support_pct"": 100.0, ""ref_global_rect"": [1601, 3841, 1798, 3917], ""intensity_ncc"": 0.3176, ""gradient_ncc"": -0.0315, ""phase_response"": 0.0798, ""phase_shift_px"": [-4.42, -7.79], ""fast_src_kps"": 792, ""fast_ref_kps"": 515, ""fast_candidates"": 0, ""fast_status"": ""no_lowes_filtered_matches"", ""supported"": true, ""support_reasons"": [""intensity_ncc=0.318\u22650.08"", ""phase_resp=0.080\u22650.05""], ""status"": ""evaluated""}]"
OHRC_PAIR_02__dx+0m_dy+0m,OHRC_PAIR_02,0,0,0,0,SCREEN_FAIL,4,4,2,0,4,0,False,True,True,True,False,True,866,1179,1866,4179,18.426,283.56,1232.74,1264.93,"[{""window_id"": 1, ""grid_rc"": ""0,0"", ""mapped"": true, ""valid_support_pct"": 86.7, ""ref_global_rect"": [934, 1641, 1131, 1717], ""intensity_ncc"": -0.0464, ""gradient_ncc"": -0.0286, ""phase_response"": 0.0677, ""phase_shift_px"": [8.45, -3.99], ""fast_src_kps"": 744, ""fast_ref_kps"": 386, ""fast_candidates"": 0, ""fast_status"": ""no_lowes_filtered_matches"", ""supported"": true, ""support_reasons"": [""phase_resp=0.068\u22650.05""], ""status"": ""evaluated""}, {""window_id"": 2, ""grid_rc"": ""0,1"", ""mapped"": true, ""valid_support_pct"": 79.7, ""ref_global_rect"": [1267, 1641, 1465, 1717], ""intensity_ncc"": 0.3618, ""gradient_ncc"": 0.0496, ""phase_response"": 0.08, ""phase_shift_px"": [13.07, -27.83], ""fast_src_kps"": 558, ""fast_ref_kps"": 354, ""fast_candidates"": 1, ""fast_status"": ""ok"", ""supported"": true, ""support_reasons"": [""intensity_ncc=0.362\u22650.08"", ""phase_resp=0.080\u22650.05""], ""status"": ""evaluated""}, {""window_id"": 3, ""grid_rc"": ""0,2"", ""mapped"": true, ""valid_support_pct"": 56.3, ""ref_global_rect"": [1601, 1641, 1798, 1717], ""intensity_ncc"": 0.0803, ""gradient_ncc"": 0.0261, ""phase_response"": 0.0973, ""phase_shift_px"": [2.11, 14.3], ""fast_src_kps"": 487, ""fast_ref_kps"": 443, ""fast_candidates"": 0, ""fast_status"": ""no_lowes_filtered_matches"", ""supported"": true, ""support_reasons"": [""intensity_ncc=0.080\u22650.08"", ""phase_resp=0.097\u22650.05""], ""status"": ""evaluated""}, {""window_id"": 4, ""grid_rc"": ""1,0"", ""mapped"": true, ""valid_support_pct"": 47.8, ""status"": ""low_valid_support"", ""supported"": false, ""support_reasons"": [""insufficient_valid_pixels""]}, {""window_id"": 5, ""grid_rc"": ""1,1"", ""mapped"": true, ""valid_support_pct"": 98.4, ""ref_global_rect"": [1267, 2641, 1465, 2717], ""intensity_ncc"": -0.0662, ""gradient_ncc"": 0.0418, ""phase_response"": 0.0221, ""phase_shift_px"": [6.39, -15.01], ""fast_src_kps"": 766, ""fast_ref_kps"": 460, ""fast_candidates"": 0, ""fast_status"": ""no_lowes_filtered_matches"", ""supported"": false, ""support_reasons"": [], ""status"": ""evaluated""}, {""window_id"": 6, ""grid_rc"": ""1,2"", ""mapped"": true, ""valid_support_pct"": 30.2, ""status"": ""low_valid_support"", ""supported"": false, ""support_reasons"": [""insufficient_valid_pixels""]}, {""window_id"": 7, ""grid_rc"": ""2,0"", ""mapped"": true, ""valid_support_pct"": 0.5, ""status"": ""low_valid_support"", ""supported"": false, ""support_reasons"": [""insufficient_valid_pixels""]}, {""window_id"": 8, ""grid_rc"": ""2,1"", ""mapped"": true, ""valid_support_pct"": 44.4, ""status"": ""low_valid_support"", ""supported"": false, ""support_reasons"": [""insufficient_valid_pixels""]}, {""window_id"": 9, ""grid_rc"": ""2,2"", ""mapped"": true, ""valid_support_pct"": 100.0, ""ref_global_rect"": [1601, 3641, 1798, 3717], ""intensity_ncc"": 0.0423, ""gradient_ncc"": 0.0131, ""phase_response"": 0.0769, ""phase_shift_px"": [3.23, 1.57], ""fast_src_kps"": 792, ""fast_ref_kps"": 488, ""fast_candidates"": 0, ""fast_status"": ""no_lowes_filtered_matches"", ""supported"": true, ""support_reasons"": [""phase_resp=0.077\u22650.05""], ""status"": ""evaluated""}]"
OHRC_PAIR_02__dx+0m_dy+1000m,OHRC_PAIR_02,0,1000,0,-200,SCREEN_PASS,4,4,3,1,2,1,False,True,True,True,True,True,866,979,1866,3979,18.426,283.56,1232.74,1264.93,"[{""window_id"": 1, ""grid_rc"": ""0,0"", ""mapped"": true, ""valid_support_pct"": 86.7, ""ref_global_rect"": [934, 1441, 1131, 1517], ""intensity_ncc"": 0.0889, ""gradient_ncc"": 0.0416, ""phase_response"": 0.0022, ""phase_shift_px"": [27.93, -40.65], ""fast_src_kps"": 744, ""fast_ref_kps"": 328, ""fast_candidates"": 0, ""fast_status"": ""no_lowes_filtered_matches"", ""supported"": true, ""support_reasons"": [""intensity_ncc=0.089\u22650.08""], ""status"": ""evaluated""}, {""window_id"": 2, ""grid_rc"": ""0,1"", ""mapped"": true, ""valid_support_pct"": 79.7, ""ref_global_rect"": [1267, 1441, 1465, 1517], ""intensity_ncc"": 0.2634, ""gradient_ncc"": 0.0689, ""phase_response"": -0.0037, ""phase_shift_px"": [-1.27, 21.55], ""fast_src_kps"": 558, ""fast_ref_kps"": 335, ""fast_candidates"": 3, ""fast_status"": ""ok"", ""supported"": true, ""support_reasons"": [""intensity_ncc=0.263\u22650.08"", ""gradient_ncc=0.069\u22650.06"", ""fast_candidates=3\u22653""], ""status"": ""evaluated""}, {""window_id"": 3, ""grid_rc"": ""0,2"", ""mapped"": true, ""valid_support_pct"": 56.3, ""ref_global_rect"": [1601, 1441, 1798, 1517], ""intensity_ncc"": -0.0196, ""gradient_ncc"": 0.0154, ""phase_response"": 0.0423, ""phase_shift_px"": [14.18, -10.63], ""fast_src_kps"": 487, ""fast_ref_kps"": 506, ""fast_candidates"": 0, ""fast_status"": ""no_lowes_filtered_matches"", ""supported"": false, ""support_reasons"": [], ""status"": ""evaluated""}, {""window_id"": 4, ""grid_rc"": ""1,0"", ""mapped"": true, ""valid_support_pct"": 47.8, ""status"": ""low_valid_support"", ""supported"": false, ""support_reasons"": [""insufficient_valid_pixels""]}, {""window_id"": 5, ""grid_rc"": ""1,1"", ""mapped"": true, ""valid_support_pct"": 98.4, ""ref_global_rect"": [1267, 2441, 1465, 2517], ""intensity_ncc"": -0.2578, ""gradient_ncc"": -0.0651, ""phase_response"": 0.059, ""phase_shift_px"": [3.87, -18.37], ""fast_src_kps"": 766, ""fast_ref_kps"": 366, ""fast_candidates"": 0, ""fast_status"": ""no_lowes_filtered_matches"", ""supported"": true, ""support_reasons"": [""phase_resp=0.059\u22650.05""], ""status"": ""evaluated""}, {""window_id"": 6, ""grid_rc"": ""1,2"", ""mapped"": true, ""valid_support_pct"": 30.2, ""status"": ""low_valid_support"", ""supported"": false, ""support_reasons"": [""insufficient_valid_pixels""]}, {""window_id"": 7, ""grid_rc"": ""2,0"", ""mapped"": true, ""valid_support_pct"": 0.5, ""status"": ""low_valid_support"", ""supported"": false, ""support_reasons"": [""insufficient_valid_pixels""]}, {""window_id"": 8, ""grid_rc"": ""2,1"", ""mapped"": true, ""valid_support_pct"": 44.4, ""status"": ""low_valid_support"", ""supported"": false, ""support_reasons"": [""insufficient_valid_pixels""]}, {""window_id"": 9, ""grid_rc"": ""2,2"", ""mapped"": true, ""valid_support_pct"": 100.0, ""ref_global_rect"": [1601, 3441, 1798, 3517], ""intensity_ncc"": 0.1155, ""gradient_ncc"": -0.0077, ""phase_response"": 0.1163, ""phase_shift_px"": [12.96, -12.62], ""fast_src_kps"": 792, ""fast_ref_kps"": 521, ""fast_candidates"": 0, ""fast_status"": ""no_lowes_filtered_matches"", ""supported"": true, ""support_reasons"": [""intensity_ncc=0.116\u22650.08"", ""phase_resp=0.116\u22650.05""], ""status"": ""evaluated""}]"
OHRC_PAIR_02__dx+0m_dy+2000m,OHRC_PAIR_02,0,2000,0,-400,SCREEN_FAIL,2,2,2,0,0,0,False,False,False,False,False,True,866,779,1866,3779,18.426,283.56,1232.74,1264.93,"[{""window_id"": 1, ""grid_rc"": ""0,0"", ""mapped"": true, ""valid_support_pct"": 86.7, ""ref_global_rect"": [934, 1241, 1131, 1317], ""intensity_ncc"": -0.0279, ""gradient_ncc"": -0.0307, ""phase_response"": -0.0481, ""phase_shift_px"": [27.97, 36.28], ""fast_src_kps"": 744, ""fast_ref_kps"": 165, ""fast_candidates"": 0, ""fast_status"": ""no_lowes_filtered_matches"", ""supported"": false, ""support_reasons"": [], ""status"": ""evaluated""}, {""window_id"": 2, ""grid_rc"": ""0,1"", ""mapped"": true, ""valid_support_pct"": 79.7, ""ref_global_rect"": [1267, 1241, 1465, 1317], ""intensity_ncc"": 0.2831, ""gradient_ncc"": 0.0476, ""phase_response"": -0.0414, ""phase_shift_px"": [4.3, 12.7], ""fast_src_kps"": 558, ""fast_ref_kps"": 534, ""fast_candidates"": 0, ""fast_status"": ""no_lowes_filtered_matches"", ""supported"": true, ""support_reasons"": [""intensity_ncc=0.283\u22650.08""], ""status"": ""evaluated""}, {""window_id"": 3, ""grid_rc"": ""0,2"", ""mapped"": true, ""valid_support_pct"": 56.3, ""ref_global_rect"": [1601, 1241, 1798, 1317], ""intensity_ncc"": -0.0913, ""gradient_ncc"": 0.0183, ""phase_response"": 0.0451, ""phase_shift_px"": [-15.74, 26.91], ""fast_src_kps"": 487, ""fast_ref_kps"": 271, ""fast_candidates"": 0, ""fast_status"": ""no_lowes_filtered_matches"", ""supported"": false, ""support_reasons"": [], ""status"": ""evaluated""}, {""window_id"": 4, ""grid_rc"": ""1,0"", ""mapped"": true, ""valid_support_pct"": 47.8, ""status"": ""low_valid_support"", ""supported"": false, ""support_reasons"": [""insufficient_valid_pixels""]}, {""window_id"": 5, ""grid_rc"": ""1,1"", ""mapped"": true, ""valid_support_pct"": 98.4, ""ref_global_rect"": [1267, 2241, 1465, 2317], ""intensity_ncc"": 0.1828, ""gradient_ncc"": -0.025, ""phase_response"": -0.0033, ""phase_shift_px"": [45.71, 18.26], ""fast_src_kps"": 766, ""fast_ref_kps"": 362, ""fast_candidates"": 0, ""fast_status"": ""no_lowes_filtered_matches"", ""supported"": true, ""support_reasons"": [""intensity_ncc=0.183\u22650.08""], ""status"": ""evaluated""}, {""window_id"": 6, ""grid_rc"": ""1,2"", ""mapped"": true, ""valid_support_pct"": 30.2, ""status"": ""low_valid_support"", ""supported"": false, ""support_reasons"": [""insufficient_valid_pixels""]}, {""window_id"": 7, ""grid_rc"": ""2,0"", ""mapped"": true, ""valid_support_pct"": 0.5, ""status"": ""low_valid_support"", ""supported"": false, ""support_reasons"": [""insufficient_valid_pixels""]}, {""window_id"": 8, ""grid_rc"": ""2,1"", ""mapped"": true, ""valid_support_pct"": 44.4, ""status"": ""low_valid_support"", ""supported"": false, ""support_reasons"": [""insufficient_valid_pixels""]}, {""window_id"": 9, ""grid_rc"": ""2,2"", ""mapped"": true, ""valid_support_pct"": 100.0, ""ref_global_rect"": [1601, 3241, 1798, 3317], ""intensity_ncc"": -0.021, ""gradient_ncc"": 0.0215, ""phase_response"": -0.0662, ""phase_shift_px"": [6.6, 4.12], ""fast_src_kps"": 792, ""fast_ref_kps"": 501, ""fast_candidates"": 0, ""fast_status"": ""no_lowes_filtered_matches"", ""supported"": false, ""support_reasons"": [], ""status"": ""evaluated""}]"
OHRC_PAIR_02__dx+0m_dy+3000m,OHRC_PAIR_02,0,3000,0,-600,SCREEN_FAIL,3,3,0,0,3,0,False,True,True,True,False,True,866,579,1866,3579,18.426,283.56,1232.74,1264.93,"[{""window_id"": 1, ""grid_rc"": ""0,0"", ""mapped"": true, ""valid_support_pct"": 86.7, ""ref_global_rect"": [934, 1041, 1131, 1117], ""intensity_ncc"": -0.1394, ""gradient_ncc"": -0.0225, ""phase_response"": 0.0675, ""phase_shift_px"": [9.39, -32.16], ""fast_src_kps"": 744, ""fast_ref_kps"": 288, ""fast_candidates"": 0, ""fast_status"": ""no_lowes_filtered_matches"", ""supported"": true, ""support_reasons"": [""phase_resp=0.068\u22650.05""], ""status"": ""evaluated""}, {""window_id"": 2, ""grid_rc"": ""0,1"", ""mapped"": true, ""valid_support_pct"": 79.7, ""ref_global_rect"": [1267, 1041, 1465, 1117], ""intensity_ncc"": -0.0103, ""gradient_ncc"": 0.0364, ""phase_response"": 0.0261, ""phase_shift_px"": [20.94, -5.23], ""fast_src_kps"": 558, ""fast_ref_kps"": 365, ""fast_candidates"": 1, ""fast_status"": ""ok"", ""supported"": false, ""support_reasons"": [], ""status"": ""evaluated""}, {""window_id"": 3, ""grid_rc"": ""0,2"", ""mapped"": true, ""valid_support_pct"": 56.3, ""ref_global_rect"": [1601, 1041, 1798, 1117], ""intensity_ncc"": -0.0212, ""gradient_ncc"": -0.0085, ""phase_response"": 0.0769, ""phase_shift_px"": [30.59, -3.62], ""fast_src_kps"": 487, ""fast_ref_kps"": 451, ""fast_candidates"": 0, ""fast_status"": ""no_lowes_filtered_matches"", ""supported"": true, ""support_reasons"": [""phase_resp=0.077\u22650.05""], ""status"": ""evaluated""}, {""window_id"": 4, ""grid_rc"": ""1,0"", ""mapped"": true, ""valid_support_pct"": 47.8, ""status"": ""low_valid_support"", ""supported"": false, ""support_reasons"": [""insufficient_valid_pixels""]}, {""window_id"": 5, ""grid_rc"": ""1,1"", ""mapped"": true, ""valid_support_pct"": 98.4, ""ref_global_rect"": [1267, 2041, 1465, 2117], ""intensity_ncc"": -0.0784, ""gradient_ncc"": -0.0481, ""phase_response"": 0.0727, ""phase_shift_px"": [-1.61, -17.83], ""fast_src_kps"": 766, ""fast_ref_kps"": 554, ""fast_candidates"": 0, ""fast_status"": ""no_lowes_filtered_matches"", ""supported"": true, ""support_reasons"": [""phase_resp=0.073\u22650.05""], ""status"": ""evaluated""}, {""window_id"": 6, ""grid_rc"": ""1,2"", ""mapped"": true, ""valid_support_pct"": 30.2, ""status"": ""low_valid_support"", ""supported"": false, ""support_reasons"": [""insufficient_valid_pixels""]}, {""window_id"": 7, ""grid_rc"": ""2,0"", ""mapped"": true, ""valid_support_pct"": 0.5, ""status"": ""low_valid_support"", ""supported"": false, ""support_reasons"": [""insufficient_valid_pixels""]}, {""window_id"": 8, ""grid_rc"": ""2,1"", ""mapped"": true, ""valid_support_pct"": 44.4, ""status"": ""low_valid_support"", ""supported"": false, ""support_reasons"": [""insufficient_valid_pixels""]}, {""window_id"": 9, ""grid_rc"": ""2,2"", ""mapped"": true, ""valid_support_pct"": 100.0, ""ref_global_rect"": [1601, 3041, 1798, 3117], ""intensity_ncc"": -0.0862, ""gradient_ncc"": 0.0385, ""phase_response"": 0.0187, ""phase_shift_px"": [7.39, -19.78], ""fast_src_kps"": 792, ""fast_ref_kps"": 370, ""fast_candidates"": 2, ""fast_status"": ""ok"", ""supported"": false, ""support_reasons"": [], ""status"": ""evaluated""}]"
OHRC_PAIR_02__dx+1000m_dy-3000m,OHRC_PAIR_02,1000,-3000,200,600,SCREEN_FAIL,3,3,3,1,0,0,False,True,True,False,False,True,1066,1779,2066,4779,18.426,283.56,1232.74,1264.93,"[{""window_id"": 1, ""grid_rc"": ""0,0"", ""mapped"": true, ""valid_support_pct"": 86.7, ""ref_global_rect"": [1134, 2241, 1331, 2317], ""intensity_ncc"": 0.1154, ""gradient_ncc"": 0.0163, ""phase_response"": 0.0441, ""phase_shift_px"": [-15.41, 2.6], ""fast_src_kps"": 744, ""fast_ref_kps"": 581, ""fast_candidates"": 0, ""fast_status"": ""no_lowes_filtered_matches"", ""supported"": true, ""support_reasons"": [""intensity_ncc=0.115\u22650.08""], ""status"": ""evaluated""}, {""window_id"": 2, ""grid_rc"": ""0,1"", ""mapped"": true, ""valid_support_pct"": 79.7, ""ref_global_rect"": [1467, 2241, 1665, 2317], ""intensity_ncc"": 0.4331, ""gradient_ncc"": 0.1461, ""phase_response"": 0.0435, ""phase_shift_px"": [-17.85, 24.19], ""fast_src_kps"": 558, ""fast_ref_kps"": 467, ""fast_candidates"": 0, ""fast_status"": ""no_lowes_filtered_matches"", ""supported"": true, ""support_reasons"": [""intensity_ncc=0.433\u22650.08"", ""gradient_ncc=0.146\u22650.06""], ""status"": ""evaluated""}, {""window_id"": 3, ""grid_rc"": ""0,2"", ""mapped"": true, ""valid_support_pct"": 56.3, ""ref_global_rect"": [1801, 2241, 1998, 2317], ""intensity_ncc"": 0.0095, ""gradient_ncc"": -0.0261, ""phase_response"": 0.0485, ""phase_shift_px"": [32.06, 2.52], ""fast_src_kps"": 487, ""fast_ref_kps"": 342, ""fast_candidates"": 0, ""fast_status"": ""no_lowes_filtered_matches"", ""supported"": false, ""support_reasons"": [], ""status"": ""evaluated""}, {""window_id"": 4, ""grid_rc"": ""1,0"", ""mapped"": true, ""valid_support_pct"": 47.8, ""status"": ""low_valid_support"", ""supported"": false, ""support_reasons"": [""insufficient_valid_pixels""]}, {""window_id"": 5, ""grid_rc"": ""1,1"", ""mapped"": true, ""valid_support_pct"": 98.4, ""ref_global_rect"": [1467, 3241, 1665, 3317], ""intensity_ncc"": 0.0171, ""gradient_ncc"": 0.0084, ""phase_response"": 0.0228, ""phase_shift_px"": [16.75, 9.68], ""fast_src_kps"": 766, ""fast_ref_kps"": 539, ""fast_candidates"": 0, ""fast_status"": ""no_lowes_filtered_matches"", ""supported"": false, ""support_reasons"": [], ""status"": ""evaluated""}, {""window_id"": 6, ""grid_rc"": ""1,2"", ""mapped"": true, ""valid_support_pct"": 30.2, ""status"": ""low_valid_support"", ""supported"": false, ""support_reasons"": [""insufficient_valid_pixels""]}, {""window_id"": 7, ""grid_rc"": ""2,0"", ""mapped"": true, ""valid_support_pct"": 0.5, ""status"": ""low_valid_support"", ""supported"": false, ""support_reasons"": [""insufficient_valid_pixels""]}, {""window_id"": 8, ""grid_rc"": ""2,1"", ""mapped"": true, ""valid_support_pct"": 44.4, ""status"": ""low_valid_support"", ""supported"": false, ""support_reasons"": [""insufficient_valid_pixels""]}, {""window_id"": 9, ""grid_rc"": ""2,2"", ""mapped"": true, ""valid_support_pct"": 100.0, ""ref_global_rect"": [1801, 4241, 1998, 4317], ""intensity_ncc"": 0.2449, ""gradient_ncc"": 0.0178, ""phase_response"": -0.0267, ""phase_shift_px"": [25.2, -17.25], ""fast_src_kps"": 792, ""fast_ref_kps"": 423, ""fast_candidates"": 0, ""fast_status"": ""no_lowes_filtered_matches"", ""supported"": true, ""support_reasons"": [""intensity_ncc=0.245\u22650.08""], ""status"": ""evaluated""}]"
OHRC_PAIR_02__dx+1000m_dy-2000m,OHRC_PAIR_02,1000,-2000,200,400,SCREEN_FAIL,1,1,1,0,1,0,False,False,False,True,False,True,1066,1579,2066,4579,18.426,283.56,1232.74,1264.93,"[{""window_id"": 1, ""grid_rc"": ""0,0"", ""mapped"": true, ""valid_support_pct"": 86.7, ""ref_global_rect"": [1134, 2041, 1331, 2117], ""intensity_ncc"": -0.1592, ""gradient_ncc"": -0.1127, ""phase_response"": 0.0286, ""phase_shift_px"": [36.01, -15.28], ""fast_src_kps"": 744, ""fast_ref_kps"": 256, ""fast_candidates"": 0, ""fast_status"": ""no_lowes_filtered_matches"", ""supported"": false, ""support_reasons"": [], ""status"": ""evaluated""}, {""window_id"": 2, ""grid_rc"": ""0,1"", ""mapped"": true, ""valid_support_pct"": 79.7, ""ref_global_rect"": [1467, 2041, 1665, 2117], ""intensity_ncc"": -0.0639, ""gradient_ncc"": 0.0155, ""phase_response"": 0.0236, ""phase_shift_px"": [2.72, 7.11], ""fast_src_kps"": 558, ""fast_ref_kps"": 561, ""fast_candidates"": 0, ""fast_status"": ""no_lowes_filtered_matches"", ""supported"": false, ""support_reasons"": [], ""status"": ""evaluated""}, {""window_id"": 3, ""grid_rc"": ""0,2"", ""mapped"": true, ""valid_support_pct"": 56.3, ""ref_global_rect"": [1801, 2041, 1998, 2117], ""intensity_ncc"": -0.0281, ""gradient_ncc"": -0.0367, ""phase_response"": 0.0243, ""phase_shift_px"": [-6.15, -9.29], ""fast_src_kps"": 487, ""fast_ref_kps"": 449, ""fast_candidates"": 0, ""fast_status"": ""no_lowes_filtered_matches"", ""supported"": false, ""support_reasons"": [], ""status"": ""evaluated""}, {""window_id"": 4, ""grid_rc"": ""1,0"", ""mapped"": true, ""valid_support_pct"": 47.8, ""status"": ""low_valid_support"", ""supported"": false, ""support_reasons"": [""insufficient_valid_pixels""]}, {""window_id"": 5, ""grid_rc"": ""1,1"", ""mapped"": true, ""valid_support_pct"": 98.4, ""ref_global_rect"": [1467, 3041, 1665, 3117], ""intensity_ncc"": 0.1054, ""gradient_ncc"": 0.0026, ""phase_response"": 0.0929, ""phase_shift_px"": [1.44, -10.52], ""fast_src_kps"": 766, ""fast_ref_kps"": 502, ""fast_candidates"": 2, ""fast_status"": ""ok"", ""supported"": true, ""support_reasons"": [""intensity_ncc=0.105\u22650.08"", ""phase_resp=0.093\u22650.05""], ""status"": ""evaluated""}, {""window_id"": 6, ""grid_rc"": ""1,2"", ""mapped"": true, ""valid_support_pct"": 30.2, ""status"": ""low_valid_support"", ""supported"": false, ""support_reasons"": [""insufficient_valid_pixels""]}, {""window_id"": 7, ""grid_rc"": ""2,0"", ""mapped"": true, ""valid_support_pct"": 0.5, ""status"": ""low_valid_support"", ""supported"": false, ""support_reasons"": [""insufficient_valid_pixels""]}, {""window_id"": 8, ""grid_rc"": ""2,1"", ""mapped"": true, ""valid_support_pct"": 44.4, ""status"": ""low_valid_support"", ""supported"": false, ""support_reasons"": [""insufficient_valid_pixels""]}, {""window_id"": 9, ""grid_rc"": ""2,2"", ""mapped"": true, ""valid_support_pct"": 100.0, ""ref_global_rect"": [1801, 4041, 1998, 4117], ""intensity_ncc"": 0.0657, ""gradient_ncc"": 0.0135, ""phase_response"": 0.0436, ""phase_shift_px"": [-7.47, -26.4], ""fast_src_kps"": 792, ""fast_ref_kps"": 543, ""fast_candidates"": 1, ""fast_status"": ""ok"", ""supported"": false, ""support_reasons"": [], ""status"": ""evaluated""}]"
OHRC_PAIR_02__dx+1000m_dy-1000m,OHRC_PAIR_02,1000,-1000,200,200,SCREEN_PASS,4,4,1,1,3,1,False,True,True,True,True,True,1066,1379,2066,4379,18.426,283.56,1232.74,1264.93,"[{""window_id"": 1, ""grid_rc"": ""0,0"", ""mapped"": true, ""valid_support_pct"": 86.7, ""ref_global_rect"": [1134, 1841, 1331, 1917], ""intensity_ncc"": 0.1316, ""gradient_ncc"": 0.058, ""phase_response"": 0.0901, ""phase_shift_px"": [10.89, 4.2], ""fast_src_kps"": 744, ""fast_ref_kps"": 405, ""fast_candidates"": 1, ""fast_status"": ""ok"", ""supported"": true, ""support_reasons"": [""intensity_ncc=0.132\u22650.08"", ""phase_resp=0.090\u22650.05""], ""status"": ""evaluated""}, {""window_id"": 2, ""grid_rc"": ""0,1"", ""mapped"": true, ""valid_support_pct"": 79.7, ""ref_global_rect"": [1467, 1841, 1665, 1917], ""intensity_ncc"": -0.0242, ""gradient_ncc"": 0.0087, ""phase_response"": 0.0456, ""phase_shift_px"": [-39.92, -13.89], ""fast_src_kps"": 558, ""fast_ref_kps"": 407, ""fast_candidates"": 1, ""fast_status"": ""ok"", ""supported"": false, ""support_reasons"": [], ""status"": ""evaluated""}, {""window_id"": 3, ""grid_rc"": ""0,2"", ""mapped"": true, ""valid_support_pct"": 56.3, ""ref_global_rect"": [1801, 1841, 1998, 1917], ""intensity_ncc"": -0.0477, ""gradient_ncc"": -0.0065, ""phase_response"": 0.0613, ""phase_shift_px"": [4.97, 5.98], ""fast_src_kps"": 487, ""fast_ref_kps"": 423, ""fast_candidates"": 0, ""fast_status"": ""no_lowes_filtered_matches"", ""supported"": true, ""support_reasons"": [""phase_resp=0.061\u22650.05""], ""status"": ""evaluated""}, {""window_id"": 4, ""grid_rc"": ""1,0"", ""mapped"": true, ""valid_support_pct"": 47.8, ""status"": ""low_valid_support"", ""supported"": false, ""support_reasons"": [""insufficient_valid_pixels""]}, {""window_id"": 5, ""grid_rc"": ""1,1"", ""mapped"": true, ""valid_support_pct"": 98.4, ""ref_global_rect"": [1467, 2841, 1665, 2917], ""intensity_ncc"": -0.1993, ""gradient_ncc"": -0.0311, ""phase_response"": 0.0386, ""phase_shift_px"": [27.21, 3.7], ""fast_src_kps"": 766, ""fast_ref_kps"": 246, ""fast_candidates"": 3, ""fast_status"": ""ok"", ""supported"": true, ""support_reasons"": [""fast_candidates=3\u22653""], ""status"": ""evaluated""}, {""window_id"": 6, ""grid_rc"": ""1,2"", ""mapped"": true, ""valid_support_pct"": 30.2, ""status"": ""low_valid_support"", ""supported"": false, ""support_reasons"": [""insufficient_valid_pixels""]}, {""window_id"": 7, ""grid_rc"": ""2,0"", ""mapped"": true, ""valid_support_pct"": 0.5, ""status"": ""low_valid_support"", ""supported"": false, ""support_reasons"": [""insufficient_valid_pixels""]}, {""window_id"": 8, ""grid_rc"": ""2,1"", ""mapped"": true, ""valid_support_pct"": 44.4, ""status"": ""low_valid_support"", ""supported"": false, ""support_reasons"": [""insufficient_valid_pixels""]}, {""window_id"": 9, ""grid_rc"": ""2,2"", ""mapped"": true, ""valid_support_pct"": 100.0, ""ref_global_rect"": [1801, 3841, 1998, 3917], ""intensity_ncc"": -0.3979, ""gradient_ncc"": 0.0794, ""phase_response"": 0.0846, ""phase_shift_px"": [-21.19, -1.19], ""fast_src_kps"": 792, ""fast_ref_kps"": 227, ""fast_candidates"": 1, ""fast_status"": ""ok"", ""supported"": true, ""support_reasons"": [""gradient_ncc=0.079\u22650.06"", ""phase_resp=0.085\u22650.05""], ""status"": ""evaluated""}]"
OHRC_PAIR_02__dx+1000m_dy+0m,OHRC_PAIR_02,1000,0,200,0,SCREEN_FAIL,4,4,0,1,4,0,False,True,True,True,False,True,1066,1179,2066,4179,18.426,283.56,1232.74,1264.93,"[{""window_id"": 1, ""grid_rc"": ""0,0"", ""mapped"": true, ""valid_support_pct"": 86.7, ""ref_global_rect"": [1134, 1641, 1331, 1717], ""intensity_ncc"": 0.0449, ""gradient_ncc"": 0.0128, ""phase_response"": 0.0709, ""phase_shift_px"": [10.53, -29.79], ""fast_src_kps"": 744, ""fast_ref_kps"": 327, ""fast_candidates"": 2, ""fast_status"": ""ok"", ""supported"": true, ""support_reasons"": [""phase_resp=0.071\u22650.05""], ""status"": ""evaluated""}, {""window_id"": 2, ""grid_rc"": ""0,1"", ""mapped"": true, ""valid_support_pct"": 79.7, ""ref_global_rect"": [1467, 1641, 1665, 1717], ""intensity_ncc"": -0.0218, ""gradient_ncc"": -0.0247, ""phase_response"": 0.0328, ""phase_shift_px"": [-3.01, -28.81], ""fast_src_kps"": 558, ""fast_ref_kps"": 613, ""fast_candidates"": 0, ""fast_status"": ""no_lowes_filtered_matches"", ""supported"": false, ""support_reasons"": [], ""status"": ""evaluated""}, {""window_id"": 3, ""grid_rc"": ""0,2"", ""mapped"": true, ""valid_support_pct"": 56.3, ""ref_global_rect"": [1801, 1641, 1998, 1717], ""intensity_ncc"": -0.0163, ""gradient_ncc"": 0.0316, ""phase_response"": 0.0699, ""phase_shift_px"": [-3.23, 25.39], ""fast_src_kps"": 487, ""fast_ref_kps"": 438, ""fast_candidates"": 1, ""fast_status"": ""ok"", ""supported"": true, ""support_reasons"": [""phase_resp=0.070\u22650.05""], ""status"": ""evaluated""}, {""window_id"": 4, ""grid_rc"": ""1,0"", ""mapped"": true, ""valid_support_pct"": 47.8, ""status"": ""low_valid_support"", ""supported"": false, ""support_reasons"": [""insufficient_valid_pixels""]}, {""window_id"": 5, ""grid_rc"": ""1,1"", ""mapped"": true, ""valid_support_pct"": 98.4, ""ref_global_rect"": [1467, 2641, 1665, 2717], ""intensity_ncc"": 0.0664, ""gradient_ncc"": 0.0079, ""phase_response"": 0.11, ""phase_shift_px"": [-11.24, 19.12], ""fast_src_kps"": 766, ""fast_ref_kps"": 291, ""fast_candidates"": 0, ""fast_status"": ""no_lowes_filtered_matches"", ""supported"": true, ""support_reasons"": [""phase_resp=0.110\u22650.05""], ""status"": ""evaluated""}, {""window_id"": 6, ""grid_rc"": ""1,2"", ""mapped"": true, ""valid_support_pct"": 30.2, ""status"": ""low_valid_support"", ""supported"": false, ""support_reasons"": [""insufficient_valid_pixels""]}, {""window_id"": 7, ""grid_rc"": ""2,0"", ""mapped"": true, ""valid_support_pct"": 0.5, ""status"": ""low_valid_support"", ""supported"": false, ""support_reasons"": [""insufficient_valid_pixels""]}, {""window_id"": 8, ""grid_rc"": ""2,1"", ""mapped"": true, ""valid_support_pct"": 44.4, ""status"": ""low_valid_support"", ""supported"": false, ""support_reasons"": [""insufficient_valid_pixels""]}, {""window_id"": 9, ""grid_rc"": ""2,2"", ""mapped"": true, ""valid_support_pct"": 100.0, ""ref_global_rect"": [1801, 3641, 1998, 3717], ""intensity_ncc"": -0.3009, ""gradient_ncc"": 0.0698, ""phase_response"": 0.1318, ""phase_shift_px"": [-15.9, -0.09], ""fast_src_kps"": 792, ""fast_ref_kps"": 404, ""fast_candidates"": 0, ""fast_status"": ""no_lowes_filtered_matches"", ""supported"": true, ""support_reasons"": [""gradient_ncc=0.070\u22650.06"", ""phase_resp=0.132\u22650.05""], ""status"": ""evaluated""}]"
OHRC_PAIR_02__dx+1000m_dy+1000m,OHRC_PAIR_02,1000,1000,200,-200,SCREEN_FAIL,1,1,1,0,0,0,False,False,False,False,False,True,1066,979,2066,3979,18.426,283.56,1232.74,1264.93,"[{""window_id"": 1, ""grid_rc"": ""0,0"", ""mapped"": true, ""valid_support_pct"": 86.7, ""ref_global_rect"": [1134, 1441, 1331, 1517], ""intensity_ncc"": -0.0898, ""gradient_ncc"": -0.0877, ""phase_response"": 0.0197, ""phase_shift_px"": [5.81, 24.28], ""fast_src_kps"": 744, ""fast_ref_kps"": 500, ""fast_candidates"": 0, ""fast_status"": ""no_lowes_filtered_matches"", ""supported"": false, ""support_reasons"": [], ""status"": ""evaluated""}, {""window_id"": 2, ""grid_rc"": ""0,1"", ""mapped"": true, ""valid_support_pct"": 79.7, ""ref_global_rect"": [1467, 1441, 1665, 1517], ""intensity_ncc"": 0.1285, ""gradient_ncc"": 0.0554, ""phase_response"": -0.0247, ""phase_shift_px"": [20.37, -12.43], ""fast_src_kps"": 558, ""fast_ref_kps"": 418, ""fast_candidates"": 1, ""fast_status"": ""ok"", ""supported"": true, ""support_reasons"": [""intensity_ncc=0.129\u22650.08""], ""status"": ""evaluated""}, {""window_id"": 3, ""grid_rc"": ""0,2"", ""mapped"": true, ""valid_support_pct"": 56.3, ""ref_global_rect"": [1801, 1441, 1998, 1517], ""intensity_ncc"": 0.0221, ""gradient_ncc"": -0.0159, ""phase_response"": -0.0075, ""phase_shift_px"": [-7.16, -13.35], ""fast_src_kps"": 487, ""fast_ref_kps"": 497, ""fast_candidates"": 2, ""fast_status"": ""ok"", ""supported"": false, ""support_reasons"": [], ""status"": ""evaluated""}, {""window_id"": 4, ""grid_rc"": ""1,0"", ""mapped"": true, ""valid_support_pct"": 47.8, ""status"": ""low_valid_support"", ""supported"": false, ""support_reasons"": [""insufficient_valid_pixels""]}, {""window_id"": 5, ""grid_rc"": ""1,1"", ""mapped"": true, ""valid_support_pct"": 98.4, ""ref_global_rect"": [1467, 2441, 1665, 2517], ""intensity_ncc"": -0.1068, ""gradient_ncc"": -0.0516, ""phase_response"": -0.0592, ""phase_shift_px"": [-1.48, -3.85], ""fast_src_kps"": 766, ""fast_ref_kps"": 364, ""fast_candidates"": 0, ""fast_status"": ""no_lowes_filtered_matches"", ""supported"": false, ""support_reasons"": [], ""status"": ""evaluated""}, {""window_id"": 6, ""grid_rc"": ""1,2"", ""mapped"": true, ""valid_support_pct"": 30.2, ""status"": ""low_valid_support"", ""supported"": false, ""support_reasons"": [""insufficient_valid_pixels""]}, {""window_id"": 7, ""grid_rc"": ""2,0"", ""mapped"": true, ""valid_support_pct"": 0.5, ""status"": ""low_valid_support"", ""supported"": false, ""support_reasons"": [""insufficient_valid_pixels""]}, {""window_id"": 8, ""grid_rc"": ""2,1"", ""mapped"": true, ""valid_support_pct"": 44.4, ""status"": ""low_valid_support"", ""supported"": false, ""support_reasons"": [""insufficient_valid_pixels""]}, {""window_id"": 9, ""grid_rc"": ""2,2"", ""mapped"": true, ""valid_support_pct"": 100.0, ""ref_global_rect"": [1801, 3441, 1998, 3517], ""intensity_ncc"": -0.015, ""gradient_ncc"": 0.0135, ""phase_response"": 0.0114, ""phase_shift_px"": [24.08, 16.64], ""fast_src_kps"": 792, ""fast_ref_kps"": 505, ""fast_candidates"": 0, ""fast_status"": ""no_lowes_filtered_matches"", ""supported"": false, ""support_reasons"": [], ""status"": ""evaluated""}]"
OHRC_PAIR_02__dx+1000m_dy+2000m,OHRC_PAIR_02,1000,2000,200,-400,SCREEN_FAIL,3,3,1,0,2,0,False,True,True,True,False,True,1066,779,2066,3779,18.426,283.56,1232.74,1264.93,"[{""window_id"": 1, ""grid_rc"": ""0,0"", ""mapped"": true, ""valid_support_pct"": 86.7, ""ref_global_rect"": [1134, 1241, 1331, 1317], ""intensity_ncc"": -0.1625, ""gradient_ncc"": -0.0694, ""phase_response"": 0.0547, ""phase_shift_px"": [-4.45, -8.32], ""fast_src_kps"": 744, ""fast_ref_kps"": 249, ""fast_candidates"": 1, ""fast_status"": ""ok"", ""supported"": true, ""support_reasons"": [""phase_resp=0.055\u22650.05""], ""status"": ""evaluated""}, {""window_id"": 2, ""grid_rc"": ""0,1"", ""mapped"": true, ""valid_support_pct"": 79.7, ""ref_global_rect"": [1467, 1241, 1665, 1317], ""intensity_ncc"": -0.2407, ""gradient_ncc"": -0.0312, ""phase_response"": 0.0427, ""phase_shift_px"": [-25.11, 20.46], ""fast_src_kps"": 558, ""fast_ref_kps"": 295, ""fast_candidates"": 0, ""fast_status"": ""no_lowes_filtered_matches"", ""supported"": false, ""support_reasons"": [], ""status"": ""evaluated""}, {""window_id"": 3, ""grid_rc"": ""0,2"", ""mapped"": true, ""valid_support_pct"": 56.3, ""ref_global_rect"": [1801, 1241, 1998, 1317], ""intensity_ncc"": 0.0221, ""gradient_ncc"": 0.0315, ""phase_response"": 0.0694, ""phase_shift_px"": [25.38, -24.98], ""fast_src_kps"": 487, ""fast_ref_kps"": 419, ""fast_candidates"": 2, ""fast_status"": ""ok"", ""supported"": true, ""support_reasons"": [""phase_resp=0.069\u22650.05""], ""status"": ""evaluated""}, {""window_id"": 4, ""grid_rc"": ""1,0"", ""mapped"": true, ""valid_support_pct"": 47.8, ""status"": ""low_valid_support"", ""supported"": false, ""support_reasons"": [""insufficient_valid_pixels""]}, {""window_id"": 5, ""grid_rc"": ""1,1"", ""mapped"": true, ""valid_support_pct"": 98.4, ""ref_global_rect"": [1467, 2241, 1665, 2317], ""intensity_ncc"": -0.1093, ""gradient_ncc"": 0.0074, ""phase_response"": 0.0371, ""phase_shift_px"": [48.71, -3.31], ""fast_src_kps"": 766, ""fast_ref_kps"": 467, ""fast_candidates"": 1, ""fast_status"": ""ok"", ""supported"": false, ""support_reasons"": [], ""status"": ""evaluated""}, {""window_id"": 6, ""grid_rc"": ""1,2"", ""mapped"": true, ""valid_support_pct"": 30.2, ""status"": ""low_valid_support"", ""supported"": false, ""support_reasons"": [""insufficient_valid_pixels""]}, {""window_id"": 7, ""grid_rc"": ""2,0"", ""mapped"": true, ""valid_support_pct"": 0.5, ""status"": ""low_valid_support"", ""supported"": false, ""support_reasons"": [""insufficient_valid_pixels""]}, {""window_id"": 8, ""grid_rc"": ""2,1"", ""mapped"": true, ""valid_support_pct"": 44.4, ""status"": ""low_valid_support"", ""supported"": false, ""support_reasons"": [""insufficient_valid_pixels""]}, {""window_id"": 9, ""grid_rc"": ""2,2"", ""mapped"": true, ""valid_support_pct"": 100.0, ""ref_global_rect"": [1801, 3241, 1998, 3317], ""intensity_ncc"": 0.115, ""gradient_ncc"": 0.0153, ""phase_response"": 0.0043, ""phase_shift_px"": [18.61, -10.59], ""fast_src_kps"": 792, ""fast_ref_kps"": 526, ""fast_candidates"": 0, ""fast_status"": ""no_lowes_filtered_matches"", ""supported"": true, ""support_reasons"": [""intensity_ncc=0.115\u22650.08""], ""status"": ""evaluated""}]"
OHRC_PAIR_02__dx+1000m_dy+3000m,OHRC_PAIR_02,1000,3000,200,-600,SCREEN_PASS,5,5,3,0,3,2,True,True,True,True,True,True,1066,579,2066,3579,18.426,283.56,1232.74,1264.93,"[{""window_id"": 1, ""grid_rc"": ""0,0"", ""mapped"": true, ""valid_support_pct"": 86.7, ""ref_global_rect"": [1134, 1041, 1331, 1117], ""intensity_ncc"": 0.0426, ""gradient_ncc"": 0.0598, ""phase_response"": 0.0832, ""phase_shift_px"": [1.32, -0.51], ""fast_src_kps"": 744, ""fast_ref_kps"": 394, ""fast_candidates"": 0, ""fast_status"": ""no_lowes_filtered_matches"", ""supported"": true, ""support_reasons"": [""phase_resp=0.083\u22650.05""], ""status"": ""evaluated""}, {""window_id"": 2, ""grid_rc"": ""0,1"", ""mapped"": true, ""valid_support_pct"": 79.7, ""ref_global_rect"": [1467, 1041, 1665, 1117], ""intensity_ncc"": 0.2281, ""gradient_ncc"": -0.0103, ""phase_response"": 0.0188, ""phase_shift_px"": [1.72, 16.77], ""fast_src_kps"": 558, ""fast_ref_kps"": 418, ""fast_candidates"": 3, ""fast_status"": ""ok"", ""supported"": true, ""support_reasons"": [""intensity_ncc=0.228\u22650.08"", ""fast_candidates=3\u22653""], ""status"": ""evaluated""}, {""window_id"": 3, ""grid_rc"": ""0,2"", ""mapped"": true, ""valid_support_pct"": 56.3, ""ref_global_rect"": [1801, 1041, 1998, 1117], ""intensity_ncc"": 0.106, ""gradient_ncc"": 0.0026, ""phase_response"": 0.1126, ""phase_shift_px"": [-0.02, -0.24], ""fast_src_kps"": 487, ""fast_ref_kps"": 526, ""fast_candidates"": 1, ""fast_status"": ""ok"", ""supported"": true, ""support_reasons"": [""intensity_ncc=0.106\u22650.08"", ""phase_resp=0.113\u22650.05""], ""status"": ""evaluated""}, {""window_id"": 4, ""grid_rc"": ""1,0"", ""mapped"": true, ""valid_support_pct"": 47.8, ""status"": ""low_valid_support"", ""supported"": false, ""support_reasons"": [""insufficient_valid_pixels""]}, {""window_id"": 5, ""grid_rc"": ""1,1"", ""mapped"": true, ""valid_support_pct"": 98.4, ""ref_global_rect"": [1467, 2041, 1665, 2117], ""intensity_ncc"": 0.124, ""gradient_ncc"": 0.015, ""phase_response"": 0.0057, ""phase_shift_px"": [-25.54, -5.4], ""fast_src_kps"": 766, ""fast_ref_kps"": 561, ""fast_candidates"": 1, ""fast_status"": ""ok"", ""supported"": true, ""support_reasons"": [""intensity_ncc=0.124\u22650.08""], ""status"": ""evaluated""}, {""window_id"": 6, ""grid_rc"": ""1,2"", ""mapped"": true, ""valid_support_pct"": 30.2, ""status"": ""low_valid_support"", ""supported"": false, ""support_reasons"": [""insufficient_valid_pixels""]}, {""window_id"": 7, ""grid_rc"": ""2,0"", ""mapped"": true, ""valid_support_pct"": 0.5, ""status"": ""low_valid_support"", ""supported"": false, ""support_reasons"": [""insufficient_valid_pixels""]}, {""window_id"": 8, ""grid_rc"": ""2,1"", ""mapped"": true, ""valid_support_pct"": 44.4, ""status"": ""low_valid_support"", ""supported"": false, ""support_reasons"": [""insufficient_valid_pixels""]}, {""window_id"": 9, ""grid_rc"": ""2,2"", ""mapped"": true, ""valid_support_pct"": 100.0, ""ref_global_rect"": [1801, 3041, 1998, 3117], ""intensity_ncc"": -0.3663, ""gradient_ncc"": 0.0367, ""phase_response"": 0.0773, ""phase_shift_px"": [-15.14, -21.01], ""fast_src_kps"": 792, ""fast_ref_kps"": 171, ""fast_candidates"": 5, ""fast_status"": ""ok"", ""supported"": true, ""support_reasons"": [""phase_resp=0.077\u22650.05"", ""fast_candidates=5\u22653""], ""status"": ""evaluated""}]"
OHRC_PAIR_02__dx+2000m_dy-3000m,OHRC_PAIR_02,2000,-3000,400,600,SCREEN_FAIL,2,2,1,0,1,0,False,False,False,True,False,True,1266,1779,2266,4779,18.426,283.56,1232.74,1264.93,"[{""window_id"": 1, ""grid_rc"": ""0,0"", ""mapped"": true, ""valid_support_pct"": 86.7, ""ref_global_rect"": [1334, 2241, 1531, 2317], ""intensity_ncc"": 0.0282, ""gradient_ncc"": 0.0395, ""phase_response"": 0.0069, ""phase_shift_px"": [-56.56, 26.9], ""fast_src_kps"": 744, ""fast_ref_kps"": 234, ""fast_candidates"": 0, ""fast_status"": ""no_lowes_filtered_matches"", ""supported"": false, ""support_reasons"": [], ""status"": ""evaluated""}, {""window_id"": 2, ""grid_rc"": ""0,1"", ""mapped"": true, ""valid_support_pct"": 79.7, ""ref_global_rect"": [1667, 2241, 1865, 2317], ""intensity_ncc"": 0.0549, ""gradient_ncc"": -0.0238, ""phase_response"": 0.0239, ""phase_shift_px"": [-20.63, -7.1], ""fast_src_kps"": 558, ""fast_ref_kps"": 347, ""fast_candidates"": 1, ""fast_status"": ""ok"", ""supported"": false, ""support_reasons"": [], ""status"": ""evaluated""}, {""window_id"": 3, ""grid_rc"": ""0,2"", ""mapped"": true, ""valid_support_pct"": 56.3, ""ref_global_rect"": [2001, 2241, 2198, 2317], ""intensity_ncc"": 0.1138, ""gradient_ncc"": 0.0363, ""phase_response"": -0.0922, ""phase_shift_px"": [20.97, -6.63], ""fast_src_kps"": 487, ""fast_ref_kps"": 277, ""fast_candidates"": 2, ""fast_status"": ""ok"", ""supported"": true, ""support_reasons"": [""intensity_ncc=0.114\u22650.08""], ""status"": ""evaluated""}, {""window_id"": 4, ""grid_rc"": ""1,0"", ""mapped"": true, ""valid_support_pct"": 47.8, ""status"": ""low_valid_support"", ""supported"": false, ""support_reasons"": [""insufficient_valid_pixels""]}, {""window_id"": 5, ""grid_rc"": ""1,1"", ""mapped"": true, ""valid_support_pct"": 98.4, ""ref_global_rect"": [1667, 3241, 1865, 3317], ""intensity_ncc"": -0.0304, ""gradient_ncc"": -0.0063, ""phase_response"": -0.0591, ""phase_shift_px"": [26.57, -10.3], ""fast_src_kps"": 766, ""fast_ref_kps"": 540, ""fast_candidates"": 0, ""fast_status"": ""no_lowes_filtered_matches"", ""supported"": false, ""support_reasons"": [], ""status"": ""evaluated""}, {""window_id"": 6, ""grid_rc"": ""1,2"", ""mapped"": true, ""valid_support_pct"": 30.2, ""status"": ""low_valid_support"", ""supported"": false, ""support_reasons"": [""insufficient_valid_pixels""]}, {""window_id"": 7, ""grid_rc"": ""2,0"", ""mapped"": true, ""valid_support_pct"": 0.5, ""status"": ""low_valid_support"", ""supported"": false, ""support_reasons"": [""insufficient_valid_pixels""]}, {""window_id"": 8, ""grid_rc"": ""2,1"", ""mapped"": true, ""valid_support_pct"": 44.4, ""status"": ""low_valid_support"", ""supported"": false, ""support_reasons"": [""insufficient_valid_pixels""]}, {""window_id"": 9, ""grid_rc"": ""2,2"", ""mapped"": true, ""valid_support_pct"": 100.0, ""ref_global_rect"": [2001, 4241, 2198, 4317], ""intensity_ncc"": -0.1008, ""gradient_ncc"": 0.0335, ""phase_response"": 0.0789, ""phase_shift_px"": [3.23, -3.76], ""fast_src_kps"": 792, ""fast_ref_kps"": 545, ""fast_candidates"": 0, ""fast_status"": ""no_lowes_filtered_matches"", ""supported"": true, ""support_reasons"": [""phase_resp=0.079\u22650.05""], ""status"": ""evaluated""}]"
OHRC_PAIR_02__dx+2000m_dy-2000m,OHRC_PAIR_02,2000,-2000,400,400,SCREEN_PASS,4,4,1,1,2,1,False,True,True,True,True,True,1266,1579,2266,4579,18.426,283.56,1232.74,1264.93,"[{""window_id"": 1, ""grid_rc"": ""0,0"", ""mapped"": true, ""valid_support_pct"": 86.7, ""ref_global_rect"": [1334, 2041, 1531, 2117], ""intensity_ncc"": -0.0285, ""gradient_ncc"": 0.0115, ""phase_response"": 0.0379, ""phase_shift_px"": [-1.04, -2.86], ""fast_src_kps"": 744, ""fast_ref_kps"": 563, ""fast_candidates"": 0, ""fast_status"": ""no_lowes_filtered_matches"", ""supported"": false, ""support_reasons"": [], ""status"": ""evaluated""}, {""window_id"": 2, ""grid_rc"": ""0,1"", ""mapped"": true, ""valid_support_pct"": 79.7, ""ref_global_rect"": [1667, 2041, 1865, 2117], ""intensity_ncc"": -0.1376, ""gradient_ncc"": -0.0208, ""phase_response"": 0.1029, ""phase_shift_px"": [-16.75, 5.91], ""fast_src_kps"": 558, ""fast_ref_kps"": 665, ""fast_candidates"": 0, ""fast_status"": ""no_lowes_filtered_matches"", ""supported"": true, ""support_reasons"": [""phase_resp=0.103\u22650.05""], ""status"": ""evaluated""}, {""window_id"": 3, ""grid_rc"": ""0,2"", ""mapped"": true, ""valid_support_pct"": 56.3, ""ref_global_rect"": [2001, 2041, 2198, 2117], ""intensity_ncc"": -0.1379, ""gradient_ncc"": -0.0009, ""phase_response"": 0.0642, ""phase_shift_px"": [4.79, 37.86], ""fast_src_kps"": 487, ""fast_ref_kps"": 402, ""fast_candidates"": 0, ""fast_status"": ""no_lowes_filtered_matches"", ""supported"": true, ""support_reasons"": [""phase_resp=0.064\u22650.05""], ""status"": ""evaluated""}, {""window_id"": 4, ""grid_rc"": ""1,0"", ""mapped"": true, ""valid_support_pct"": 47.8, ""status"": ""low_valid_support"", ""supported"": false, ""support_reasons"": [""insufficient_valid_pixels""]}, {""window_id"": 5, ""grid_rc"": ""1,1"", ""mapped"": true, ""valid_support_pct"": 98.4, ""ref_global_rect"": [1667, 3041, 1865, 3117], ""intensity_ncc"": 0.2465, ""gradient_ncc"": 0.02, ""phase_response"": -0.0262, ""phase_shift_px"": [25.02, -12.52], ""fast_src_kps"": 766, ""fast_ref_kps"": 344, ""fast_candidates"": 3, ""fast_status"": ""ok"", ""supported"": true, ""support_reasons"": [""intensity_ncc=0.246\u22650.08"", ""fast_candidates=3\u22653""], ""status"": ""evaluated""}, {""window_id"": 6, ""grid_rc"": ""1,2"", ""mapped"": true, ""valid_support_pct"": 30.2, ""status"": ""low_valid_support"", ""supported"": false, ""support_reasons"": [""insufficient_valid_pixels""]}, {""window_id"": 7, ""grid_rc"": ""2,0"", ""mapped"": true, ""valid_support_pct"": 0.5, ""status"": ""low_valid_support"", ""supported"": false, ""support_reasons"": [""insufficient_valid_pixels""]}, {""window_id"": 8, ""grid_rc"": ""2,1"", ""mapped"": true, ""valid_support_pct"": 44.4, ""status"": ""low_valid_support"", ""supported"": false, ""support_reasons"": [""insufficient_valid_pixels""]}, {""window_id"": 9, ""grid_rc"": ""2,2"", ""mapped"": true, ""valid_support_pct"": 100.0, ""ref_global_rect"": [2001, 4041, 2198, 4117], ""intensity_ncc"": -0.4611, ""gradient_ncc"": 0.0615, ""phase_response"": 0.0325, ""phase_shift_px"": [-13.02, 4.23], ""fast_src_kps"": 792, ""fast_ref_kps"": 254, ""fast_candidates"": 1, ""fast_status"": ""ok"", ""supported"": true, ""support_reasons"": [""gradient_ncc=0.061\u22650.06""], ""status"": ""evaluated""}]"
OHRC_PAIR_02__dx+2000m_dy-1000m,OHRC_PAIR_02,2000,-1000,400,200,SCREEN_PASS,4,4,1,0,2,1,False,True,True,True,True,True,1266,1379,2266,4379,18.426,283.56,1232.74,1264.93,"[{""window_id"": 1, ""grid_rc"": ""0,0"", ""mapped"": true, ""valid_support_pct"": 86.7, ""ref_global_rect"": [1334, 1841, 1531, 1917], ""intensity_ncc"": -0.1674, ""gradient_ncc"": -0.0253, ""phase_response"": -0.0112, ""phase_shift_px"": [16.46, -6.24], ""fast_src_kps"": 744, ""fast_ref_kps"": 340, ""fast_candidates"": 3, ""fast_status"": ""ok"", ""supported"": true, ""support_reasons"": [""fast_candidates=3\u22653""], ""status"": ""evaluated""}, {""window_id"": 2, ""grid_rc"": ""0,1"", ""mapped"": true, ""valid_support_pct"": 79.7, ""ref_global_rect"": [1667, 1841, 1865, 1917], ""intensity_ncc"": -0.0197, ""gradient_ncc"": -0.0518, ""phase_response"": 0.0273, ""phase_shift_px"": [-15.14, -13.53], ""fast_src_kps"": 558, ""fast_ref_kps"": 377, ""fast_candidates"": 2, ""fast_status"": ""ok"", ""supported"": false, ""support_reasons"": [], ""status"": ""evaluated""}, {""window_id"": 3, ""grid_rc"": ""0,2"", ""mapped"": true, ""valid_support_pct"": 56.3, ""ref_global_rect"": [2001, 1841, 2198, 1917], ""intensity_ncc"": 0.0867, ""gradient_ncc"": 0.0192, ""phase_response"": -0.0007, ""phase_shift_px"": [-44.54, -60.55], ""fast_src_kps"": 487, ""fast_ref_kps"": 537, ""fast_candidates"": 0, ""fast_status"": ""no_lowes_filtered_matches"", ""supported"": true, ""support_reasons"": [""intensity_ncc=0.087\u22650.08""], ""status"": ""evaluated""}, {""window_id"": 4, ""grid_rc"": ""1,0"", ""mapped"": true, ""valid_support_pct"": 47.8, ""status"": ""low_valid_support"", ""supported"": false, ""support_reasons"": [""insufficient_valid_pixels""]}, {""window_id"": 5, ""grid_rc"": ""1,1"", ""mapped"": true, ""valid_support_pct"": 98.4, ""ref_global_rect"": [1667, 2841, 1865, 2917], ""intensity_ncc"": 0.0395, ""gradient_ncc"": 0.0044, ""phase_response"": 0.0867, ""phase_shift_px"": [-4.73, -12.67], ""fast_src_kps"": 766, ""fast_ref_kps"": 399, ""fast_candidates"": 0, ""fast_status"": ""no_lowes_filtered_matches"", ""supported"": true, ""support_reasons"": [""phase_resp=0.087\u22650.05""], ""status"": ""evaluated""}, {""window_id"": 6, ""grid_rc"": ""1,2"", ""mapped"": true, ""valid_support_pct"": 30.2, ""status"": ""low_valid_support"", ""supported"": false, ""support_reasons"": [""insufficient_valid_pixels""]}, {""window_id"": 7, ""grid_rc"": ""2,0"", ""mapped"": true, ""valid_support_pct"": 0.5, ""status"": ""low_valid_support"", ""supported"": false, ""support_reasons"": [""insufficient_valid_pixels""]}, {""window_id"": 8, ""grid_rc"": ""2,1"", ""mapped"": true, ""valid_support_pct"": 44.4, ""status"": ""low_valid_support"", ""supported"": false, ""support_reasons"": [""insufficient_valid_pixels""]}, {""window_id"": 9, ""grid_rc"": ""2,2"", ""mapped"": true, ""valid_support_pct"": 100.0, ""ref_global_rect"": [2001, 3841, 2198, 3917], ""intensity_ncc"": -0.0888, ""gradient_ncc"": 0.0067, ""phase_response"": 0.0917, ""phase_shift_px"": [-7.38, 5.02], ""fast_src_kps"": 792, ""fast_ref_kps"": 459, ""fast_candidates"": 1, ""fast_status"": ""ok"", ""supported"": true, ""support_reasons"": [""phase_resp=0.092\u22650.05""], ""status"": ""evaluated""}]"
OHRC_PAIR_02__dx+2000m_dy+0m,OHRC_PAIR_02,2000,0,400,0,SCREEN_FAIL,3,3,1,0,3,0,False,True,True,True,False,True,1266,1179,2266,4179,18.426,283.56,1232.74,1264.93,"[{""window_id"": 1, ""grid_rc"": ""0,0"", ""mapped"": true, ""valid_support_pct"": 86.7, ""ref_global_rect"": [1334, 1641, 1531, 1717], ""intensity_ncc"": -0.0352, ""gradient_ncc"": -0.0377, ""phase_response"": 0.0692, ""phase_shift_px"": [-8.95, -12.26], ""fast_src_kps"": 744, ""fast_ref_kps"": 501, ""fast_candidates"": 1, ""fast_status"": ""ok"", ""supported"": true, ""support_reasons"": [""phase_resp=0.069\u22650.05""], ""status"": ""evaluated""}, {""window_id"": 2, ""grid_rc"": ""0,1"", ""mapped"": true, ""valid_support_pct"": 79.7, ""ref_global_rect"": [1667, 1641, 1865, 1717], ""intensity_ncc"": 0.2965, ""gradient_ncc"": 0.051, ""phase_response"": 0.0854, ""phase_shift_px"": [31.6, -11.59], ""fast_src_kps"": 558, ""fast_ref_kps"": 399, ""fast_candidates"": 0, ""fast_status"": ""no_lowes_filtered_matches"", ""supported"": true, ""support_reasons"": [""intensity_ncc=0.296\u22650.08"", ""phase_resp=0.085\u22650.05""], ""status"": ""evaluated""}, {""window_id"": 3, ""grid_rc"": ""0,2"", ""mapped"": true, ""valid_support_pct"": 56.3, ""ref_global_rect"": [2001, 1641, 2198, 1717], ""intensity_ncc"": 0.0074, ""gradient_ncc"": -0.0231, ""phase_response"": 0.1441, ""phase_shift_px"": [14.22, -1.88], ""fast_src_kps"": 487, ""fast_ref_kps"": 447, ""fast_candidates"": 1, ""fast_status"": ""ok"", ""supported"": true, ""support_reasons"": [""phase_resp=0.144\u22650.05""], ""status"": ""evaluated""}, {""window_id"": 4, ""grid_rc"": ""1,0"", ""mapped"": true, ""valid_support_pct"": 47.8, ""status"": ""low_valid_support"", ""supported"": false, ""support_reasons"": [""insufficient_valid_pixels""]}, {""window_id"": 5, ""grid_rc"": ""1,1"", ""mapped"": true, ""valid_support_pct"": 98.4, ""ref_global_rect"": [1667, 2641, 1865, 2717], ""intensity_ncc"": -0.0238, ""gradient_ncc"": -0.0553, ""phase_response"": 0.04, ""phase_shift_px"": [-36.07, -27.75], ""fast_src_kps"": 766, ""fast_ref_kps"": 169, ""fast_candidates"": 1, ""fast_status"": ""ok"", ""supported"": false, ""support_reasons"": [], ""status"": ""evaluated""}, {""window_id"": 6, ""grid_rc"": ""1,2"", ""mapped"": true, ""valid_support_pct"": 30.2, ""status"": ""low_valid_support"", ""supported"": false, ""support_reasons"": [""insufficient_valid_pixels""]}, {""window_id"": 7, ""grid_rc"": ""2,0"", ""mapped"": true, ""valid_support_pct"": 0.5, ""status"": ""low_valid_support"", ""supported"": false, ""support_reasons"": [""insufficient_valid_pixels""]}, {""window_id"": 8, ""grid_rc"": ""2,1"", ""mapped"": true, ""valid_support_pct"": 44.4, ""status"": ""low_valid_support"", ""supported"": false, ""support_reasons"": [""insufficient_valid_pixels""]}, {""window_id"": 9, ""grid_rc"": ""2,2"", ""mapped"": true, ""valid_support_pct"": 100.0, ""ref_global_rect"": [2001, 3641, 2198, 3717], ""intensity_ncc"": 0.0425, ""gradient_ncc"": 0.0354, ""phase_response"": -0.0295, ""phase_shift_px"": [-12.66, -21.64], ""fast_src_kps"": 792, ""fast_ref_kps"": 171, ""fast_candidates"": 0, ""fast_status"": ""no_lowes_filtered_matches"", ""supported"": false, ""support_reasons"": [], ""status"": ""evaluated""}]"
OHRC_PAIR_02__dx+2000m_dy+1000m,OHRC_PAIR_02,2000,1000,400,-200,SCREEN_FAIL,3,3,2,0,1,0,False,True,True,True,False,True,1266,979,2266,3979,18.426,283.56,1232.74,1264.93,"[{""window_id"": 1, ""grid_rc"": ""0,0"", ""mapped"": true, ""valid_support_pct"": 86.7, ""ref_global_rect"": [1334, 1441, 1531, 1517], ""intensity_ncc"": -0.294, ""gradient_ncc"": -0.0468, ""phase_response"": 0.0222, ""phase_shift_px"": [-14.45, 32.1], ""fast_src_kps"": 744, ""fast_ref_kps"": 494, ""fast_candidates"": 0, ""fast_status"": ""no_lowes_filtered_matches"", ""supported"": false, ""support_reasons"": [], ""status"": ""evaluated""}, {""window_id"": 2, ""grid_rc"": ""0,1"", ""mapped"": true, ""valid_support_pct"": 79.7, ""ref_global_rect"": [1667, 1441, 1865, 1517], ""intensity_ncc"": 0.2793, ""gradient_ncc"": 0.0097, ""phase_response"": 0.0391, ""phase_shift_px"": [5.66, -3.83], ""fast_src_kps"": 558, ""fast_ref_kps"": 558, ""fast_candidates"": 0, ""fast_status"": ""no_lowes_filtered_matches"", ""supported"": true, ""support_reasons"": [""intensity_ncc=0.279\u22650.08""], ""status"": ""evaluated""}, {""window_id"": 3, ""grid_rc"": ""0,2"", ""mapped"": true, ""valid_support_pct"": 56.3, ""ref_global_rect"": [2001, 1441, 2198, 1517], ""intensity_ncc"": 0.0741, ""gradient_ncc"": 0.0102, ""phase_response"": 0.0965, ""phase_shift_px"": [22.99, 16.96], ""fast_src_kps"": 487, ""fast_ref_kps"": 521, ""fast_candidates"": 2, ""fast_status"": ""ok"", ""supported"": true, ""support_reasons"": [""phase_resp=0.097\u22650.05""], ""status"": ""evaluated""}, {""window_id"": 4, ""grid_rc"": ""1,0"", ""mapped"": true, ""valid_support_pct"": 47.8, ""status"": ""low_valid_support"", ""supported"": false, ""support_reasons"": [""insufficient_valid_pixels""]}, {""window_id"": 5, ""grid_rc"": ""1,1"", ""mapped"": true, ""valid_support_pct"": 98.4, ""ref_global_rect"": [1667, 2441, 1865, 2517], ""intensity_ncc"": -0.0611, ""gradient_ncc"": 0.0255, ""phase_response"": 0.021, ""phase_shift_px"": [-6.26, 0.73], ""fast_src_kps"": 766, ""fast_ref_kps"": 347, ""fast_candidates"": 0, ""fast_status"": ""no_lowes_filtered_matches"", ""supported"": false, ""support_reasons"": [], ""status"": ""evaluated""}, {""window_id"": 6, ""grid_rc"": ""1,2"", ""mapped"": true, ""valid_support_pct"": 30.2, ""status"": ""low_valid_support"", ""supported"": false, ""support_reasons"": [""insufficient_valid_pixels""]}, {""window_id"": 7, ""grid_rc"": ""2,0"", ""mapped"": true, ""valid_support_pct"": 0.5, ""status"": ""low_valid_support"", ""supported"": false, ""support_reasons"": [""insufficient_valid_pixels""]}, {""window_id"": 8, ""grid_rc"": ""2,1"", ""mapped"": true, ""valid_support_pct"": 44.4, ""status"": ""low_valid_support"", ""supported"": false, ""support_reasons"": [""insufficient_valid_pixels""]}, {""window_id"": 9, ""grid_rc"": ""2,2"", ""mapped"": true, ""valid_support_pct"": 100.0, ""ref_global_rect"": [2001, 3441, 2198, 3517], ""intensity_ncc"": 0.2017, ""gradient_ncc"": -0.0444, ""phase_response"": -0.0368, ""phase_shift_px"": [36.79, 8.11], ""fast_src_kps"": 792, ""fast_ref_kps"": 534, ""fast_candidates"": 1, ""fast_status"": ""ok"", ""supported"": true, ""support_reasons"": [""intensity_ncc=0.202\u22650.08""], ""status"": ""evaluated""}]"
OHRC_PAIR_02__dx+2000m_dy+2000m,OHRC_PAIR_02,2000,2000,400,-400,SCREEN_FAIL,3,3,1,0,2,0,False,True,True,True,False,True,1266,779,2266,3779,18.426,283.56,1232.74,1264.93,"[{""window_id"": 1, ""grid_rc"": ""0,0"", ""mapped"": true, ""valid_support_pct"": 86.7, ""ref_global_rect"": [1334, 1241, 1531, 1317], ""intensity_ncc"": -0.0034, ""gradient_ncc"": 0.0011, ""phase_response"": 0.0531, ""phase_shift_px"": [21.2, -5.76], ""fast_src_kps"": 744, ""fast_ref_kps"": 345, ""fast_candidates"": 1, ""fast_status"": ""ok"", ""supported"": true, ""support_reasons"": [""phase_resp=0.053\u22650.05""], ""status"": ""evaluated""}, {""window_id"": 2, ""grid_rc"": ""0,1"", ""mapped"": true, ""valid_support_pct"": 79.7, ""ref_global_rect"": [1667, 1241, 1865, 1317], ""intensity_ncc"": 0.3613, ""gradient_ncc"": 0.0346, ""phase_response"": 0.0379, ""phase_shift_px"": [-1.09, -21.34], ""fast_src_kps"": 558, ""fast_ref_kps"": 366, ""fast_candidates"": 2, ""fast_status"": ""ok"", ""supported"": true, ""support_reasons"": [""intensity_ncc=0.361\u22650.08""], ""status"": ""evaluated""}, {""window_id"": 3, ""grid_rc"": ""0,2"", ""mapped"": true, ""valid_support_pct"": 56.3, ""ref_global_rect"": [2001, 1241, 2198, 1317], ""intensity_ncc"": -0.0191, ""gradient_ncc"": -0.0231, ""phase_response"": 0.0499, ""phase_shift_px"": [-2.11, 41.51], ""fast_src_kps"": 487, ""fast_ref_kps"": 293, ""fast_candidates"": 1, ""fast_status"": ""ok"", ""supported"": false, ""support_reasons"": [], ""status"": ""evaluated""}, {""window_id"": 4, ""grid_rc"": ""1,0"", ""mapped"": true, ""valid_support_pct"": 47.8, ""status"": ""low_valid_support"", ""supported"": false, ""support_reasons"": [""insufficient_valid_pixels""]}, {""window_id"": 5, ""grid_rc"": ""1,1"", ""mapped"": true, ""valid_support_pct"": 98.4, ""ref_global_rect"": [1667, 2241, 1865, 2317], ""intensity_ncc"": -0.0486, ""gradient_ncc"": 0.0142, ""phase_response"": -0.0354, ""phase_shift_px"": [21.51, 9.72], ""fast_src_kps"": 766, ""fast_ref_kps"": 347, ""fast_candidates"": 1, ""fast_status"": ""ok"", ""supported"": false, ""support_reasons"": [], ""status"": ""evaluated""}, {""window_id"": 6, ""grid_rc"": ""1,2"", ""mapped"": true, ""valid_support_pct"": 30.2, ""status"": ""low_valid_support"", ""supported"": false, ""support_reasons"": [""insufficient_valid_pixels""]}, {""window_id"": 7, ""grid_rc"": ""2,0"", ""mapped"": true, ""valid_support_pct"": 0.5, ""status"": ""low_valid_support"", ""supported"": false, ""support_reasons"": [""insufficient_valid_pixels""]}, {""window_id"": 8, ""grid_rc"": ""2,1"", ""mapped"": true, ""valid_support_pct"": 44.4, ""status"": ""low_valid_support"", ""supported"": false, ""support_reasons"": [""insufficient_valid_pixels""]}, {""window_id"": 9, ""grid_rc"": ""2,2"", ""mapped"": true, ""valid_support_pct"": 100.0, ""ref_global_rect"": [2001, 3241, 2198, 3317], ""intensity_ncc"": -0.2063, ""gradient_ncc"": 0.0274, ""phase_response"": 0.0676, ""phase_shift_px"": [-20.05, 0.38], ""fast_src_kps"": 792, ""fast_ref_kps"": 506, ""fast_candidates"": 0, ""fast_status"": ""no_lowes_filtered_matches"", ""supported"": true, ""support_reasons"": [""phase_resp=0.068\u22650.05""], ""status"": ""evaluated""}]"
OHRC_PAIR_02__dx+2000m_dy+3000m,OHRC_PAIR_02,2000,3000,400,-600,SCREEN_FAIL,1,1,1,0,1,0,False,False,False,True,False,True,1266,579,2266,3579,18.426,283.56,1232.74,1264.93,"[{""window_id"": 1, ""grid_rc"": ""0,0"", ""mapped"": true, ""valid_support_pct"": 86.7, ""ref_global_rect"": [1334, 1041, 1531, 1117], ""intensity_ncc"": 0.0434, ""gradient_ncc"": -0.0119, ""phase_response"": 0.0474, ""phase_shift_px"": [34.43, -32.2], ""fast_src_kps"": 744, ""fast_ref_kps"": 421, ""fast_candidates"": 1, ""fast_status"": ""ok"", ""supported"": false, ""support_reasons"": [], ""status"": ""evaluated""}, {""window_id"": 2, ""grid_rc"": ""0,1"", ""mapped"": true, ""valid_support_pct"": 79.7, ""ref_global_rect"": [1667, 1041, 1865, 1117], ""intensity_ncc"": 0.0211, ""gradient_ncc"": 0.0347, ""phase_response"": 0.0463, ""phase_shift_px"": [-6.81, -20.72], ""fast_src_kps"": 558, ""fast_ref_kps"": 492, ""fast_candidates"": 0, ""fast_status"": ""no_lowes_filtered_matches"", ""supported"": false, ""support_reasons"": [], ""status"": ""evaluated""}, {""window_id"": 3, ""grid_rc"": ""0,2"", ""mapped"": true, ""valid_support_pct"": 56.3, ""ref_global_rect"": [2001, 1041, 2198, 1117], ""intensity_ncc"": 0.0319, ""gradient_ncc"": -0.0515, ""phase_response"": 0.0184, ""phase_shift_px"": [6.9, 4.85], ""fast_src_kps"": 487, ""fast_ref_kps"": 303, ""fast_candidates"": 0, ""fast_status"": ""no_lowes_filtered_matches"", ""supported"": false, ""support_reasons"": [], ""status"": ""evaluated""}, {""window_id"": 4, ""grid_rc"": ""1,0"", ""mapped"": true, ""valid_support_pct"": 47.8, ""status"": ""low_valid_support"", ""supported"": false, ""support_reasons"": [""insufficient_valid_pixels""]}, {""window_id"": 5, ""grid_rc"": ""1,1"", ""mapped"": true, ""valid_support_pct"": 98.4, ""ref_global_rect"": [1667, 2041, 1865, 2117], ""intensity_ncc"": 0.2327, ""gradient_ncc"": 0.0377, ""phase_response"": 0.1144, ""phase_shift_px"": [-6.72, -1.91], ""fast_src_kps"": 766, ""fast_ref_kps"": 665, ""fast_candidates"": 0, ""fast_status"": ""no_lowes_filtered_matches"", ""supported"": true, ""support_reasons"": [""intensity_ncc=0.233\u22650.08"", ""phase_resp=0.114\u22650.05""], ""status"": ""evaluated""}, {""window_id"": 6, ""grid_rc"": ""1,2"", ""mapped"": true, ""valid_support_pct"": 30.2, ""status"": ""low_valid_support"", ""supported"": false, ""support_reasons"": [""insufficient_valid_pixels""]}, {""window_id"": 7, ""grid_rc"": ""2,0"", ""mapped"": true, ""valid_support_pct"": 0.5, ""status"": ""low_valid_support"", ""supported"": false, ""support_reasons"": [""insufficient_valid_pixels""]}, {""window_id"": 8, ""grid_rc"": ""2,1"", ""mapped"": true, ""valid_support_pct"": 44.4, ""status"": ""low_valid_support"", ""supported"": false, ""support_reasons"": [""insufficient_valid_pixels""]}, {""window_id"": 9, ""grid_rc"": ""2,2"", ""mapped"": true, ""valid_support_pct"": 100.0, ""ref_global_rect"": [2001, 3041, 2198, 3117], ""intensity_ncc"": -0.0212, ""gradient_ncc"": 0.0238, ""phase_response"": 0.0068, ""phase_shift_px"": [15.85, -33.37], ""fast_src_kps"": 792, ""fast_ref_kps"": 390, ""fast_candidates"": 1, ""fast_status"": ""ok"", ""supported"": false, ""support_reasons"": [], ""status"": ""evaluated""}]"
OHRC_PAIR_02__dx+3000m_dy-3000m,OHRC_PAIR_02,3000,-3000,600,600,SCREEN_FAIL,4,4,1,0,4,0,False,True,True,True,False,True,1466,1779,2466,4779,18.426,283.56,1232.74,1264.93,"[{""window_id"": 1, ""grid_rc"": ""0,0"", ""mapped"": true, ""valid_support_pct"": 86.7, ""ref_global_rect"": [1534, 2241, 1731, 2317], ""intensity_ncc"": 0.009, ""gradient_ncc"": 0.0422, ""phase_response"": 0.0902, ""phase_shift_px"": [-10.66, 14.87], ""fast_src_kps"": 744, ""fast_ref_kps"": 501, ""fast_candidates"": 1, ""fast_status"": ""ok"", ""supported"": true, ""support_reasons"": [""phase_resp=0.090\u22650.05""], ""status"": ""evaluated""}, {""window_id"": 2, ""grid_rc"": ""0,1"", ""mapped"": true, ""valid_support_pct"": 79.7, ""ref_global_rect"": [1867, 2241, 2065, 2317], ""intensity_ncc"": 0.075, ""gradient_ncc"": -0.0192, ""phase_response"": 0.0085, ""phase_shift_px"": [14.49, -5.66], ""fast_src_kps"": 558, ""fast_ref_kps"": 334, ""fast_candidates"": 0, ""fast_status"": ""no_lowes_filtered_matches"", ""supported"": false, ""support_reasons"": [], ""status"": ""evaluated""}, {""window_id"": 3, ""grid_rc"": ""0,2"", ""mapped"": true, ""valid_support_pct"": 56.3, ""ref_global_rect"": [2201, 2241, 2398, 2317], ""intensity_ncc"": 0.0276, ""gradient_ncc"": 0.0199, ""phase_response"": 0.0596, ""phase_shift_px"": [25.75, 6.23], ""fast_src_kps"": 487, ""fast_ref_kps"": 419, ""fast_candidates"": 0, ""fast_status"": ""no_lowes_filtered_matches"", ""supported"": true, ""support_reasons"": [""phase_resp=0.060\u22650.05""], ""status"": ""evaluated""}, {""window_id"": 4, ""grid_rc"": ""1,0"", ""mapped"": true, ""valid_support_pct"": 47.8, ""status"": ""low_valid_support"", ""supported"": false, ""support_reasons"": [""insufficient_valid_pixels""]}, {""window_id"": 5, ""grid_rc"": ""1,1"", ""mapped"": true, ""valid_support_pct"": 98.4, ""ref_global_rect"": [1867, 3241, 2065, 3317], ""intensity_ncc"": 0.0418, ""gradient_ncc"": 0.0352, ""phase_response"": 0.0603, ""phase_shift_px"": [20.12, -11.23], ""fast_src_kps"": 766, ""fast_ref_kps"": 663, ""fast_candidates"": 0, ""fast_status"": ""no_lowes_filtered_matches"", ""supported"": true, ""support_reasons"": [""phase_resp=0.060\u22650.05""], ""status"": ""evaluated""}, {""window_id"": 6, ""grid_rc"": ""1,2"", ""mapped"": true, ""valid_support_pct"": 30.2, ""status"": ""low_valid_support"", ""supported"": false, ""support_reasons"": [""insufficient_valid_pixels""]}, {""window_id"": 7, ""grid_rc"": ""2,0"", ""mapped"": true, ""valid_support_pct"": 0.5, ""status"": ""low_valid_support"", ""supported"": false, ""support_reasons"": [""insufficient_valid_pixels""]}, {""window_id"": 8, ""grid_rc"": ""2,1"", ""mapped"": true, ""valid_support_pct"": 44.4, ""status"": ""low_valid_support"", ""supported"": false, ""support_reasons"": [""insufficient_valid_pixels""]}, {""window_id"": 9, ""grid_rc"": ""2,2"", ""mapped"": true, ""valid_support_pct"": 100.0, ""ref_global_rect"": [2201, 4241, 2398, 4317], ""intensity_ncc"": 0.2692, ""gradient_ncc"": -0.0168, ""phase_response"": 0.0595, ""phase_shift_px"": [2.25, 2.36], ""fast_src_kps"": 792, ""fast_ref_kps"": 398, ""fast_candidates"": 1, ""fast_status"": ""ok"", ""supported"": true, ""support_reasons"": [""intensity_ncc=0.269\u22650.08"", ""phase_resp=0.059\u22650.05""], ""status"": ""evaluated""}]"
OHRC_PAIR_02__dx+3000m_dy-2000m,OHRC_PAIR_02,3000,-2000,600,400,SCREEN_FAIL,2,2,1,0,1,1,True,False,False,True,True,True,1466,1579,2466,4579,18.426,283.56,1232.74,1264.93,"[{""window_id"": 1, ""grid_rc"": ""0,0"", ""mapped"": true, ""valid_support_pct"": 86.7, ""ref_global_rect"": [1534, 2041, 1731, 2117], ""intensity_ncc"": -0.0333, ""gradient_ncc"": 0.0043, ""phase_response"": -0.0579, ""phase_shift_px"": [17.83, -1.59], ""fast_src_kps"": 744, ""fast_ref_kps"": 583, ""fast_candidates"": 0, ""fast_status"": ""no_lowes_filtered_matches"", ""supported"": false, ""support_reasons"": [], ""status"": ""evaluated""}, {""window_id"": 2, ""grid_rc"": ""0,1"", ""mapped"": true, ""valid_support_pct"": 79.7, ""ref_global_rect"": [1867, 2041, 2065, 2117], ""intensity_ncc"": -0.119, ""gradient_ncc"": -0.0389, ""phase_response"": 0.023, ""phase_shift_px"": [-13.9, 2.84], ""fast_src_kps"": 558, ""fast_ref_kps"": 377, ""fast_candidates"": 2, ""fast_status"": ""ok"", ""supported"": false, ""support_reasons"": [], ""status"": ""evaluated""}, {""window_id"": 3, ""grid_rc"": ""0,2"", ""mapped"": true, ""valid_support_pct"": 56.3, ""ref_global_rect"": [2201, 2041, 2398, 2117], ""intensity_ncc"": -0.1199, ""gradient_ncc"": -0.03, ""phase_response"": -0.0698, ""phase_shift_px"": [14.69, -9.23], ""fast_src_kps"": 487, ""fast_ref_kps"": 413, ""fast_candidates"": 0, ""fast_status"": ""no_lowes_filtered_matches"", ""supported"": false, ""support_reasons"": [], ""status"": ""evaluated""}, {""window_id"": 4, ""grid_rc"": ""1,0"", ""mapped"": true, ""valid_support_pct"": 47.8, ""status"": ""low_valid_support"", ""supported"": false, ""support_reasons"": [""insufficient_valid_pixels""]}, {""window_id"": 5, ""grid_rc"": ""1,1"", ""mapped"": true, ""valid_support_pct"": 98.4, ""ref_global_rect"": [1867, 3041, 2065, 3117], ""intensity_ncc"": 0.0105, ""gradient_ncc"": 0.0175, ""phase_response"": -0.0038, ""phase_shift_px"": [2.85, 39.79], ""fast_src_kps"": 766, ""fast_ref_kps"": 210, ""fast_candidates"": 4, ""fast_status"": ""ok"", ""supported"": true, ""support_reasons"": [""fast_candidates=4\u22653""], ""status"": ""evaluated""}, {""window_id"": 6, ""grid_rc"": ""1,2"", ""mapped"": true, ""valid_support_pct"": 30.2, ""status"": ""low_valid_support"", ""supported"": false, ""support_reasons"": [""insufficient_valid_pixels""]}, {""window_id"": 7, ""grid_rc"": ""2,0"", ""mapped"": true, ""valid_support_pct"": 0.5, ""status"": ""low_valid_support"", ""supported"": false, ""support_reasons"": [""insufficient_valid_pixels""]}, {""window_id"": 8, ""grid_rc"": ""2,1"", ""mapped"": true, ""valid_support_pct"": 44.4, ""status"": ""low_valid_support"", ""supported"": false, ""support_reasons"": [""insufficient_valid_pixels""]}, {""window_id"": 9, ""grid_rc"": ""2,2"", ""mapped"": true, ""valid_support_pct"": 100.0, ""ref_global_rect"": [2201, 4041, 2398, 4117], ""intensity_ncc"": 0.2177, ""gradient_ncc"": -0.0726, ""phase_response"": 0.1659, ""phase_shift_px"": [5.38, 0.93], ""fast_src_kps"": 792, ""fast_ref_kps"": 227, ""fast_candidates"": 1, ""fast_status"": ""ok"", ""supported"": true, ""support_reasons"": [""intensity_ncc=0.218\u22650.08"", ""phase_resp=0.166\u22650.05""], ""status"": ""evaluated""}]"
OHRC_PAIR_02__dx+3000m_dy-1000m,OHRC_PAIR_02,3000,-1000,600,200,SCREEN_FAIL,5,5,3,0,3,0,False,True,True,True,False,True,1466,1379,2466,4379,18.426,283.56,1232.74,1264.93,"[{""window_id"": 1, ""grid_rc"": ""0,0"", ""mapped"": true, ""valid_support_pct"": 86.7, ""ref_global_rect"": [1534, 1841, 1731, 1917], ""intensity_ncc"": -0.0632, ""gradient_ncc"": 0.0227, ""phase_response"": 0.0863, ""phase_shift_px"": [0.14, -43.15], ""fast_src_kps"": 744, ""fast_ref_kps"": 466, ""fast_candidates"": 0, ""fast_status"": ""no_lowes_filtered_matches"", ""supported"": true, ""support_reasons"": [""phase_resp=0.086\u22650.05""], ""status"": ""evaluated""}, {""window_id"": 2, ""grid_rc"": ""0,1"", ""mapped"": true, ""valid_support_pct"": 79.7, ""ref_global_rect"": [1867, 1841, 2065, 1917], ""intensity_ncc"": 0.1265, ""gradient_ncc"": -0.0039, ""phase_response"": 0.0404, ""phase_shift_px"": [-1.21, 0.48], ""fast_src_kps"": 558, ""fast_ref_kps"": 500, ""fast_candidates"": 0, ""fast_status"": ""no_lowes_filtered_matches"", ""supported"": true, ""support_reasons"": [""intensity_ncc=0.127\u22650.08""], ""status"": ""evaluated""}, {""window_id"": 3, ""grid_rc"": ""0,2"", ""mapped"": true, ""valid_support_pct"": 56.3, ""ref_global_rect"": [2201, 1841, 2398, 1917], ""intensity_ncc"": 0.0587, ""gradient_ncc"": -0.0049, ""phase_response"": 0.1263, ""phase_shift_px"": [2.52, -13.74], ""fast_src_kps"": 487, ""fast_ref_kps"": 332, ""fast_candidates"": 0, ""fast_status"": ""no_lowes_filtered_matches"", ""supported"": true, ""support_reasons"": [""phase_resp=0.126\u22650.05""], ""status"": ""evaluated""}, {""window_id"": 4, ""grid_rc"": ""1,0"", ""mapped"": true, ""valid_support_pct"": 47.8, ""status"": ""low_valid_support"", ""supported"": false, ""support_reasons"": [""insufficient_valid_pixels""]}, {""window_id"": 5, ""grid_rc"": ""1,1"", ""mapped"": true, ""valid_support_pct"": 98.4, ""ref_global_rect"": [1867, 2841, 2065, 2917], ""intensity_ncc"": 0.0894, ""gradient_ncc"": 0.0088, ""phase_response"": 0.0296, ""phase_shift_px"": [39.84, 19.84], ""fast_src_kps"": 766, ""fast_ref_kps"": 247, ""fast_candidates"": 2, ""fast_status"": ""ok"", ""supported"": true, ""support_reasons"": [""intensity_ncc=0.089\u22650.08""], ""status"": ""evaluated""}, {""window_id"": 6, ""grid_rc"": ""1,2"", ""mapped"": true, ""valid_support_pct"": 30.2, ""status"": ""low_valid_support"", ""supported"": false, ""support_reasons"": [""insufficient_valid_pixels""]}, {""window_id"": 7, ""grid_rc"": ""2,0"", ""mapped"": true, ""valid_support_pct"": 0.5, ""status"": ""low_valid_support"", ""supported"": false, ""support_reasons"": [""insufficient_valid_pixels""]}, {""window_id"": 8, ""grid_rc"": ""2,1"", ""mapped"": true, ""valid_support_pct"": 44.4, ""status"": ""low_valid_support"", ""supported"": false, ""support_reasons"": [""insufficient_valid_pixels""]}, {""window_id"": 9, ""grid_rc"": ""2,2"", ""mapped"": true, ""valid_support_pct"": 100.0, ""ref_global_rect"": [2201, 3841, 2398, 3917], ""intensity_ncc"": 0.0913, ""gradient_ncc"": -0.0614, ""phase_response"": 0.0932, ""phase_shift_px"": [14.56, 45.53], ""fast_src_kps"": 792, ""fast_ref_kps"": 201, ""fast_candidates"": 2, ""fast_status"": ""ok"", ""supported"": true, ""support_reasons"": [""intensity_ncc=0.091\u22650.08"", ""phase_resp=0.093\u22650.05""], ""status"": ""evaluated""}]"
OHRC_PAIR_02__dx+3000m_dy+0m,OHRC_PAIR_02,3000,0,600,0,SCREEN_FAIL,4,4,0,1,3,0,False,True,True,True,False,True,1466,1179,2466,4179,18.426,283.56,1232.74,1264.93,"[{""window_id"": 1, ""grid_rc"": ""0,0"", ""mapped"": true, ""valid_support_pct"": 86.7, ""ref_global_rect"": [1534, 1641, 1731, 1717], ""intensity_ncc"": -0.0288, ""gradient_ncc"": 0.0131, ""phase_response"": 0.0559, ""phase_shift_px"": [-17.63, -11.04], ""fast_src_kps"": 744, ""fast_ref_kps"": 457, ""fast_candidates"": 0, ""fast_status"": ""no_lowes_filtered_matches"", ""supported"": true, ""support_reasons"": [""phase_resp=0.056\u22650.05""], ""status"": ""evaluated""}, {""window_id"": 2, ""grid_rc"": ""0,1"", ""mapped"": true, ""valid_support_pct"": 79.7, ""ref_global_rect"": [1867, 1641, 2065, 1717], ""intensity_ncc"": -0.0764, ""gradient_ncc"": 0.0116, ""phase_response"": 0.0776, ""phase_shift_px"": [-9.96, -13.74], ""fast_src_kps"": 558, ""fast_ref_kps"": 444, ""fast_candidates"": 0, ""fast_status"": ""no_lowes_filtered_matches"", ""supported"": true, ""support_reasons"": [""phase_resp=0.078\u22650.05""], ""status"": ""evaluated""}, {""window_id"": 3, ""grid_rc"": ""0,2"", ""mapped"": true, ""valid_support_pct"": 56.3, ""ref_global_rect"": [2201, 1641, 2398, 1717], ""intensity_ncc"": -0.0873, ""gradient_ncc"": -0.0162, ""phase_response"": 0.0836, ""phase_shift_px"": [23.83, 34.63], ""fast_src_kps"": 487, ""fast_ref_kps"": 542, ""fast_candidates"": 0, ""fast_status"": ""no_lowes_filtered_matches"", ""supported"": true, ""support_reasons"": [""phase_resp=0.084\u22650.05""], ""status"": ""evaluated""}, {""window_id"": 4, ""grid_rc"": ""1,0"", ""mapped"": true, ""valid_support_pct"": 47.8, ""status"": ""low_valid_support"", ""supported"": false, ""support_reasons"": [""insufficient_valid_pixels""]}, {""window_id"": 5, ""grid_rc"": ""1,1"", ""mapped"": true, ""valid_support_pct"": 98.4, ""ref_global_rect"": [1867, 2641, 2065, 2717], ""intensity_ncc"": -0.1673, ""gradient_ncc"": 0.0367, ""phase_response"": 0.0264, ""phase_shift_px"": [15.06, -4.65], ""fast_src_kps"": 766, ""fast_ref_kps"": 330, ""fast_candidates"": 0, ""fast_status"": ""no_lowes_filtered_matches"", ""supported"": false, ""support_reasons"": [], ""status"": ""evaluated""}, {""window_id"": 6, ""grid_rc"": ""1,2"", ""mapped"": true, ""valid_support_pct"": 30.2, ""status"": ""low_valid_support"", ""supported"": false, ""support_reasons"": [""insufficient_valid_pixels""]}, {""window_id"": 7, ""grid_rc"": ""2,0"", ""mapped"": true, ""valid_support_pct"": 0.5, ""status"": ""low_valid_support"", ""supported"": false, ""support_reasons"": [""insufficient_valid_pixels""]}, {""window_id"": 8, ""grid_rc"": ""2,1"", ""mapped"": true, ""valid_support_pct"": 44.4, ""status"": ""low_valid_support"", ""supported"": false, ""support_reasons"": [""insufficient_valid_pixels""]}, {""window_id"": 9, ""grid_rc"": ""2,2"", ""mapped"": true, ""valid_support_pct"": 100.0, ""ref_global_rect"": [2201, 3641, 2398, 3717], ""intensity_ncc"": -0.3382, ""gradient_ncc"": 0.1241, ""phase_response"": 0.0407, ""phase_shift_px"": [-16.13, -23.46], ""fast_src_kps"": 792, ""fast_ref_kps"": 216, ""fast_candidates"": 0, ""fast_status"": ""no_lowes_filtered_matches"", ""supported"": true, ""support_reasons"": [""gradient_ncc=0.124\u22650.06""], ""status"": ""evaluated""}]"
OHRC_PAIR_02__dx+3000m_dy+1000m,OHRC_PAIR_02,3000,1000,600,-200,SCREEN_FAIL,1,1,0,0,1,0,False,False,False,True,False,True,1466,979,2466,3979,18.426,283.56,1232.74,1264.93,"[{""window_id"": 1, ""grid_rc"": ""0,0"", ""mapped"": true, ""valid_support_pct"": 86.7, ""ref_global_rect"": [1534, 1441, 1731, 1517], ""intensity_ncc"": -0.0806, ""gradient_ncc"": -0.0092, ""phase_response"": 0.0019, ""phase_shift_px"": [10.46, 47.61], ""fast_src_kps"": 744, ""fast_ref_kps"": 463, ""fast_candidates"": 0, ""fast_status"": ""no_lowes_filtered_matches"", ""supported"": false, ""support_reasons"": [], ""status"": ""evaluated""}, {""window_id"": 2, ""grid_rc"": ""0,1"", ""mapped"": true, ""valid_support_pct"": 79.7, ""ref_global_rect"": [1867, 1441, 2065, 1517], ""intensity_ncc"": -0.258, ""gradient_ncc"": 0.0419, ""phase_response"": 0.0876, ""phase_shift_px"": [-10.43, 0.49], ""fast_src_kps"": 558, ""fast_ref_kps"": 528, ""fast_candidates"": 0, ""fast_status"": ""no_lowes_filtered_matches"", ""supported"": true, ""support_reasons"": [""phase_resp=0.088\u22650.05""], ""status"": ""evaluated""}, {""window_id"": 3, ""grid_rc"": ""0,2"", ""mapped"": true, ""valid_support_pct"": 56.3, ""ref_global_rect"": [2201, 1441, 2398, 1517], ""intensity_ncc"": -0.0971, ""gradient_ncc"": 0.0524, ""phase_response"": 0.0411, ""phase_shift_px"": [1.47, 3.34], ""fast_src_kps"": 487, ""fast_ref_kps"": 508, ""fast_candidates"": 0, ""fast_status"": ""no_lowes_filtered_matches"", ""supported"": false, ""support_reasons"": [], ""status"": ""evaluated""}, {""window_id"": 4, ""grid_rc"": ""1,0"", ""mapped"": true, ""valid_support_pct"": 47.8, ""status"": ""low_valid_support"", ""supported"": false, ""support_reasons"": [""insufficient_valid_pixels""]}, {""window_id"": 5, ""grid_rc"": ""1,1"", ""mapped"": true, ""valid_support_pct"": 98.4, ""ref_global_rect"": [1867, 2441, 2065, 2517], ""intensity_ncc"": 0.0337, ""gradient_ncc"": -0.015, ""phase_response"": 0.047, ""phase_shift_px"": [-23.67, -27.07], ""fast_src_kps"": 766, ""fast_ref_kps"": 400, ""fast_candidates"": 1, ""fast_status"": ""ok"", ""supported"": false, ""support_reasons"": [], ""status"": ""evaluated""}, {""window_id"": 6, ""grid_rc"": ""1,2"", ""mapped"": true, ""valid_support_pct"": 30.2, ""status"": ""low_valid_support"", ""supported"": false, ""support_reasons"": [""insufficient_valid_pixels""]}, {""window_id"": 7, ""grid_rc"": ""2,0"", ""mapped"": true, ""valid_support_pct"": 0.5, ""status"": ""low_valid_support"", ""supported"": false, ""support_reasons"": [""insufficient_valid_pixels""]}, {""window_id"": 8, ""grid_rc"": ""2,1"", ""mapped"": true, ""valid_support_pct"": 44.4, ""status"": ""low_valid_support"", ""supported"": false, ""support_reasons"": [""insufficient_valid_pixels""]}, {""window_id"": 9, ""grid_rc"": ""2,2"", ""mapped"": true, ""valid_support_pct"": 100.0, ""ref_global_rect"": [2201, 3441, 2398, 3517], ""intensity_ncc"": -0.2663, ""gradient_ncc"": 0.0235, ""phase_response"": -0.081, ""phase_shift_px"": [17.15, -14.04], ""fast_src_kps"": 792, ""fast_ref_kps"": 376, ""fast_candidates"": 0, ""fast_status"": ""no_lowes_filtered_matches"", ""supported"": false, ""support_reasons"": [], ""status"": ""evaluated""}]"
OHRC_PAIR_02__dx+3000m_dy+2000m,OHRC_PAIR_02,3000,2000,600,-400,SCREEN_PASS,3,3,0,0,2,2,True,True,True,True,True,True,1466,779,2466,3779,18.426,283.56,1232.74,1264.93,"[{""window_id"": 1, ""grid_rc"": ""0,0"", ""mapped"": true, ""valid_support_pct"": 86.7, ""ref_global_rect"": [1534, 1241, 1731, 1317], ""intensity_ncc"": -0.0191, ""gradient_ncc"": -0.0243, ""phase_response"": 0.1013, ""phase_shift_px"": [11.24, 1.88], ""fast_src_kps"": 744, ""fast_ref_kps"": 236, ""fast_candidates"": 3, ""fast_status"": ""ok"", ""supported"": true, ""support_reasons"": [""phase_resp=0.101\u22650.05"", ""fast_candidates=3\u22653""], ""status"": ""evaluated""}, {""window_id"": 2, ""grid_rc"": ""0,1"", ""mapped"": true, ""valid_support_pct"": 79.7, ""ref_global_rect"": [1867, 1241, 2065, 1317], ""intensity_ncc"": -0.3242, ""gradient_ncc"": -0.0518, ""phase_response"": 0.0014, ""phase_shift_px"": [-71.86, -32.01], ""fast_src_kps"": 558, ""fast_ref_kps"": 296, ""fast_candidates"": 1, ""fast_status"": ""ok"", ""supported"": false, ""support_reasons"": [], ""status"": ""evaluated""}, {""window_id"": 3, ""grid_rc"": ""0,2"", ""mapped"": true, ""valid_support_pct"": 56.3, ""ref_global_rect"": [2201, 1241, 2398, 1317], ""intensity_ncc"": -0.0419, ""gradient_ncc"": 0.0168, ""phase_response"": 0.0373, ""phase_shift_px"": [-15.49, 12.53], ""fast_src_kps"": 487, ""fast_ref_kps"": 583, ""fast_candidates"": 0, ""fast_status"": ""no_lowes_filtered_matches"", ""supported"": false, ""support_reasons"": [], ""status"": ""evaluated""}, {""window_id"": 4, ""grid_rc"": ""1,0"", ""mapped"": true, ""valid_support_pct"": 47.8, ""status"": ""low_valid_support"", ""supported"": false, ""support_reasons"": [""insufficient_valid_pixels""]}, {""window_id"": 5, ""grid_rc"": ""1,1"", ""mapped"": true, ""valid_support_pct"": 98.4, ""ref_global_rect"": [1867, 2241, 2065, 2317], ""intensity_ncc"": -0.0712, ""gradient_ncc"": -0.0253, ""phase_response"": 0.0423, ""phase_shift_px"": [-7.93, 11.32], ""fast_src_kps"": 766, ""fast_ref_kps"": 334, ""fast_candidates"": 7, ""fast_status"": ""ok"", ""supported"": true, ""support_reasons"": [""fast_candidates=7\u22653""], ""status"": ""evaluated""}, {""window_id"": 6, ""grid_rc"": ""1,2"", ""mapped"": true, ""valid_support_pct"": 30.2, ""status"": ""low_valid_support"", ""supported"": false, ""support_reasons"": [""insufficient_valid_pixels""]}, {""window_id"": 7, ""grid_rc"": ""2,0"", ""mapped"": true, ""valid_support_pct"": 0.5, ""status"": ""low_valid_support"", ""supported"": false, ""support_reasons"": [""insufficient_valid_pixels""]}, {""window_id"": 8, ""grid_rc"": ""2,1"", ""mapped"": true, ""valid_support_pct"": 44.4, ""status"": ""low_valid_support"", ""supported"": false, ""support_reasons"": [""insufficient_valid_pixels""]}, {""window_id"": 9, ""grid_rc"": ""2,2"", ""mapped"": true, ""valid_support_pct"": 100.0, ""ref_global_rect"": [2201, 3241, 2398, 3317], ""intensity_ncc"": -0.1816, ""gradient_ncc"": -0.0008, ""phase_response"": 0.0531, ""phase_shift_px"": [-23.62, 4.43], ""fast_src_kps"": 792, ""fast_ref_kps"": 464, ""fast_candidates"": 0, ""fast_status"": ""no_lowes_filtered_matches"", ""supported"": true, ""support_reasons"": [""phase_resp=0.053\u22650.05""], ""status"": ""evaluated""}]"
OHRC_PAIR_02__dx+3000m_dy+3000m,OHRC_PAIR_02,3000,3000,600,-600,SCREEN_PASS,3,3,1,0,2,1,True,True,True,True,True,True,1466,579,2466,3579,18.426,283.56,1232.74,1264.93,"[{""window_id"": 1, ""grid_rc"": ""0,0"", ""mapped"": true, ""valid_support_pct"": 86.7, ""ref_global_rect"": [1534, 1041, 1731, 1117], ""intensity_ncc"": -0.1719, ""gradient_ncc"": 0.0068, ""phase_response"": 0.0435, ""phase_shift_px"": [33.16, 26.46], ""fast_src_kps"": 744, ""fast_ref_kps"": 403, ""fast_candidates"": 0, ""fast_status"": ""no_lowes_filtered_matches"", ""supported"": false, ""support_reasons"": [], ""status"": ""evaluated""}, {""window_id"": 2, ""grid_rc"": ""0,1"", ""mapped"": true, ""valid_support_pct"": 79.7, ""ref_global_rect"": [1867, 1041, 2065, 1117], ""intensity_ncc"": -0.3875, ""gradient_ncc"": -0.0512, ""phase_response"": 0.0646, ""phase_shift_px"": [23.18, -16.03], ""fast_src_kps"": 558, ""fast_ref_kps"": 469, ""fast_candidates"": 1, ""fast_status"": ""ok"", ""supported"": true, ""support_reasons"": [""phase_resp=0.065\u22650.05""], ""status"": ""evaluated""}, {""window_id"": 3, ""grid_rc"": ""0,2"", ""mapped"": true, ""valid_support_pct"": 56.3, ""ref_global_rect"": [2201, 1041, 2398, 1117], ""intensity_ncc"": -0.0808, ""gradient_ncc"": -0.0284, ""phase_response"": 0.0295, ""phase_shift_px"": [31.35, 3.12], ""fast_src_kps"": 487, ""fast_ref_kps"": 330, ""fast_candidates"": 1, ""fast_status"": ""ok"", ""supported"": false, ""support_reasons"": [], ""status"": ""evaluated""}, {""window_id"": 4, ""grid_rc"": ""1,0"", ""mapped"": true, ""valid_support_pct"": 47.8, ""status"": ""low_valid_support"", ""supported"": false, ""support_reasons"": [""insufficient_valid_pixels""]}, {""window_id"": 5, ""grid_rc"": ""1,1"", ""mapped"": true, ""valid_support_pct"": 98.4, ""ref_global_rect"": [1867, 2041, 2065, 2117], ""intensity_ncc"": 0.0241, ""gradient_ncc"": 0.0464, ""phase_response"": 0.0548, ""phase_shift_px"": [12.71, -18.07], ""fast_src_kps"": 766, ""fast_ref_kps"": 377, ""fast_candidates"": 5, ""fast_status"": ""ok"", ""supported"": true, ""support_reasons"": [""phase_resp=0.055\u22650.05"", ""fast_candidates=5\u22653""], ""status"": ""evaluated""}, {""window_id"": 6, ""grid_rc"": ""1,2"", ""mapped"": true, ""valid_support_pct"": 30.2, ""status"": ""low_valid_support"", ""supported"": false, ""support_reasons"": [""insufficient_valid_pixels""]}, {""window_id"": 7, ""grid_rc"": ""2,0"", ""mapped"": true, ""valid_support_pct"": 0.5, ""status"": ""low_valid_support"", ""supported"": false, ""support_reasons"": [""insufficient_valid_pixels""]}, {""window_id"": 8, ""grid_rc"": ""2,1"", ""mapped"": true, ""valid_support_pct"": 44.4, ""status"": ""low_valid_support"", ""supported"": false, ""support_reasons"": [""insufficient_valid_pixels""]}, {""window_id"": 9, ""grid_rc"": ""2,2"", ""mapped"": true, ""valid_support_pct"": 100.0, ""ref_global_rect"": [2201, 3041, 2398, 3117], ""intensity_ncc"": 0.2534, ""gradient_ncc"": -0.0546, ""phase_response"": -0.0213, ""phase_shift_px"": [12.25, 21.52], ""fast_src_kps"": 792, ""fast_ref_kps"": 398, ""fast_candidates"": 0, ""fast_status"": ""no_lowes_filtered_matches"", ""supported"": true, ""support_reasons"": [""intensity_ncc=0.253\u22650.08""], ""status"": ""evaluated""}]"
OHRC_PAIR_03__dx-3000m_dy-3000m,OHRC_PAIR_03,-3000,-3000,-600,600,SCREEN_FAIL,1,1,1,1,0,0,False,False,False,False,False,True,191,1725,1191,4725,19.66,274.78,1677.59,1699.94,"[{""window_id"": 1, ""grid_rc"": ""0,0"", ""mapped"": true, ""valid_support_pct"": 0.0, ""status"": ""low_valid_support"", ""supported"": false, ""support_reasons"": [""insufficient_valid_pixels""]}, {""window_id"": 2, ""grid_rc"": ""0,1"", ""mapped"": true, ""valid_support_pct"": 21.6, ""status"": ""low_valid_support"", ""supported"": false, ""support_reasons"": [""insufficient_valid_pixels""]}, {""window_id"": 3, ""grid_rc"": ""0,2"", ""mapped"": true, ""valid_support_pct"": 48.2, ""status"": ""low_valid_support"", ""supported"": false, ""support_reasons"": [""insufficient_valid_pixels""]}, {""window_id"": 4, ""grid_rc"": ""1,0"", ""mapped"": true, ""valid_support_pct"": 26.4, ""status"": ""low_valid_support"", ""supported"": false, ""support_reasons"": [""insufficient_valid_pixels""]}, {""window_id"": 5, ""grid_rc"": ""1,1"", ""mapped"": true, ""valid_support_pct"": 70.2, ""ref_global_rect"": [584, 3187, 798, 3263], ""intensity_ncc"": 0.2011, ""gradient_ncc"": 0.0618, ""phase_response"": -0.0321, ""phase_shift_px"": [25.54, 12.86], ""fast_src_kps"": 603, ""fast_ref_kps"": 464, ""fast_candidates"": 0, ""fast_status"": ""no_lowes_filtered_matches"", ""supported"": true, ""support_reasons"": [""intensity_ncc=0.201\u22650.08"", ""gradient_ncc=0.062\u22650.06""], ""status"": ""evaluated""}, {""window_id"": 6, ""grid_rc"": ""1,2"", ""mapped"": true, ""valid_support_pct"": 86.8, ""ref_global_rect"": [918, 3187, 1131, 3263], ""intensity_ncc"": -0.0863, ""gradient_ncc"": -0.0237, ""phase_response"": 0.0156, ""phase_shift_px"": [1.55, 5.28], ""fast_src_kps"": 857, ""fast_ref_kps"": 567, ""fast_candidates"": 0, ""fast_status"": ""no_lowes_filtered_matches"", ""supported"": false, ""support_reasons"": [], ""status"": ""evaluated""}, {""window_id"": 7, ""grid_rc"": ""2,0"", ""mapped"": true, ""valid_support_pct"": 0.0, ""status"": ""low_valid_support"", ""supported"": false, ""support_reasons"": [""insufficient_valid_pixels""]}, {""window_id"": 8, ""grid_rc"": ""2,1"", ""mapped"": true, ""valid_support_pct"": 23.8, ""status"": ""low_valid_support"", ""supported"": false, ""support_reasons"": [""insufficient_valid_pixels""]}, {""window_id"": 9, ""grid_rc"": ""2,2"", ""mapped"": true, ""valid_support_pct"": 73.3, ""ref_global_rect"": [918, 4187, 1131, 4263], ""intensity_ncc"": -0.0049, ""gradient_ncc"": 0.0135, ""phase_response"": -0.0235, ""phase_shift_px"": [4.81, 17.21], ""fast_src_kps"": 800, ""fast_ref_kps"": 441, ""fast_candidates"": 0, ""fast_status"": ""no_lowes_filtered_matches"", ""supported"": false, ""support_reasons"": [], ""status"": ""evaluated""}]"
OHRC_PAIR_03__dx-3000m_dy-2000m,OHRC_PAIR_03,-3000,-2000,-600,400,SCREEN_PASS,3,3,0,0,2,1,False,True,True,True,True,True,191,1525,1191,4525,19.66,274.78,1677.59,1699.94,"[{""window_id"": 1, ""grid_rc"": ""0,0"", ""mapped"": true, ""valid_support_pct"": 0.0, ""status"": ""low_valid_support"", ""supported"": false, ""support_reasons"": [""insufficient_valid_pixels""]}, {""window_id"": 2, ""grid_rc"": ""0,1"", ""mapped"": true, ""valid_support_pct"": 21.6, ""status"": ""low_valid_support"", ""supported"": false, ""support_reasons"": [""insufficient_valid_pixels""]}, {""window_id"": 3, ""grid_rc"": ""0,2"", ""mapped"": true, ""valid_support_pct"": 48.2, ""status"": ""low_valid_support"", ""supported"": false, ""support_reasons"": [""insufficient_valid_pixels""]}, {""window_id"": 4, ""grid_rc"": ""1,0"", ""mapped"": true, ""valid_support_pct"": 26.4, ""status"": ""low_valid_support"", ""supported"": false, ""support_reasons"": [""insufficient_valid_pixels""]}, {""window_id"": 5, ""grid_rc"": ""1,1"", ""mapped"": true, ""valid_support_pct"": 70.2, ""ref_global_rect"": [584, 2987, 798, 3063], ""intensity_ncc"": -0.0658, ""gradient_ncc"": 0.0369, ""phase_response"": 0.0126, ""phase_shift_px"": [5.06, 2.57], ""fast_src_kps"": 603, ""fast_ref_kps"": 372, ""fast_candidates"": 3, ""fast_status"": ""ok"", ""supported"": true, ""support_reasons"": [""fast_candidates=3\u22653""], ""status"": ""evaluated""}, {""window_id"": 6, ""grid_rc"": ""1,2"", ""mapped"": true, ""valid_support_pct"": 86.8, ""ref_global_rect"": [918, 2987, 1131, 3063], ""intensity_ncc"": 0.0166, ""gradient_ncc"": 0.0009, ""phase_response"": 0.0999, ""phase_shift_px"": [-13.12, 16.91], ""fast_src_kps"": 857, ""fast_ref_kps"": 421, ""fast_candidates"": 0, ""fast_status"": ""no_lowes_filtered_matches"", ""supported"": true, ""support_reasons"": [""phase_resp=0.100\u22650.05""], ""status"": ""evaluated""}, {""window_id"": 7, ""grid_rc"": ""2,0"", ""mapped"": true, ""valid_support_pct"": 0.0, ""status"": ""low_valid_support"", ""supported"": false, ""support_reasons"": [""insufficient_valid_pixels""]}, {""window_id"": 8, ""grid_rc"": ""2,1"", ""mapped"": true, ""valid_support_pct"": 23.8, ""status"": ""low_valid_support"", ""supported"": false, ""support_reasons"": [""insufficient_valid_pixels""]}, {""window_id"": 9, ""grid_rc"": ""2,2"", ""mapped"": true, ""valid_support_pct"": 73.3, ""ref_global_rect"": [918, 3987, 1131, 4063], ""intensity_ncc"": -0.0532, ""gradient_ncc"": -0.023, ""phase_response"": 0.0693, ""phase_shift_px"": [0.42, 0.0], ""fast_src_kps"": 800, ""fast_ref_kps"": 322, ""fast_candidates"": 2, ""fast_status"": ""ok"", ""supported"": true, ""support_reasons"": [""phase_resp=0.069\u22650.05""], ""status"": ""evaluated""}]"
OHRC_PAIR_03__dx-3000m_dy-1000m,OHRC_PAIR_03,-3000,-1000,-600,200,SCREEN_FAIL,3,3,1,0,2,0,False,True,True,True,False,True,191,1325,1191,4325,19.66,274.78,1677.59,1699.94,"[{""window_id"": 1, ""grid_rc"": ""0,0"", ""mapped"": true, ""valid_support_pct"": 0.0, ""status"": ""low_valid_support"", ""supported"": false, ""support_reasons"": [""insufficient_valid_pixels""]}, {""window_id"": 2, ""grid_rc"": ""0,1"", ""mapped"": true, ""valid_support_pct"": 21.6, ""status"": ""low_valid_support"", ""supported"": false, ""support_reasons"": [""insufficient_valid_pixels""]}, {""window_id"": 3, ""grid_rc"": ""0,2"", ""mapped"": true, ""valid_support_pct"": 48.2, ""status"": ""low_valid_support"", ""supported"": false, ""support_reasons"": [""insufficient_valid_pixels""]}, {""window_id"": 4, ""grid_rc"": ""1,0"", ""mapped"": true, ""valid_support_pct"": 26.4, ""status"": ""low_valid_support"", ""supported"": false, ""support_reasons"": [""insufficient_valid_pixels""]}, {""window_id"": 5, ""grid_rc"": ""1,1"", ""mapped"": true, ""valid_support_pct"": 70.2, ""ref_global_rect"": [584, 2787, 798, 2863], ""intensity_ncc"": -0.0415, ""gradient_ncc"": -0.0337, ""phase_response"": 0.0557, ""phase_shift_px"": [-13.66, 12.79], ""fast_src_kps"": 603, ""fast_ref_kps"": 466, ""fast_candidates"": 0, ""fast_status"": ""no_lowes_filtered_matches"", ""supported"": true, ""support_reasons"": [""phase_resp=0.056\u22650.05""], ""status"": ""evaluated""}, {""window_id"": 6, ""grid_rc"": ""1,2"", ""mapped"": true, ""valid_support_pct"": 86.8, ""ref_global_rect"": [918, 2787, 1131, 2863], ""intensity_ncc"": -0.2395, ""gradient_ncc"": -0.0808, ""phase_response"": 0.055, ""phase_shift_px"": [-14.97, 31.93], ""fast_src_kps"": 857, ""fast_ref_kps"": 430, ""fast_candidates"": 0, ""fast_status"": ""no_lowes_filtered_matches"", ""supported"": true, ""support_reasons"": [""phase_resp=0.055\u22650.05""], ""status"": ""evaluated""}, {""window_id"": 7, ""grid_rc"": ""2,0"", ""mapped"": true, ""valid_support_pct"": 0.0, ""status"": ""low_valid_support"", ""supported"": false, ""support_reasons"": [""insufficient_valid_pixels""]}, {""window_id"": 8, ""grid_rc"": ""2,1"", ""mapped"": true, ""valid_support_pct"": 23.8, ""status"": ""low_valid_support"", ""supported"": false, ""support_reasons"": [""insufficient_valid_pixels""]}, {""window_id"": 9, ""grid_rc"": ""2,2"", ""mapped"": true, ""valid_support_pct"": 73.3, ""ref_global_rect"": [918, 3787, 1131, 3863], ""intensity_ncc"": 0.1427, ""gradient_ncc"": 0.0345, ""phase_response"": 0.023, ""phase_shift_px"": [-8.24, 24.27], ""fast_src_kps"": 800, ""fast_ref_kps"": 425, ""fast_candidates"": 0, ""fast_status"": ""no_lowes_filtered_matches"", ""supported"": true, ""support_reasons"": [""intensity_ncc=0.143\u22650.08""], ""status"": ""evaluated""}]"
OHRC_PAIR_03__dx-3000m_dy+0m,OHRC_PAIR_03,-3000,0,-600,0,SCREEN_FAIL,3,3,3,1,2,0,False,True,True,True,False,True,191,1125,1191,4125,19.66,274.78,1677.59,1699.94,"[{""window_id"": 1, ""grid_rc"": ""0,0"", ""mapped"": true, ""valid_support_pct"": 0.0, ""status"": ""low_valid_support"", ""supported"": false, ""support_reasons"": [""insufficient_valid_pixels""]}, {""window_id"": 2, ""grid_rc"": ""0,1"", ""mapped"": true, ""valid_support_pct"": 21.6, ""status"": ""low_valid_support"", ""supported"": false, ""support_reasons"": [""insufficient_valid_pixels""]}, {""window_id"": 3, ""grid_rc"": ""0,2"", ""mapped"": true, ""valid_support_pct"": 48.2, ""status"": ""low_valid_support"", ""supported"": false, ""support_reasons"": [""insufficient_valid_pixels""]}, {""window_id"": 4, ""grid_rc"": ""1,0"", ""mapped"": true, ""valid_support_pct"": 26.4, ""status"": ""low_valid_support"", ""supported"": false, ""support_reasons"": [""insufficient_valid_pixels""]}, {""window_id"": 5, ""grid_rc"": ""1,1"", ""mapped"": true, ""valid_support_pct"": 70.2, ""ref_global_rect"": [584, 2587, 798, 2663], ""intensity_ncc"": 0.1043, ""gradient_ncc"": 0.116, ""phase_response"": 0.102, ""phase_shift_px"": [-8.34, 14.41], ""fast_src_kps"": 603, ""fast_ref_kps"": 378, ""fast_candidates"": 1, ""fast_status"": ""ok"", ""supported"": true, ""support_reasons"": [""intensity_ncc=0.104\u22650.08"", ""gradient_ncc=0.116\u22650.06"", ""phase_resp=0.102\u22650.05""], ""status"": ""evaluated""}, {""window_id"": 6, ""grid_rc"": ""1,2"", ""mapped"": true, ""valid_support_pct"": 86.8, ""ref_global_rect"": [918, 2587, 1131, 2663], ""intensity_ncc"": 0.0804, ""gradient_ncc"": -0.0735, ""phase_response"": -0.0175, ""phase_shift_px"": [-6.03, 11.21], ""fast_src_kps"": 857, ""fast_ref_kps"": 228, ""fast_candidates"": 1, ""fast_status"": ""ok"", ""supported"": true, ""support_reasons"": [""intensity_ncc=0.080\u22650.08""], ""status"": ""evaluated""}, {""window_id"": 7, ""grid_rc"": ""2,0"", ""mapped"": true, ""valid_support_pct"": 0.0, ""status"": ""low_valid_support"", ""supported"": false, ""support_reasons"": [""insufficient_valid_pixels""]}, {""window_id"": 8, ""grid_rc"": ""2,1"", ""mapped"": true, ""valid_support_pct"": 23.8, ""status"": ""low_valid_support"", ""supported"": false, ""support_reasons"": [""insufficient_valid_pixels""]}, {""window_id"": 9, ""grid_rc"": ""2,2"", ""mapped"": true, ""valid_support_pct"": 73.3, ""ref_global_rect"": [918, 3587, 1131, 3663], ""intensity_ncc"": 0.0865, ""gradient_ncc"": 0.0359, ""phase_response"": 0.055, ""phase_shift_px"": [9.89, -25.47], ""fast_src_kps"": 800, ""fast_ref_kps"": 347, ""fast_candidates"": 0, ""fast_status"": ""no_lowes_filtered_matches"", ""supported"": true, ""support_reasons"": [""intensity_ncc=0.086\u22650.08"", ""phase_resp=0.055\u22650.05""], ""status"": ""evaluated""}]"
OHRC_PAIR_03__dx-3000m_dy+1000m,OHRC_PAIR_03,-3000,1000,-600,-200,SCREEN_FAIL,2,2,0,0,2,0,False,False,False,True,False,True,191,925,1191,3925,19.66,274.78,1677.59,1699.94,"[{""window_id"": 1, ""grid_rc"": ""0,0"", ""mapped"": true, ""valid_support_pct"": 0.0, ""status"": ""low_valid_support"", ""supported"": false, ""support_reasons"": [""insufficient_valid_pixels""]}, {""window_id"": 2, ""grid_rc"": ""0,1"", ""mapped"": true, ""valid_support_pct"": 21.6, ""status"": ""low_valid_support"", ""supported"": false, ""support_reasons"": [""insufficient_valid_pixels""]}, {""window_id"": 3, ""grid_rc"": ""0,2"", ""mapped"": true, ""valid_support_pct"": 48.2, ""status"": ""low_valid_support"", ""supported"": false, ""support_reasons"": [""insufficient_valid_pixels""]}, {""window_id"": 4, ""grid_rc"": ""1,0"", ""mapped"": true, ""valid_support_pct"": 26.4, ""status"": ""low_valid_support"", ""supported"": false, ""support_reasons"": [""insufficient_valid_pixels""]}, {""window_id"": 5, ""grid_rc"": ""1,1"", ""mapped"": true, ""valid_support_pct"": 70.2, ""ref_global_rect"": [584, 2387, 798, 2463], ""intensity_ncc"": -0.0046, ""gradient_ncc"": -0.0349, ""phase_response"": 0.0139, ""phase_shift_px"": [22.29, 23.06], ""fast_src_kps"": 603, ""fast_ref_kps"": 494, ""fast_candidates"": 1, ""fast_status"": ""ok"", ""supported"": false, ""support_reasons"": [], ""status"": ""evaluated""}, {""window_id"": 6, ""grid_rc"": ""1,2"", ""mapped"": true, ""valid_support_pct"": 86.8, ""ref_global_rect"": [918, 2387, 1131, 2463], ""intensity_ncc"": -0.1599, ""gradient_ncc"": -0.0718, ""phase_response"": 0.0903, ""phase_shift_px"": [-20.67, 5.67], ""fast_src_kps"": 857, ""fast_ref_kps"": 344, ""fast_candidates"": 2, ""fast_status"": ""ok"", ""supported"": true, ""support_reasons"": [""phase_resp=0.090\u22650.05""], ""status"": ""evaluated""}, {""window_id"": 7, ""grid_rc"": ""2,0"", ""mapped"": true, ""valid_support_pct"": 0.0, ""status"": ""low_valid_support"", ""supported"": false, ""support_reasons"": [""insufficient_valid_pixels""]}, {""window_id"": 8, ""grid_rc"": ""2,1"", ""mapped"": true, ""valid_support_pct"": 23.8, ""status"": ""low_valid_support"", ""supported"": false, ""support_reasons"": [""insufficient_valid_pixels""]}, {""window_id"": 9, ""grid_rc"": ""2,2"", ""mapped"": true, ""valid_support_pct"": 73.3, ""ref_global_rect"": [918, 3387, 1131, 3463], ""intensity_ncc"": 0.0017, ""gradient_ncc"": 0.0044, ""phase_response"": 0.0506, ""phase_shift_px"": [10.19, 11.72], ""fast_src_kps"": 800, ""fast_ref_kps"": 408, ""fast_candidates"": 0, ""fast_status"": ""no_lowes_filtered_matches"", ""supported"": true, ""support_reasons"": [""phase_resp=0.051\u22650.05""], ""status"": ""evaluated""}]"
OHRC_PAIR_03__dx-3000m_dy+2000m,OHRC_PAIR_03,-3000,2000,-600,-400,SCREEN_PASS,3,3,1,0,2,1,False,True,True,True,True,True,191,725,1191,3725,19.66,274.78,1677.59,1699.94,"[{""window_id"": 1, ""grid_rc"": ""0,0"", ""mapped"": true, ""valid_support_pct"": 0.0, ""status"": ""low_valid_support"", ""supported"": false, ""support_reasons"": [""insufficient_valid_pixels""]}, {""window_id"": 2, ""grid_rc"": ""0,1"", ""mapped"": true, ""valid_support_pct"": 21.6, ""status"": ""low_valid_support"", ""supported"": false, ""support_reasons"": [""insufficient_valid_pixels""]}, {""window_id"": 3, ""grid_rc"": ""0,2"", ""mapped"": true, ""valid_support_pct"": 48.2, ""status"": ""low_valid_support"", ""supported"": false, ""support_reasons"": [""insufficient_valid_pixels""]}, {""window_id"": 4, ""grid_rc"": ""1,0"", ""mapped"": true, ""valid_support_pct"": 26.4, ""status"": ""low_valid_support"", ""supported"": false, ""support_reasons"": [""insufficient_valid_pixels""]}, {""window_id"": 5, ""grid_rc"": ""1,1"", ""mapped"": true, ""valid_support_pct"": 70.2, ""ref_global_rect"": [584, 2187, 798, 2263], ""intensity_ncc"": 0.1585, ""gradient_ncc"": -0.0093, ""phase_response"": 0.0207, ""phase_shift_px"": [-0.4, -10.52], ""fast_src_kps"": 603, ""fast_ref_kps"": 253, ""fast_candidates"": 1, ""fast_status"": ""ok"", ""supported"": true, ""support_reasons"": [""intensity_ncc=0.159\u22650.08""], ""status"": ""evaluated""}, {""window_id"": 6, ""grid_rc"": ""1,2"", ""mapped"": true, ""valid_support_pct"": 86.8, ""ref_global_rect"": [918, 2187, 1131, 2263], ""intensity_ncc"": -0.0582, ""gradient_ncc"": -0.0779, ""phase_response"": 0.0503, ""phase_shift_px"": [2.05, 6.37], ""fast_src_kps"": 857, ""fast_ref_kps"": 204, ""fast_candidates"": 3, ""fast_status"": ""ok"", ""supported"": true, ""support_reasons"": [""phase_resp=0.050\u22650.05"", ""fast_candidates=3\u22653""], ""status"": ""evaluated""}, {""window_id"": 7, ""grid_rc"": ""2,0"", ""mapped"": true, ""valid_support_pct"": 0.0, ""status"": ""low_valid_support"", ""supported"": false, ""support_reasons"": [""insufficient_valid_pixels""]}, {""window_id"": 8, ""grid_rc"": ""2,1"", ""mapped"": true, ""valid_support_pct"": 23.8, ""status"": ""low_valid_support"", ""supported"": false, ""support_reasons"": [""insufficient_valid_pixels""]}, {""window_id"": 9, ""grid_rc"": ""2,2"", ""mapped"": true, ""valid_support_pct"": 73.3, ""ref_global_rect"": [918, 3187, 1131, 3263], ""intensity_ncc"": -0.065, ""gradient_ncc"": -0.0168, ""phase_response"": 0.0993, ""phase_shift_px"": [-7.35, -1.57], ""fast_src_kps"": 800, ""fast_ref_kps"": 567, ""fast_candidates"": 0, ""fast_status"": ""no_lowes_filtered_matches"", ""supported"": true, ""support_reasons"": [""phase_resp=0.099\u22650.05""], ""status"": ""evaluated""}]"
OHRC_PAIR_03__dx-3000m_dy+3000m,OHRC_PAIR_03,-3000,3000,-600,-600,SCREEN_FAIL,1,1,0,0,1,0,False,False,False,True,False,True,191,525,1191,3525,19.66,274.78,1677.59,1699.94,"[{""window_id"": 1, ""grid_rc"": ""0,0"", ""mapped"": true, ""valid_support_pct"": 0.0, ""status"": ""low_valid_support"", ""supported"": false, ""support_reasons"": [""insufficient_valid_pixels""]}, {""window_id"": 2, ""grid_rc"": ""0,1"", ""mapped"": true, ""valid_support_pct"": 21.6, ""status"": ""low_valid_support"", ""supported"": false, ""support_reasons"": [""insufficient_valid_pixels""]}, {""window_id"": 3, ""grid_rc"": ""0,2"", ""mapped"": true, ""valid_support_pct"": 48.2, ""status"": ""low_valid_support"", ""supported"": false, ""support_reasons"": [""insufficient_valid_pixels""]}, {""window_id"": 4, ""grid_rc"": ""1,0"", ""mapped"": true, ""valid_support_pct"": 26.4, ""status"": ""low_valid_support"", ""supported"": false, ""support_reasons"": [""insufficient_valid_pixels""]}, {""window_id"": 5, ""grid_rc"": ""1,1"", ""mapped"": true, ""valid_support_pct"": 70.2, ""ref_global_rect"": [584, 1987, 798, 2063], ""intensity_ncc"": -0.2554, ""gradient_ncc"": -0.076, ""phase_response"": 0.0294, ""phase_shift_px"": [-19.43, 3.85], ""fast_src_kps"": 603, ""fast_ref_kps"": 540, ""fast_candidates"": 0, ""fast_status"": ""no_lowes_filtered_matches"", ""supported"": false, ""support_reasons"": [], ""status"": ""evaluated""}, {""window_id"": 6, ""grid_rc"": ""1,2"", ""mapped"": true, ""valid_support_pct"": 86.8, ""ref_global_rect"": [918, 1987, 1131, 2063], ""intensity_ncc"": -0.168, ""gradient_ncc"": -0.0745, ""phase_response"": 0.0866, ""phase_shift_px"": [32.24, 0.04], ""fast_src_kps"": 857, ""fast_ref_kps"": 286, ""fast_candidates"": 0, ""fast_status"": ""no_lowes_filtered_matches"", ""supported"": true, ""support_reasons"": [""phase_resp=0.087\u22650.05""], ""status"": ""evaluated""}, {""window_id"": 7, ""grid_rc"": ""2,0"", ""mapped"": true, ""valid_support_pct"": 0.0, ""status"": ""low_valid_support"", ""supported"": false, ""support_reasons"": [""insufficient_valid_pixels""]}, {""window_id"": 8, ""grid_rc"": ""2,1"", ""mapped"": true, ""valid_support_pct"": 23.8, ""status"": ""low_valid_support"", ""supported"": false, ""support_reasons"": [""insufficient_valid_pixels""]}, {""window_id"": 9, ""grid_rc"": ""2,2"", ""mapped"": true, ""valid_support_pct"": 73.3, ""ref_global_rect"": [918, 2987, 1131, 3063], ""intensity_ncc"": 0.0158, ""gradient_ncc"": 0.0222, ""phase_response"": -0.015, ""phase_shift_px"": [1.88, 22.79], ""fast_src_kps"": 800, ""fast_ref_kps"": 421, ""fast_candidates"": 0, ""fast_status"": ""no_lowes_filtered_matches"", ""supported"": false, ""support_reasons"": [], ""status"": ""evaluated""}]"
OHRC_PAIR_03__dx-2000m_dy-3000m,OHRC_PAIR_03,-2000,-3000,-400,600,SCREEN_FAIL,2,2,1,0,2,0,False,False,False,True,False,True,391,1725,1391,4725,19.66,274.78,1677.59,1699.94,"[{""window_id"": 1, ""grid_rc"": ""0,0"", ""mapped"": true, ""valid_support_pct"": 0.0, ""status"": ""low_valid_support"", ""supported"": false, ""support_reasons"": [""insufficient_valid_pixels""]}, {""window_id"": 2, ""grid_rc"": ""0,1"", ""mapped"": true, ""valid_support_pct"": 21.6, ""status"": ""low_valid_support"", ""supported"": false, ""support_reasons"": [""insufficient_valid_pixels""]}, {""window_id"": 3, ""grid_rc"": ""0,2"", ""mapped"": true, ""valid_support_pct"": 48.2, ""status"": ""low_valid_support"", ""supported"": false, ""support_reasons"": [""insufficient_valid_pixels""]}, {""window_id"": 4, ""grid_rc"": ""1,0"", ""mapped"": true, ""valid_support_pct"": 26.4, ""status"": ""low_valid_support"", ""supported"": false, ""support_reasons"": [""insufficient_valid_pixels""]}, {""window_id"": 5, ""grid_rc"": ""1,1"", ""mapped"": true, ""valid_support_pct"": 70.2, ""ref_global_rect"": [784, 3187, 998, 3263], ""intensity_ncc"": -0.162, ""gradient_ncc"": -0.0239, ""phase_response"": 0.0686, ""phase_shift_px"": [-16.64, -8.52], ""fast_src_kps"": 603, ""fast_ref_kps"": 599, ""fast_candidates"": 1, ""fast_status"": ""ok"", ""supported"": true, ""support_reasons"": [""phase_resp=0.069\u22650.05""], ""status"": ""evaluated""}, {""window_id"": 6, ""grid_rc"": ""1,2"", ""mapped"": true, ""valid_support_pct"": 86.8, ""ref_global_rect"": [1118, 3187, 1331, 3263], ""intensity_ncc"": 0.1366, ""gradient_ncc"": 0.0517, ""phase_response"": 0.0509, ""phase_shift_px"": [4.28, 5.66], ""fast_src_kps"": 857, ""fast_ref_kps"": 441, ""fast_candidates"": 0, ""fast_status"": ""no_lowes_filtered_matches"", ""supported"": true, ""support_reasons"": [""intensity_ncc=0.137\u22650.08"", ""phase_resp=0.051\u22650.05""], ""status"": ""evaluated""}, {""window_id"": 7, ""grid_rc"": ""2,0"", ""mapped"": true, ""valid_support_pct"": 0.0, ""status"": ""low_valid_support"", ""supported"": false, ""support_reasons"": [""insufficient_valid_pixels""]}, {""window_id"": 8, ""grid_rc"": ""2,1"", ""mapped"": true, ""valid_support_pct"": 23.8, ""status"": ""low_valid_support"", ""supported"": false, ""support_reasons"": [""insufficient_valid_pixels""]}, {""window_id"": 9, ""grid_rc"": ""2,2"", ""mapped"": true, ""valid_support_pct"": 73.3, ""ref_global_rect"": [1118, 4187, 1331, 4263], ""intensity_ncc"": -0.0296, ""gradient_ncc"": 0.0103, ""phase_response"": 0.0287, ""phase_shift_px"": [35.0, 22.06], ""fast_src_kps"": 800, ""fast_ref_kps"": 591, ""fast_candidates"": 0, ""fast_status"": ""no_lowes_filtered_matches"", ""supported"": false, ""support_reasons"": [], ""status"": ""evaluated""}]"
OHRC_PAIR_03__dx-2000m_dy-2000m,OHRC_PAIR_03,-2000,-2000,-400,400,SCREEN_FAIL,1,1,0,0,1,0,False,False,False,True,False,True,391,1525,1391,4525,19.66,274.78,1677.59,1699.94,"[{""window_id"": 1, ""grid_rc"": ""0,0"", ""mapped"": true, ""valid_support_pct"": 0.0, ""status"": ""low_valid_support"", ""supported"": false, ""support_reasons"": [""insufficient_valid_pixels""]}, {""window_id"": 2, ""grid_rc"": ""0,1"", ""mapped"": true, ""valid_support_pct"": 21.6, ""status"": ""low_valid_support"", ""supported"": false, ""support_reasons"": [""insufficient_valid_pixels""]}, {""window_id"": 3, ""grid_rc"": ""0,2"", ""mapped"": true, ""valid_support_pct"": 48.2, ""status"": ""low_valid_support"", ""supported"": false, ""support_reasons"": [""insufficient_valid_pixels""]}, {""window_id"": 4, ""grid_rc"": ""1,0"", ""mapped"": true, ""valid_support_pct"": 26.4, ""status"": ""low_valid_support"", ""supported"": false, ""support_reasons"": [""insufficient_valid_pixels""]}, {""window_id"": 5, ""grid_rc"": ""1,1"", ""mapped"": true, ""valid_support_pct"": 70.2, ""ref_global_rect"": [784, 2987, 998, 3063], ""intensity_ncc"": -0.0178, ""gradient_ncc"": 0.0166, ""phase_response"": 0.1052, ""phase_shift_px"": [-18.87, -0.79], ""fast_src_kps"": 603, ""fast_ref_kps"": 375, ""fast_candidates"": 1, ""fast_status"": ""ok"", ""supported"": true, ""support_reasons"": [""phase_resp=0.105\u22650.05""], ""status"": ""evaluated""}, {""window_id"": 6, ""grid_rc"": ""1,2"", ""mapped"": true, ""valid_support_pct"": 86.8, ""ref_global_rect"": [1118, 2987, 1331, 3063], ""intensity_ncc"": 0.0024, ""gradient_ncc"": 0.036, ""phase_response"": 0.0288, ""phase_shift_px"": [0.11, -8.37], ""fast_src_kps"": 857, ""fast_ref_kps"": 427, ""fast_candidates"": 0, ""fast_status"": ""no_lowes_filtered_matches"", ""supported"": false, ""support_reasons"": [], ""status"": ""evaluated""}, {""window_id"": 7, ""grid_rc"": ""2,0"", ""mapped"": true, ""valid_support_pct"": 0.0, ""status"": ""low_valid_support"", ""supported"": false, ""support_reasons"": [""insufficient_valid_pixels""]}, {""window_id"": 8, ""grid_rc"": ""2,1"", ""mapped"": true, ""valid_support_pct"": 23.8, ""status"": ""low_valid_support"", ""supported"": false, ""support_reasons"": [""insufficient_valid_pixels""]}, {""window_id"": 9, ""grid_rc"": ""2,2"", ""mapped"": true, ""valid_support_pct"": 73.3, ""ref_global_rect"": [1118, 3987, 1331, 4063], ""intensity_ncc"": 0.0083, ""gradient_ncc"": 0.0113, ""phase_response"": -0.0156, ""phase_shift_px"": [-10.47, 20.35], ""fast_src_kps"": 800, ""fast_ref_kps"": 458, ""fast_candidates"": 0, ""fast_status"": ""no_lowes_filtered_matches"", ""supported"": false, ""support_reasons"": [], ""status"": ""evaluated""}]"
OHRC_PAIR_03__dx-2000m_dy-1000m,OHRC_PAIR_03,-2000,-1000,-400,200,SCREEN_FAIL,1,1,0,0,1,0,False,False,False,True,False,True,391,1325,1391,4325,19.66,274.78,1677.59,1699.94,"[{""window_id"": 1, ""grid_rc"": ""0,0"", ""mapped"": true, ""valid_support_pct"": 0.0, ""status"": ""low_valid_support"", ""supported"": false, ""support_reasons"": [""insufficient_valid_pixels""]}, {""window_id"": 2, ""grid_rc"": ""0,1"", ""mapped"": true, ""valid_support_pct"": 21.6, ""status"": ""low_valid_support"", ""supported"": false, ""support_reasons"": [""insufficient_valid_pixels""]}, {""window_id"": 3, ""grid_rc"": ""0,2"", ""mapped"": true, ""valid_support_pct"": 48.2, ""status"": ""low_valid_support"", ""supported"": false, ""support_reasons"": [""insufficient_valid_pixels""]}, {""window_id"": 4, ""grid_rc"": ""1,0"", ""mapped"": true, ""valid_support_pct"": 26.4, ""status"": ""low_valid_support"", ""supported"": false, ""support_reasons"": [""insufficient_valid_pixels""]}, {""window_id"": 5, ""grid_rc"": ""1,1"", ""mapped"": true, ""valid_support_pct"": 70.2, ""ref_global_rect"": [784, 2787, 998, 2863], ""intensity_ncc"": -0.2332, ""gradient_ncc"": -0.0477, ""phase_response"": -0.0746, ""phase_shift_px"": [-3.09, 47.88], ""fast_src_kps"": 603, ""fast_ref_kps"": 445, ""fast_candidates"": 0, ""fast_status"": ""no_lowes_filtered_matches"", ""supported"": false, ""support_reasons"": [], ""status"": ""evaluated""}, {""window_id"": 6, ""grid_rc"": ""1,2"", ""mapped"": true, ""valid_support_pct"": 86.8, ""ref_global_rect"": [1118, 2787, 1331, 2863], ""intensity_ncc"": 0.0514, ""gradient_ncc"": -0.0037, ""phase_response"": 0.0814, ""phase_shift_px"": [-24.13, 1.47], ""fast_src_kps"": 857, ""fast_ref_kps"": 447, ""fast_candidates"": 0, ""fast_status"": ""no_lowes_filtered_matches"", ""supported"": true, ""support_reasons"": [""phase_resp=0.081\u22650.05""], ""status"": ""evaluated""}, {""window_id"": 7, ""grid_rc"": ""2,0"", ""mapped"": true, ""valid_support_pct"": 0.0, ""status"": ""low_valid_support"", ""supported"": false, ""support_reasons"": [""insufficient_valid_pixels""]}, {""window_id"": 8, ""grid_rc"": ""2,1"", ""mapped"": true, ""valid_support_pct"": 23.8, ""status"": ""low_valid_support"", ""supported"": false, ""support_reasons"": [""insufficient_valid_pixels""]}, {""window_id"": 9, ""grid_rc"": ""2,2"", ""mapped"": true, ""valid_support_pct"": 73.3, ""ref_global_rect"": [1118, 3787, 1331, 3863], ""intensity_ncc"": 0.0321, ""gradient_ncc"": 0.0132, ""phase_response"": 0.0014, ""phase_shift_px"": [54.67, 7.21], ""fast_src_kps"": 800, ""fast_ref_kps"": 336, ""fast_candidates"": 0, ""fast_status"": ""no_lowes_filtered_matches"", ""supported"": false, ""support_reasons"": [], ""status"": ""evaluated""}]"
OHRC_PAIR_03__dx-2000m_dy+0m,OHRC_PAIR_03,-2000,0,-400,0,SCREEN_FAIL,3,3,1,0,3,0,False,True,True,True,False,True,391,1125,1391,4125,19.66,274.78,1677.59,1699.94,"[{""window_id"": 1, ""grid_rc"": ""0,0"", ""mapped"": true, ""valid_support_pct"": 0.0, ""status"": ""low_valid_support"", ""supported"": false, ""support_reasons"": [""insufficient_valid_pixels""]}, {""window_id"": 2, ""grid_rc"": ""0,1"", ""mapped"": true, ""valid_support_pct"": 21.6, ""status"": ""low_valid_support"", ""supported"": false, ""support_reasons"": [""insufficient_valid_pixels""]}, {""window_id"": 3, ""grid_rc"": ""0,2"", ""mapped"": true, ""valid_support_pct"": 48.2, ""status"": ""low_valid_support"", ""supported"": false, ""support_reasons"": [""insufficient_valid_pixels""]}, {""window_id"": 4, ""grid_rc"": ""1,0"", ""mapped"": true, ""valid_support_pct"": 26.4, ""status"": ""low_valid_support"", ""supported"": false, ""support_reasons"": [""insufficient_valid_pixels""]}, {""window_id"": 5, ""grid_rc"": ""1,1"", ""mapped"": true, ""valid_support_pct"": 70.2, ""ref_global_rect"": [784, 2587, 998, 2663], ""intensity_ncc"": 0.129, ""gradient_ncc"": -0.0588, ""phase_response"": 0.0571, ""phase_shift_px"": [15.89, 31.92], ""fast_src_kps"": 603, ""fast_ref_kps"": 386, ""fast_candidates"": 0, ""fast_status"": ""no_lowes_filtered_matches"", ""supported"": true, ""support_reasons"": [""intensity_ncc=0.129\u22650.08"", ""phase_resp=0.057\u22650.05""], ""status"": ""evaluated""}, {""window_id"": 6, ""grid_rc"": ""1,2"", ""mapped"": true, ""valid_support_pct"": 86.8, ""ref_global_rect"": [1118, 2587, 1331, 2663], ""intensity_ncc"": -0.0056, ""gradient_ncc"": 0.0126, ""phase_response"": 0.0641, ""phase_shift_px"": [-12.42, 32.56], ""fast_src_kps"": 857, ""fast_ref_kps"": 336, ""fast_candidates"": 0, ""fast_status"": ""no_lowes_filtered_matches"", ""supported"": true, ""support_reasons"": [""phase_resp=0.064\u22650.05""], ""status"": ""evaluated""}, {""window_id"": 7, ""grid_rc"": ""2,0"", ""mapped"": true, ""valid_support_pct"": 0.0, ""status"": ""low_valid_support"", ""supported"": false, ""support_reasons"": [""insufficient_valid_pixels""]}, {""window_id"": 8, ""grid_rc"": ""2,1"", ""mapped"": true, ""valid_support_pct"": 23.8, ""status"": ""low_valid_support"", ""supported"": false, ""support_reasons"": [""insufficient_valid_pixels""]}, {""window_id"": 9, ""grid_rc"": ""2,2"", ""mapped"": true, ""valid_support_pct"": 73.3, ""ref_global_rect"": [1118, 3587, 1331, 3663], ""intensity_ncc"": 0.0075, ""gradient_ncc"": 0.0113, ""phase_response"": 0.068, ""phase_shift_px"": [-3.94, -12.86], ""fast_src_kps"": 800, ""fast_ref_kps"": 337, ""fast_candidates"": 0, ""fast_status"": ""no_lowes_filtered_matches"", ""supported"": true, ""support_reasons"": [""phase_resp=0.068\u22650.05""], ""status"": ""evaluated""}]"
OHRC_PAIR_03__dx-2000m_dy+1000m,OHRC_PAIR_03,-2000,1000,-400,-200,SCREEN_FAIL,3,3,2,1,1,0,False,True,True,True,False,True,391,925,1391,3925,19.66,274.78,1677.59,1699.94,"[{""window_id"": 1, ""grid_rc"": ""0,0"", ""mapped"": true, ""valid_support_pct"": 0.0, ""status"": ""low_valid_support"", ""supported"": false, ""support_reasons"": [""insufficient_valid_pixels""]}, {""window_id"": 2, ""grid_rc"": ""0,1"", ""mapped"": true, ""valid_support_pct"": 21.6, ""status"": ""low_valid_support"", ""supported"": false, ""support_reasons"": [""insufficient_valid_pixels""]}, {""window_id"": 3, ""grid_rc"": ""0,2"", ""mapped"": true, ""valid_support_pct"": 48.2, ""status"": ""low_valid_support"", ""supported"": false, ""support_reasons"": [""insufficient_valid_pixels""]}, {""window_id"": 4, ""grid_rc"": ""1,0"", ""mapped"": true, ""valid_support_pct"": 26.4, ""status"": ""low_valid_support"", ""supported"": false, ""support_reasons"": [""insufficient_valid_pixels""]}, {""window_id"": 5, ""grid_rc"": ""1,1"", ""mapped"": true, ""valid_support_pct"": 70.2, ""ref_global_rect"": [784, 2387, 998, 2463], ""intensity_ncc"": -0.2044, ""gradient_ncc"": -0.0741, ""phase_response"": 0.0721, ""phase_shift_px"": [-2.8, 8.53], ""fast_src_kps"": 603, ""fast_ref_kps"": 472, ""fast_candidates"": 1, ""fast_status"": ""ok"", ""supported"": true, ""support_reasons"": [""phase_resp=0.072\u22650.05""], ""status"": ""evaluated""}, {""window_id"": 6, ""grid_rc"": ""1,2"", ""mapped"": true, ""valid_support_pct"": 86.8, ""ref_global_rect"": [1118, 2387, 1331, 2463], ""intensity_ncc"": 0.091, ""gradient_ncc"": 0.1165, ""phase_response"": 0.0137, ""phase_shift_px"": [31.35, -10.61], ""fast_src_kps"": 857, ""fast_ref_kps"": 309, ""fast_candidates"": 1, ""fast_status"": ""ok"", ""supported"": true, ""support_reasons"": [""intensity_ncc=0.091\u22650.08"", ""gradient_ncc=0.117\u22650.06""], ""status"": ""evaluated""}, {""window_id"": 7, ""grid_rc"": ""2,0"", ""mapped"": true, ""valid_support_pct"": 0.0, ""status"": ""low_valid_support"", ""supported"": false, ""support_reasons"": [""insufficient_valid_pixels""]}, {""window_id"": 8, ""grid_rc"": ""2,1"", ""mapped"": true, ""valid_support_pct"": 23.8, ""status"": ""low_valid_support"", ""supported"": false, ""support_reasons"": [""insufficient_valid_pixels""]}, {""window_id"": 9, ""grid_rc"": ""2,2"", ""mapped"": true, ""valid_support_pct"": 73.3, ""ref_global_rect"": [1118, 3387, 1331, 3463], ""intensity_ncc"": 0.0885, ""gradient_ncc"": 0.0212, ""phase_response"": 0.0164, ""phase_shift_px"": [29.42, -4.29], ""fast_src_kps"": 800, ""fast_ref_kps"": 484, ""fast_candidates"": 0, ""fast_status"": ""no_lowes_filtered_matches"", ""supported"": true, ""support_reasons"": [""intensity_ncc=0.088\u22650.08""], ""status"": ""evaluated""}]"
OHRC_PAIR_03__dx-2000m_dy+2000m,OHRC_PAIR_03,-2000,2000,-400,-400,SCREEN_FAIL,1,1,0,0,1,0,False,False,False,True,False,True,391,725,1391,3725,19.66,274.78,1677.59,1699.94,"[{""window_id"": 1, ""grid_rc"": ""0,0"", ""mapped"": true, ""valid_support_pct"": 0.0, ""status"": ""low_valid_support"", ""supported"": false, ""support_reasons"": [""insufficient_valid_pixels""]}, {""window_id"": 2, ""grid_rc"": ""0,1"", ""mapped"": true, ""valid_support_pct"": 21.6, ""status"": ""low_valid_support"", ""supported"": false, ""support_reasons"": [""insufficient_valid_pixels""]}, {""window_id"": 3, ""grid_rc"": ""0,2"", ""mapped"": true, ""valid_support_pct"": 48.2, ""status"": ""low_valid_support"", ""supported"": false, ""support_reasons"": [""insufficient_valid_pixels""]}, {""window_id"": 4, ""grid_rc"": ""1,0"", ""mapped"": true, ""valid_support_pct"": 26.4, ""status"": ""low_valid_support"", ""supported"": false, ""support_reasons"": [""insufficient_valid_pixels""]}, {""window_id"": 5, ""grid_rc"": ""1,1"", ""mapped"": true, ""valid_support_pct"": 70.2, ""ref_global_rect"": [784, 2187, 998, 2263], ""intensity_ncc"": 0.0459, ""gradient_ncc"": 0.0327, ""phase_response"": 0.0455, ""phase_shift_px"": [-0.66, 2.42], ""fast_src_kps"": 603, ""fast_ref_kps"": 322, ""fast_candidates"": 0, ""fast_status"": ""no_lowes_filtered_matches"", ""supported"": false, ""support_reasons"": [], ""status"": ""evaluated""}, {""window_id"": 6, ""grid_rc"": ""1,2"", ""mapped"": true, ""valid_support_pct"": 86.8, ""ref_global_rect"": [1118, 2187, 1331, 2263], ""intensity_ncc"": -0.07, ""gradient_ncc"": 0.0447, ""phase_response"": 0.1288, ""phase_shift_px"": [-2.47, -0.13], ""fast_src_kps"": 857, ""fast_ref_kps"": 370, ""fast_candidates"": 1, ""fast_status"": ""ok"", ""supported"": true, ""support_reasons"": [""phase_resp=0.129\u22650.05""], ""status"": ""evaluated""}, {""window_id"": 7, ""grid_rc"": ""2,0"", ""mapped"": true, ""valid_support_pct"": 0.0, ""status"": ""low_valid_support"", ""supported"": false, ""support_reasons"": [""insufficient_valid_pixels""]}, {""window_id"": 8, ""grid_rc"": ""2,1"", ""mapped"": true, ""valid_support_pct"": 23.8, ""status"": ""low_valid_support"", ""supported"": false, ""support_reasons"": [""insufficient_valid_pixels""]}, {""window_id"": 9, ""grid_rc"": ""2,2"", ""mapped"": true, ""valid_support_pct"": 73.3, ""ref_global_rect"": [1118, 3187, 1331, 3263], ""intensity_ncc"": 0.0295, ""gradient_ncc"": 0.0186, ""phase_response"": -0.0405, ""phase_shift_px"": [-12.72, -1.94], ""fast_src_kps"": 800, ""fast_ref_kps"": 441, ""fast_candidates"": 0, ""fast_status"": ""no_lowes_filtered_matches"", ""supported"": false, ""support_reasons"": [], ""status"": ""evaluated""}]"
OHRC_PAIR_03__dx-2000m_dy+3000m,OHRC_PAIR_03,-2000,3000,-400,-600,SCREEN_FAIL,1,1,0,0,1,0,False,False,False,True,False,True,391,525,1391,3525,19.66,274.78,1677.59,1699.94,"[{""window_id"": 1, ""grid_rc"": ""0,0"", ""mapped"": true, ""valid_support_pct"": 0.0, ""status"": ""low_valid_support"", ""supported"": false, ""support_reasons"": [""insufficient_valid_pixels""]}, {""window_id"": 2, ""grid_rc"": ""0,1"", ""mapped"": true, ""valid_support_pct"": 21.6, ""status"": ""low_valid_support"", ""supported"": false, ""support_reasons"": [""insufficient_valid_pixels""]}, {""window_id"": 3, ""grid_rc"": ""0,2"", ""mapped"": true, ""valid_support_pct"": 48.2, ""status"": ""low_valid_support"", ""supported"": false, ""support_reasons"": [""insufficient_valid_pixels""]}, {""window_id"": 4, ""grid_rc"": ""1,0"", ""mapped"": true, ""valid_support_pct"": 26.4, ""status"": ""low_valid_support"", ""supported"": false, ""support_reasons"": [""insufficient_valid_pixels""]}, {""window_id"": 5, ""grid_rc"": ""1,1"", ""mapped"": true, ""valid_support_pct"": 70.2, ""ref_global_rect"": [784, 1987, 998, 2063], ""intensity_ncc"": -0.2639, ""gradient_ncc"": -0.094, ""phase_response"": 0.0245, ""phase_shift_px"": [-3.56, 24.58], ""fast_src_kps"": 603, ""fast_ref_kps"": 238, ""fast_candidates"": 0, ""fast_status"": ""no_lowes_filtered_matches"", ""supported"": false, ""support_reasons"": [], ""status"": ""evaluated""}, {""window_id"": 6, ""grid_rc"": ""1,2"", ""mapped"": true, ""valid_support_pct"": 86.8, ""ref_global_rect"": [1118, 1987, 1331, 2063], ""intensity_ncc"": -0.1383, ""gradient_ncc"": -0.0606, ""phase_response"": 0.0836, ""phase_shift_px"": [-40.89, 6.83], ""fast_src_kps"": 857, ""fast_ref_kps"": 169, ""fast_candidates"": 1, ""fast_status"": ""ok"", ""supported"": true, ""support_reasons"": [""phase_resp=0.084\u22650.05""], ""status"": ""evaluated""}, {""window_id"": 7, ""grid_rc"": ""2,0"", ""mapped"": true, ""valid_support_pct"": 0.0, ""status"": ""low_valid_support"", ""supported"": false, ""support_reasons"": [""insufficient_valid_pixels""]}, {""window_id"": 8, ""grid_rc"": ""2,1"", ""mapped"": true, ""valid_support_pct"": 23.8, ""status"": ""low_valid_support"", ""supported"": false, ""support_reasons"": [""insufficient_valid_pixels""]}, {""window_id"": 9, ""grid_rc"": ""2,2"", ""mapped"": true, ""valid_support_pct"": 73.3, ""ref_global_rect"": [1118, 2987, 1331, 3063], ""intensity_ncc"": 0.0569, ""gradient_ncc"": 0.0206, ""phase_response"": 0.0002, ""phase_shift_px"": [-101.88, -268.97], ""fast_src_kps"": 800, ""fast_ref_kps"": 427, ""fast_candidates"": 0, ""fast_status"": ""no_lowes_filtered_matches"", ""supported"": false, ""support_reasons"": [], ""status"": ""evaluated""}]"
OHRC_PAIR_03__dx-1000m_dy-3000m,OHRC_PAIR_03,-1000,-3000,-200,600,SCREEN_FAIL,1,1,0,0,1,0,False,False,False,True,False,True,591,1725,1591,4725,19.66,274.78,1677.59,1699.94,"[{""window_id"": 1, ""grid_rc"": ""0,0"", ""mapped"": true, ""valid_support_pct"": 0.0, ""status"": ""low_valid_support"", ""supported"": false, ""support_reasons"": [""insufficient_valid_pixels""]}, {""window_id"": 2, ""grid_rc"": ""0,1"", ""mapped"": true, ""valid_support_pct"": 21.6, ""status"": ""low_valid_support"", ""supported"": false, ""support_reasons"": [""insufficient_valid_pixels""]}, {""window_id"": 3, ""grid_rc"": ""0,2"", ""mapped"": true, ""valid_support_pct"": 48.2, ""status"": ""low_valid_support"", ""supported"": false, ""support_reasons"": [""insufficient_valid_pixels""]}, {""window_id"": 4, ""grid_rc"": ""1,0"", ""mapped"": true, ""valid_support_pct"": 26.4, ""status"": ""low_valid_support"", ""supported"": false, ""support_reasons"": [""insufficient_valid_pixels""]}, {""window_id"": 5, ""grid_rc"": ""1,1"", ""mapped"": true, ""valid_support_pct"": 70.2, ""ref_global_rect"": [984, 3187, 1198, 3263], ""intensity_ncc"": -0.0108, ""gradient_ncc"": 0.0116, ""phase_response"": 0.1021, ""phase_shift_px"": [-12.89, 4.78], ""fast_src_kps"": 603, ""fast_ref_kps"": 535, ""fast_candidates"": 1, ""fast_status"": ""ok"", ""supported"": true, ""support_reasons"": [""phase_resp=0.102\u22650.05""], ""status"": ""evaluated""}, {""window_id"": 6, ""grid_rc"": ""1,2"", ""mapped"": true, ""valid_support_pct"": 86.8, ""ref_global_rect"": [1318, 3187, 1531, 3263], ""intensity_ncc"": -0.1283, ""gradient_ncc"": 0.0061, ""phase_response"": -0.0016, ""phase_shift_px"": [-26.14, -37.97], ""fast_src_kps"": 857, ""fast_ref_kps"": 410, ""fast_candidates"": 2, ""fast_status"": ""ok"", ""supported"": false, ""support_reasons"": [], ""status"": ""evaluated""}, {""window_id"": 7, ""grid_rc"": ""2,0"", ""mapped"": true, ""valid_support_pct"": 0.0, ""status"": ""low_valid_support"", ""supported"": false, ""support_reasons"": [""insufficient_valid_pixels""]}, {""window_id"": 8, ""grid_rc"": ""2,1"", ""mapped"": true, ""valid_support_pct"": 23.8, ""status"": ""low_valid_support"", ""supported"": false, ""support_reasons"": [""insufficient_valid_pixels""]}, {""window_id"": 9, ""grid_rc"": ""2,2"", ""mapped"": true, ""valid_support_pct"": 73.3, ""ref_global_rect"": [1318, 4187, 1531, 4263], ""intensity_ncc"": 0.0757, ""gradient_ncc"": 0.0501, ""phase_response"": -0.0007, ""phase_shift_px"": [24.77, -50.72], ""fast_src_kps"": 800, ""fast_ref_kps"": 438, ""fast_candidates"": 0, ""fast_status"": ""no_lowes_filtered_matches"", ""supported"": false, ""support_reasons"": [], ""status"": ""evaluated""}]"
OHRC_PAIR_03__dx-1000m_dy-2000m,OHRC_PAIR_03,-1000,-2000,-200,400,SCREEN_FAIL,3,3,0,0,3,0,False,True,True,True,False,True,591,1525,1591,4525,19.66,274.78,1677.59,1699.94,"[{""window_id"": 1, ""grid_rc"": ""0,0"", ""mapped"": true, ""valid_support_pct"": 0.0, ""status"": ""low_valid_support"", ""supported"": false, ""support_reasons"": [""insufficient_valid_pixels""]}, {""window_id"": 2, ""grid_rc"": ""0,1"", ""mapped"": true, ""valid_support_pct"": 21.6, ""status"": ""low_valid_support"", ""supported"": false, ""support_reasons"": [""insufficient_valid_pixels""]}, {""window_id"": 3, ""grid_rc"": ""0,2"", ""mapped"": true, ""valid_support_pct"": 48.2, ""status"": ""low_valid_support"", ""supported"": false, ""support_reasons"": [""insufficient_valid_pixels""]}, {""window_id"": 4, ""grid_rc"": ""1,0"", ""mapped"": true, ""valid_support_pct"": 26.4, ""status"": ""low_valid_support"", ""supported"": false, ""support_reasons"": [""insufficient_valid_pixels""]}, {""window_id"": 5, ""grid_rc"": ""1,1"", ""mapped"": true, ""valid_support_pct"": 70.2, ""ref_global_rect"": [984, 2987, 1198, 3063], ""intensity_ncc"": 0.0465, ""gradient_ncc"": -0.0337, ""phase_response"": 0.1108, ""phase_shift_px"": [-2.47, -2.05], ""fast_src_kps"": 603, ""fast_ref_kps"": 552, ""fast_candidates"": 0, ""fast_status"": ""no_lowes_filtered_matches"", ""supported"": true, ""support_reasons"": [""phase_resp=0.111\u22650.05""], ""status"": ""evaluated""}, {""window_id"": 6, ""grid_rc"": ""1,2"", ""mapped"": true, ""valid_support_pct"": 86.8, ""ref_global_rect"": [1318, 2987, 1531, 3063], ""intensity_ncc"": -0.139, ""gradient_ncc"": -0.0191, ""phase_response"": 0.0575, ""phase_shift_px"": [-4.32, 5.29], ""fast_src_kps"": 857, ""fast_ref_kps"": 338, ""fast_candidates"": 1, ""fast_status"": ""ok"", ""supported"": true, ""support_reasons"": [""phase_resp=0.058\u22650.05""], ""status"": ""evaluated""}, {""window_id"": 7, ""grid_rc"": ""2,0"", ""mapped"": true, ""valid_support_pct"": 0.0, ""status"": ""low_valid_support"", ""supported"": false, ""support_reasons"": [""insufficient_valid_pixels""]}, {""window_id"": 8, ""grid_rc"": ""2,1"", ""mapped"": true, ""valid_support_pct"": 23.8, ""status"": ""low_valid_support"", ""supported"": false, ""support_reasons"": [""insufficient_valid_pixels""]}, {""window_id"": 9, ""grid_rc"": ""2,2"", ""mapped"": true, ""valid_support_pct"": 73.3, ""ref_global_rect"": [1318, 3987, 1531, 4063], ""intensity_ncc"": -0.0353, ""gradient_ncc"": -0.0403, ""phase_response"": 0.0663, ""phase_shift_px"": [14.05, 2.7], ""fast_src_kps"": 800, ""fast_ref_kps"": 479, ""fast_candidates"": 0, ""fast_status"": ""no_lowes_filtered_matches"", ""supported"": true, ""support_reasons"": [""phase_resp=0.066\u22650.05""], ""status"": ""evaluated""}]"
OHRC_PAIR_03__dx-1000m_dy-1000m,OHRC_PAIR_03,-1000,-1000,-200,200,SCREEN_FAIL,2,2,0,0,2,0,False,False,False,True,False,True,591,1325,1591,4325,19.66,274.78,1677.59,1699.94,"[{""window_id"": 1, ""grid_rc"": ""0,0"", ""mapped"": true, ""valid_support_pct"": 0.0, ""status"": ""low_valid_support"", ""supported"": false, ""support_reasons"": [""insufficient_valid_pixels""]}, {""window_id"": 2, ""grid_rc"": ""0,1"", ""mapped"": true, ""valid_support_pct"": 21.6, ""status"": ""low_valid_support"", ""supported"": false, ""support_reasons"": [""insufficient_valid_pixels""]}, {""window_id"": 3, ""grid_rc"": ""0,2"", ""mapped"": true, ""valid_support_pct"": 48.2, ""status"": ""low_valid_support"", ""supported"": false, ""support_reasons"": [""insufficient_valid_pixels""]}, {""window_id"": 4, ""grid_rc"": ""1,0"", ""mapped"": true, ""valid_support_pct"": 26.4, ""status"": ""low_valid_support"", ""supported"": false, ""support_reasons"": [""insufficient_valid_pixels""]}, {""window_id"": 5, ""grid_rc"": ""1,1"", ""mapped"": true, ""valid_support_pct"": 70.2, ""ref_global_rect"": [984, 2787, 1198, 2863], ""intensity_ncc"": 0.0503, ""gradient_ncc"": -0.0238, ""phase_response"": 0.1075, ""phase_shift_px"": [-49.08, 20.4], ""fast_src_kps"": 603, ""fast_ref_kps"": 383, ""fast_candidates"": 0, ""fast_status"": ""no_lowes_filtered_matches"", ""supported"": true, ""support_reasons"": [""phase_resp=0.107\u22650.05""], ""status"": ""evaluated""}, {""window_id"": 6, ""grid_rc"": ""1,2"", ""mapped"": true, ""valid_support_pct"": 86.8, ""ref_global_rect"": [1318, 2787, 1531, 2863], ""intensity_ncc"": -0.1366, ""gradient_ncc"": -0.094, ""phase_response"": 0.0551, ""phase_shift_px"": [-21.3, 6.76], ""fast_src_kps"": 857, ""fast_ref_kps"": 134, ""fast_candidates"": 0, ""fast_status"": ""no_lowes_filtered_matches"", ""supported"": true, ""support_reasons"": [""phase_resp=0.055\u22650.05""], ""status"": ""evaluated""}, {""window_id"": 7, ""grid_rc"": ""2,0"", ""mapped"": true, ""valid_support_pct"": 0.0, ""status"": ""low_valid_support"", ""supported"": false, ""support_reasons"": [""insufficient_valid_pixels""]}, {""window_id"": 8, ""grid_rc"": ""2,1"", ""mapped"": true, ""valid_support_pct"": 23.8, ""status"": ""low_valid_support"", ""supported"": false, ""support_reasons"": [""insufficient_valid_pixels""]}, {""window_id"": 9, ""grid_rc"": ""2,2"", ""mapped"": true, ""valid_support_pct"": 73.3, ""ref_global_rect"": [1318, 3787, 1531, 3863], ""intensity_ncc"": 0.0062, ""gradient_ncc"": 0.0378, ""phase_response"": 0.0437, ""phase_shift_px"": [-20.78, 0.66], ""fast_src_kps"": 800, ""fast_ref_kps"": 263, ""fast_candidates"": 0, ""fast_status"": ""no_lowes_filtered_matches"", ""supported"": false, ""support_reasons"": [], ""status"": ""evaluated""}]"
OHRC_PAIR_03__dx-1000m_dy+0m,OHRC_PAIR_03,-1000,0,-200,0,SCREEN_FAIL,2,2,1,1,1,0,False,False,False,True,False,True,591,1125,1591,4125,19.66,274.78,1677.59,1699.94,"[{""window_id"": 1, ""grid_rc"": ""0,0"", ""mapped"": true, ""valid_support_pct"": 0.0, ""status"": ""low_valid_support"", ""supported"": false, ""support_reasons"": [""insufficient_valid_pixels""]}, {""window_id"": 2, ""grid_rc"": ""0,1"", ""mapped"": true, ""valid_support_pct"": 21.6, ""status"": ""low_valid_support"", ""supported"": false, ""support_reasons"": [""insufficient_valid_pixels""]}, {""window_id"": 3, ""grid_rc"": ""0,2"", ""mapped"": true, ""valid_support_pct"": 48.2, ""status"": ""low_valid_support"", ""supported"": false, ""support_reasons"": [""insufficient_valid_pixels""]}, {""window_id"": 4, ""grid_rc"": ""1,0"", ""mapped"": true, ""valid_support_pct"": 26.4, ""status"": ""low_valid_support"", ""supported"": false, ""support_reasons"": [""insufficient_valid_pixels""]}, {""window_id"": 5, ""grid_rc"": ""1,1"", ""mapped"": true, ""valid_support_pct"": 70.2, ""ref_global_rect"": [984, 2587, 1198, 2663], ""intensity_ncc"": -0.2143, ""gradient_ncc"": -0.0434, ""phase_response"": 0.0383, ""phase_shift_px"": [12.12, 24.48], ""fast_src_kps"": 603, ""fast_ref_kps"": 210, ""fast_candidates"": 0, ""fast_status"": ""no_lowes_filtered_matches"", ""supported"": false, ""support_reasons"": [], ""status"": ""evaluated""}, {""window_id"": 6, ""grid_rc"": ""1,2"", ""mapped"": true, ""valid_support_pct"": 86.8, ""ref_global_rect"": [1318, 2587, 1531, 2663], ""intensity_ncc"": 0.1604, ""gradient_ncc"": 0.0893, ""phase_response"": 0.0379, ""phase_shift_px"": [-1.81, 14.8], ""fast_src_kps"": 857, ""fast_ref_kps"": 128, ""fast_candidates"": 0, ""fast_status"": ""no_lowes_filtered_matches"", ""supported"": true, ""support_reasons"": [""intensity_ncc=0.160\u22650.08"", ""gradient_ncc=0.089\u22650.06""], ""status"": ""evaluated""}, {""window_id"": 7, ""grid_rc"": ""2,0"", ""mapped"": true, ""valid_support_pct"": 0.0, ""status"": ""low_valid_support"", ""supported"": false, ""support_reasons"": [""insufficient_valid_pixels""]}, {""window_id"": 8, ""grid_rc"": ""2,1"", ""mapped"": true, ""valid_support_pct"": 23.8, ""status"": ""low_valid_support"", ""supported"": false, ""support_reasons"": [""insufficient_valid_pixels""]}, {""window_id"": 9, ""grid_rc"": ""2,2"", ""mapped"": true, ""valid_support_pct"": 73.3, ""ref_global_rect"": [1318, 3587, 1531, 3663], ""intensity_ncc"": 0.0247, ""gradient_ncc"": 0.0298, ""phase_response"": 0.0923, ""phase_shift_px"": [42.06, 21.05], ""fast_src_kps"": 800, ""fast_ref_kps"": 532, ""fast_candidates"": 1, ""fast_status"": ""ok"", ""supported"": true, ""support_reasons"": [""phase_resp=0.092\u22650.05""], ""status"": ""evaluated""}]"
OHRC_PAIR_03__dx-1000m_dy+1000m,OHRC_PAIR_03,-1000,1000,-200,-200,SCREEN_FAIL,2,2,1,1,1,0,False,False,False,True,False,True,591,925,1591,3925,19.66,274.78,1677.59,1699.94,"[{""window_id"": 1, ""grid_rc"": ""0,0"", ""mapped"": true, ""valid_support_pct"": 0.0, ""status"": ""low_valid_support"", ""supported"": false, ""support_reasons"": [""insufficient_valid_pixels""]}, {""window_id"": 2, ""grid_rc"": ""0,1"", ""mapped"": true, ""valid_support_pct"": 21.6, ""status"": ""low_valid_support"", ""supported"": false, ""support_reasons"": [""insufficient_valid_pixels""]}, {""window_id"": 3, ""grid_rc"": ""0,2"", ""mapped"": true, ""valid_support_pct"": 48.2, ""status"": ""low_valid_support"", ""supported"": false, ""support_reasons"": [""insufficient_valid_pixels""]}, {""window_id"": 4, ""grid_rc"": ""1,0"", ""mapped"": true, ""valid_support_pct"": 26.4, ""status"": ""low_valid_support"", ""supported"": false, ""support_reasons"": [""insufficient_valid_pixels""]}, {""window_id"": 5, ""grid_rc"": ""1,1"", ""mapped"": true, ""valid_support_pct"": 70.2, ""ref_global_rect"": [984, 2387, 1198, 2463], ""intensity_ncc"": -0.0131, ""gradient_ncc"": 0.047, ""phase_response"": -0.0161, ""phase_shift_px"": [-53.23, 4.06], ""fast_src_kps"": 603, ""fast_ref_kps"": 287, ""fast_candidates"": 2, ""fast_status"": ""ok"", ""supported"": false, ""support_reasons"": [], ""status"": ""evaluated""}, {""window_id"": 6, ""grid_rc"": ""1,2"", ""mapped"": true, ""valid_support_pct"": 86.8, ""ref_global_rect"": [1318, 2387, 1531, 2463], ""intensity_ncc"": 0.0842, ""gradient_ncc"": 0.075, ""phase_response"": 0.03, ""phase_shift_px"": [25.23, 8.18], ""fast_src_kps"": 857, ""fast_ref_kps"": 456, ""fast_candidates"": 0, ""fast_status"": ""no_lowes_filtered_matches"", ""supported"": true, ""support_reasons"": [""intensity_ncc=0.084\u22650.08"", ""gradient_ncc=0.075\u22650.06""], ""status"": ""evaluated""}, {""window_id"": 7, ""grid_rc"": ""2,0"", ""mapped"": true, ""valid_support_pct"": 0.0, ""status"": ""low_valid_support"", ""supported"": false, ""support_reasons"": [""insufficient_valid_pixels""]}, {""window_id"": 8, ""grid_rc"": ""2,1"", ""mapped"": true, ""valid_support_pct"": 23.8, ""status"": ""low_valid_support"", ""supported"": false, ""support_reasons"": [""insufficient_valid_pixels""]}, {""window_id"": 9, ""grid_rc"": ""2,2"", ""mapped"": true, ""valid_support_pct"": 73.3, ""ref_global_rect"": [1318, 3387, 1531, 3463], ""intensity_ncc"": -0.002, ""gradient_ncc"": 0.028, ""phase_response"": 0.0739, ""phase_shift_px"": [7.69, 28.2], ""fast_src_kps"": 800, ""fast_ref_kps"": 493, ""fast_candidates"": 0, ""fast_status"": ""no_lowes_filtered_matches"", ""supported"": true, ""support_reasons"": [""phase_resp=0.074\u22650.05""], ""status"": ""evaluated""}]"
OHRC_PAIR_03__dx-1000m_dy+2000m,OHRC_PAIR_03,-1000,2000,-200,-400,SCREEN_FAIL,2,2,0,0,2,0,False,False,False,True,False,True,591,725,1591,3725,19.66,274.78,1677.59,1699.94,"[{""window_id"": 1, ""grid_rc"": ""0,0"", ""mapped"": true, ""valid_support_pct"": 0.0, ""status"": ""low_valid_support"", ""supported"": false, ""support_reasons"": [""insufficient_valid_pixels""]}, {""window_id"": 2, ""grid_rc"": ""0,1"", ""mapped"": true, ""valid_support_pct"": 21.6, ""status"": ""low_valid_support"", ""supported"": false, ""support_reasons"": [""insufficient_valid_pixels""]}, {""window_id"": 3, ""grid_rc"": ""0,2"", ""mapped"": true, ""valid_support_pct"": 48.2, ""status"": ""low_valid_support"", ""supported"": false, ""support_reasons"": [""insufficient_valid_pixels""]}, {""window_id"": 4, ""grid_rc"": ""1,0"", ""mapped"": true, ""valid_support_pct"": 26.4, ""status"": ""low_valid_support"", ""supported"": false, ""support_reasons"": [""insufficient_valid_pixels""]}, {""window_id"": 5, ""grid_rc"": ""1,1"", ""mapped"": true, ""valid_support_pct"": 70.2, ""ref_global_rect"": [984, 2187, 1198, 2263], ""intensity_ncc"": -0.201, ""gradient_ncc"": 0.0138, ""phase_response"": 0.0511, ""phase_shift_px"": [-42.86, 7.33], ""fast_src_kps"": 603, ""fast_ref_kps"": 231, ""fast_candidates"": 1, ""fast_status"": ""ok"", ""supported"": true, ""support_reasons"": [""phase_resp=0.051\u22650.05""], ""status"": ""evaluated""}, {""window_id"": 6, ""grid_rc"": ""1,2"", ""mapped"": true, ""valid_support_pct"": 86.8, ""ref_global_rect"": [1318, 2187, 1531, 2263], ""intensity_ncc"": 0.0316, ""gradient_ncc"": 0.0149, ""phase_response"": -0.0009, ""phase_shift_px"": [22.39, -59.5], ""fast_src_kps"": 857, ""fast_ref_kps"": 590, ""fast_candidates"": 0, ""fast_status"": ""no_lowes_filtered_matches"", ""supported"": false, ""support_reasons"": [], ""status"": ""evaluated""}, {""window_id"": 7, ""grid_rc"": ""2,0"", ""mapped"": true, ""valid_support_pct"": 0.0, ""status"": ""low_valid_support"", ""supported"": false, ""support_reasons"": [""insufficient_valid_pixels""]}, {""window_id"": 8, ""grid_rc"": ""2,1"", ""mapped"": true, ""valid_support_pct"": 23.8, ""status"": ""low_valid_support"", ""supported"": false, ""support_reasons"": [""insufficient_valid_pixels""]}, {""window_id"": 9, ""grid_rc"": ""2,2"", ""mapped"": true, ""valid_support_pct"": 73.3, ""ref_global_rect"": [1318, 3187, 1531, 3263], ""intensity_ncc"": 0.0007, ""gradient_ncc"": -0.0397, ""phase_response"": 0.057, ""phase_shift_px"": [-37.51, 0.62], ""fast_src_kps"": 800, ""fast_ref_kps"": 410, ""fast_candidates"": 0, ""fast_status"": ""no_lowes_filtered_matches"", ""supported"": true, ""support_reasons"": [""phase_resp=0.057\u22650.05""], ""status"": ""evaluated""}]"
OHRC_PAIR_03__dx-1000m_dy+3000m,OHRC_PAIR_03,-1000,3000,-200,-600,SCREEN_FAIL,2,2,0,1,2,0,False,False,False,True,False,True,591,525,1591,3525,19.66,274.78,1677.59,1699.94,"[{""window_id"": 1, ""grid_rc"": ""0,0"", ""mapped"": true, ""valid_support_pct"": 0.0, ""status"": ""low_valid_support"", ""supported"": false, ""support_reasons"": [""insufficient_valid_pixels""]}, {""window_id"": 2, ""grid_rc"": ""0,1"", ""mapped"": true, ""valid_support_pct"": 21.6, ""status"": ""low_valid_support"", ""supported"": false, ""support_reasons"": [""insufficient_valid_pixels""]}, {""window_id"": 3, ""grid_rc"": ""0,2"", ""mapped"": true, ""valid_support_pct"": 48.2, ""status"": ""low_valid_support"", ""supported"": false, ""support_reasons"": [""insufficient_valid_pixels""]}, {""window_id"": 4, ""grid_rc"": ""1,0"", ""mapped"": true, ""valid_support_pct"": 26.4, ""status"": ""low_valid_support"", ""supported"": false, ""support_reasons"": [""insufficient_valid_pixels""]}, {""window_id"": 5, ""grid_rc"": ""1,1"", ""mapped"": true, ""valid_support_pct"": 70.2, ""ref_global_rect"": [984, 1987, 1198, 2063], ""intensity_ncc"": -0.112, ""gradient_ncc"": -0.0215, ""phase_response"": 0.0915, ""phase_shift_px"": [-6.43, 12.23], ""fast_src_kps"": 603, ""fast_ref_kps"": 263, ""fast_candidates"": 0, ""fast_status"": ""no_lowes_filtered_matches"", ""supported"": true, ""support_reasons"": [""phase_resp=0.091\u22650.05""], ""status"": ""evaluated""}, {""window_id"": 6, ""grid_rc"": ""1,2"", ""mapped"": true, ""valid_support_pct"": 86.8, ""ref_global_rect"": [1318, 1987, 1531, 2063], ""intensity_ncc"": 0.0589, ""gradient_ncc"": 0.0612, ""phase_response"": 0.1092, ""phase_shift_px"": [30.41, -6.91], ""fast_src_kps"": 857, ""fast_ref_kps"": 397, ""fast_candidates"": 0, ""fast_status"": ""no_lowes_filtered_matches"", ""supported"": true, ""support_reasons"": [""gradient_ncc=0.061\u22650.06"", ""phase_resp=0.109\u22650.05""], ""status"": ""evaluated""}, {""window_id"": 7, ""grid_rc"": ""2,0"", ""mapped"": true, ""valid_support_pct"": 0.0, ""status"": ""low_valid_support"", ""supported"": false, ""support_reasons"": [""insufficient_valid_pixels""]}, {""window_id"": 8, ""grid_rc"": ""2,1"", ""mapped"": true, ""valid_support_pct"": 23.8, ""status"": ""low_valid_support"", ""supported"": false, ""support_reasons"": [""insufficient_valid_pixels""]}, {""window_id"": 9, ""grid_rc"": ""2,2"", ""mapped"": true, ""valid_support_pct"": 73.3, ""ref_global_rect"": [1318, 2987, 1531, 3063], ""intensity_ncc"": -0.1196, ""gradient_ncc"": -0.0184, ""phase_response"": 0.0042, ""phase_shift_px"": [-5.42, -8.01], ""fast_src_kps"": 800, ""fast_ref_kps"": 338, ""fast_candidates"": 0, ""fast_status"": ""no_lowes_filtered_matches"", ""supported"": false, ""support_reasons"": [], ""status"": ""evaluated""}]"
OHRC_PAIR_03__dx+0m_dy-3000m,OHRC_PAIR_03,0,-3000,0,600,SCREEN_FAIL,3,3,0,0,3,0,False,True,True,True,False,True,791,1725,1791,4725,19.66,274.78,1677.59,1699.94,"[{""window_id"": 1, ""grid_rc"": ""0,0"", ""mapped"": true, ""valid_support_pct"": 0.0, ""status"": ""low_valid_support"", ""supported"": false, ""support_reasons"": [""insufficient_valid_pixels""]}, {""window_id"": 2, ""grid_rc"": ""0,1"", ""mapped"": true, ""valid_support_pct"": 21.6, ""status"": ""low_valid_support"", ""supported"": false, ""support_reasons"": [""insufficient_valid_pixels""]}, {""window_id"": 3, ""grid_rc"": ""0,2"", ""mapped"": true, ""valid_support_pct"": 48.2, ""status"": ""low_valid_support"", ""supported"": false, ""support_reasons"": [""insufficient_valid_pixels""]}, {""window_id"": 4, ""grid_rc"": ""1,0"", ""mapped"": true, ""valid_support_pct"": 26.4, ""status"": ""low_valid_support"", ""supported"": false, ""support_reasons"": [""insufficient_valid_pixels""]}, {""window_id"": 5, ""grid_rc"": ""1,1"", ""mapped"": true, ""valid_support_pct"": 70.2, ""ref_global_rect"": [1184, 3187, 1398, 3263], ""intensity_ncc"": -0.1071, ""gradient_ncc"": -0.1065, ""phase_response"": 0.0992, ""phase_shift_px"": [-46.81, -19.21], ""fast_src_kps"": 603, ""fast_ref_kps"": 421, ""fast_candidates"": 0, ""fast_status"": ""no_lowes_filtered_matches"", ""supported"": true, ""support_reasons"": [""phase_resp=0.099\u22650.05""], ""status"": ""evaluated""}, {""window_id"": 6, ""grid_rc"": ""1,2"", ""mapped"": true, ""valid_support_pct"": 86.8, ""ref_global_rect"": [1518, 3187, 1731, 3263], ""intensity_ncc"": -0.1198, ""gradient_ncc"": -0.0378, ""phase_response"": 0.0685, ""phase_shift_px"": [-34.53, -1.8], ""fast_src_kps"": 857, ""fast_ref_kps"": 376, ""fast_candidates"": 0, ""fast_status"": ""no_lowes_filtered_matches"", ""supported"": true, ""support_reasons"": [""phase_resp=0.069\u22650.05""], ""status"": ""evaluated""}, {""window_id"": 7, ""grid_rc"": ""2,0"", ""mapped"": true, ""valid_support_pct"": 0.0, ""status"": ""low_valid_support"", ""supported"": false, ""support_reasons"": [""insufficient_valid_pixels""]}, {""window_id"": 8, ""grid_rc"": ""2,1"", ""mapped"": true, ""valid_support_pct"": 23.8, ""status"": ""low_valid_support"", ""supported"": false, ""support_reasons"": [""insufficient_valid_pixels""]}, {""window_id"": 9, ""grid_rc"": ""2,2"", ""mapped"": true, ""valid_support_pct"": 73.3, ""ref_global_rect"": [1518, 4187, 1731, 4263], ""intensity_ncc"": -0.0206, ""gradient_ncc"": 0.0222, ""phase_response"": 0.0904, ""phase_shift_px"": [-10.26, -1.51], ""fast_src_kps"": 800, ""fast_ref_kps"": 350, ""fast_candidates"": 0, ""fast_status"": ""no_lowes_filtered_matches"", ""supported"": true, ""support_reasons"": [""phase_resp=0.090\u22650.05""], ""status"": ""evaluated""}]"
OHRC_PAIR_03__dx+0m_dy-2000m,OHRC_PAIR_03,0,-2000,0,400,SCREEN_FAIL,3,3,1,1,3,0,False,True,True,True,False,True,791,1525,1791,4525,19.66,274.78,1677.59,1699.94,"[{""window_id"": 1, ""grid_rc"": ""0,0"", ""mapped"": true, ""valid_support_pct"": 0.0, ""status"": ""low_valid_support"", ""supported"": false, ""support_reasons"": [""insufficient_valid_pixels""]}, {""window_id"": 2, ""grid_rc"": ""0,1"", ""mapped"": true, ""valid_support_pct"": 21.6, ""status"": ""low_valid_support"", ""supported"": false, ""support_reasons"": [""insufficient_valid_pixels""]}, {""window_id"": 3, ""grid_rc"": ""0,2"", ""mapped"": true, ""valid_support_pct"": 48.2, ""status"": ""low_valid_support"", ""supported"": false, ""support_reasons"": [""insufficient_valid_pixels""]}, {""window_id"": 4, ""grid_rc"": ""1,0"", ""mapped"": true, ""valid_support_pct"": 26.4, ""status"": ""low_valid_support"", ""supported"": false, ""support_reasons"": [""insufficient_valid_pixels""]}, {""window_id"": 5, ""grid_rc"": ""1,1"", ""mapped"": true, ""valid_support_pct"": 70.2, ""ref_global_rect"": [1184, 2987, 1398, 3063], ""intensity_ncc"": -0.2867, ""gradient_ncc"": -0.0357, ""phase_response"": 0.0526, ""phase_shift_px"": [-31.44, 48.84], ""fast_src_kps"": 603, ""fast_ref_kps"": 422, ""fast_candidates"": 0, ""fast_status"": ""no_lowes_filtered_matches"", ""supported"": true, ""support_reasons"": [""phase_resp=0.053\u22650.05""], ""status"": ""evaluated""}, {""window_id"": 6, ""grid_rc"": ""1,2"", ""mapped"": true, ""valid_support_pct"": 86.8, ""ref_global_rect"": [1518, 2987, 1731, 3063], ""intensity_ncc"": 0.1169, ""gradient_ncc"": 0.0704, ""phase_response"": 0.1259, ""phase_shift_px"": [-3.05, -19.71], ""fast_src_kps"": 857, ""fast_ref_kps"": 658, ""fast_candidates"": 0, ""fast_status"": ""no_lowes_filtered_matches"", ""supported"": true, ""support_reasons"": [""intensity_ncc=0.117\u22650.08"", ""gradient_ncc=0.070\u22650.06"", ""phase_resp=0.126\u22650.05""], ""status"": ""evaluated""}, {""window_id"": 7, ""grid_rc"": ""2,0"", ""mapped"": true, ""valid_support_pct"": 0.0, ""status"": ""low_valid_support"", ""supported"": false, ""support_reasons"": [""insufficient_valid_pixels""]}, {""window_id"": 8, ""grid_rc"": ""2,1"", ""mapped"": true, ""valid_support_pct"": 23.8, ""status"": ""low_valid_support"", ""supported"": false, ""support_reasons"": [""insufficient_valid_pixels""]}, {""window_id"": 9, ""grid_rc"": ""2,2"", ""mapped"": true, ""valid_support_pct"": 73.3, ""ref_global_rect"": [1518, 3987, 1731, 4063], ""intensity_ncc"": 0.0337, ""gradient_ncc"": 0.008, ""phase_response"": 0.0709, ""phase_shift_px"": [-32.08, -4.79], ""fast_src_kps"": 800, ""fast_ref_kps"": 634, ""fast_candidates"": 0, ""fast_status"": ""no_lowes_filtered_matches"", ""supported"": true, ""support_reasons"": [""phase_resp=0.071\u22650.05""], ""status"": ""evaluated""}]"
OHRC_PAIR_03__dx+0m_dy-1000m,OHRC_PAIR_03,0,-1000,0,200,SCREEN_FAIL,1,1,0,0,1,0,False,False,False,True,False,True,791,1325,1791,4325,19.66,274.78,1677.59,1699.94,"[{""window_id"": 1, ""grid_rc"": ""0,0"", ""mapped"": true, ""valid_support_pct"": 0.0, ""status"": ""low_valid_support"", ""supported"": false, ""support_reasons"": [""insufficient_valid_pixels""]}, {""window_id"": 2, ""grid_rc"": ""0,1"", ""mapped"": true, ""valid_support_pct"": 21.6, ""status"": ""low_valid_support"", ""supported"": false, ""support_reasons"": [""insufficient_valid_pixels""]}, {""window_id"": 3, ""grid_rc"": ""0,2"", ""mapped"": true, ""valid_support_pct"": 48.2, ""status"": ""low_valid_support"", ""supported"": false, ""support_reasons"": [""insufficient_valid_pixels""]}, {""window_id"": 4, ""grid_rc"": ""1,0"", ""mapped"": true, ""valid_support_pct"": 26.4, ""status"": ""low_valid_support"", ""supported"": false, ""support_reasons"": [""insufficient_valid_pixels""]}, {""window_id"": 5, ""grid_rc"": ""1,1"", ""mapped"": true, ""valid_support_pct"": 70.2, ""ref_global_rect"": [1184, 2787, 1398, 2863], ""intensity_ncc"": 0.0478, ""gradient_ncc"": 0.0182, ""phase_response"": 0.1208, ""phase_shift_px"": [11.03, 40.15], ""fast_src_kps"": 603, ""fast_ref_kps"": 173, ""fast_candidates"": 0, ""fast_status"": ""no_lowes_filtered_matches"", ""supported"": true, ""support_reasons"": [""phase_resp=0.121\u22650.05""], ""status"": ""evaluated""}, {""window_id"": 6, ""grid_rc"": ""1,2"", ""mapped"": true, ""valid_support_pct"": 86.8, ""ref_global_rect"": [1518, 2787, 1731, 2863], ""intensity_ncc"": -0.1477, ""gradient_ncc"": -0.023, ""phase_response"": 0.019, ""phase_shift_px"": [-7.3, -11.53], ""fast_src_kps"": 857, ""fast_ref_kps"": 723, ""fast_candidates"": 0, ""fast_status"": ""no_lowes_filtered_matches"", ""supported"": false, ""support_reasons"": [], ""status"": ""evaluated""}, {""window_id"": 7, ""grid_rc"": ""2,0"", ""mapped"": true, ""valid_support_pct"": 0.0, ""status"": ""low_valid_support"", ""supported"": false, ""support_reasons"": [""insufficient_valid_pixels""]}, {""window_id"": 8, ""grid_rc"": ""2,1"", ""mapped"": true, ""valid_support_pct"": 23.8, ""status"": ""low_valid_support"", ""supported"": false, ""support_reasons"": [""insufficient_valid_pixels""]}, {""window_id"": 9, ""grid_rc"": ""2,2"", ""mapped"": true, ""valid_support_pct"": 73.3, ""ref_global_rect"": [1518, 3787, 1731, 3863], ""intensity_ncc"": -0.0438, ""gradient_ncc"": -0.0366, ""phase_response"": 0.0416, ""phase_shift_px"": [58.05, -0.24], ""fast_src_kps"": 800, ""fast_ref_kps"": 112, ""fast_candidates"": 0, ""fast_status"": ""no_lowes_filtered_matches"", ""supported"": false, ""support_reasons"": [], ""status"": ""evaluated""}]"
OHRC_PAIR_03__dx+0m_dy+0m,OHRC_PAIR_03,0,0,0,0,SCREEN_FAIL,2,2,1,1,2,0,False,False,False,True,False,True,791,1125,1791,4125,19.66,274.78,1677.59,1699.94,"[{""window_id"": 1, ""grid_rc"": ""0,0"", ""mapped"": true, ""valid_support_pct"": 0.0, ""status"": ""low_valid_support"", ""supported"": false, ""support_reasons"": [""insufficient_valid_pixels""]}, {""window_id"": 2, ""grid_rc"": ""0,1"", ""mapped"": true, ""valid_support_pct"": 21.6, ""status"": ""low_valid_support"", ""supported"": false, ""support_reasons"": [""insufficient_valid_pixels""]}, {""window_id"": 3, ""grid_rc"": ""0,2"", ""mapped"": true, ""valid_support_pct"": 48.2, ""status"": ""low_valid_support"", ""supported"": false, ""support_reasons"": [""insufficient_valid_pixels""]}, {""window_id"": 4, ""grid_rc"": ""1,0"", ""mapped"": true, ""valid_support_pct"": 26.4, ""status"": ""low_valid_support"", ""supported"": false, ""support_reasons"": [""insufficient_valid_pixels""]}, {""window_id"": 5, ""grid_rc"": ""1,1"", ""mapped"": true, ""valid_support_pct"": 70.2, ""ref_global_rect"": [1184, 2587, 1398, 2663], ""intensity_ncc"": -0.3002, ""gradient_ncc"": -0.1557, ""phase_response"": 0.0629, ""phase_shift_px"": [-36.07, 5.92], ""fast_src_kps"": 603, ""fast_ref_kps"": 346, ""fast_candidates"": 0, ""fast_status"": ""no_lowes_filtered_matches"", ""supported"": true, ""support_reasons"": [""phase_resp=0.063\u22650.05""], ""status"": ""evaluated""}, {""window_id"": 6, ""grid_rc"": ""1,2"", ""mapped"": true, ""valid_support_pct"": 86.8, ""ref_global_rect"": [1518, 2587, 1731, 2663], ""intensity_ncc"": 0.1345, ""gradient_ncc"": 0.0898, ""phase_response"": 0.2131, ""phase_shift_px"": [23.89, 18.36], ""fast_src_kps"": 857, ""fast_ref_kps"": 387, ""fast_candidates"": 1, ""fast_status"": ""ok"", ""supported"": true, ""support_reasons"": [""intensity_ncc=0.135\u22650.08"", ""gradient_ncc=0.090\u22650.06"", ""phase_resp=0.213\u22650.05""], ""status"": ""evaluated""}, {""window_id"": 7, ""grid_rc"": ""2,0"", ""mapped"": true, ""valid_support_pct"": 0.0, ""status"": ""low_valid_support"", ""supported"": false, ""support_reasons"": [""insufficient_valid_pixels""]}, {""window_id"": 8, ""grid_rc"": ""2,1"", ""mapped"": true, ""valid_support_pct"": 23.8, ""status"": ""low_valid_support"", ""supported"": false, ""support_reasons"": [""insufficient_valid_pixels""]}, {""window_id"": 9, ""grid_rc"": ""2,2"", ""mapped"": true, ""valid_support_pct"": 73.3, ""ref_global_rect"": [1518, 3587, 1731, 3663], ""intensity_ncc"": -0.0571, ""gradient_ncc"": -0.0368, ""phase_response"": 0.0439, ""phase_shift_px"": [-36.66, 10.88], ""fast_src_kps"": 800, ""fast_ref_kps"": 414, ""fast_candidates"": 0, ""fast_status"": ""no_lowes_filtered_matches"", ""supported"": false, ""support_reasons"": [], ""status"": ""evaluated""}]"
OHRC_PAIR_03__dx+0m_dy+1000m,OHRC_PAIR_03,0,1000,0,-200,SCREEN_FAIL,2,2,1,1,0,0,False,False,False,False,False,True,791,925,1791,3925,19.66,274.78,1677.59,1699.94,"[{""window_id"": 1, ""grid_rc"": ""0,0"", ""mapped"": true, ""valid_support_pct"": 0.0, ""status"": ""low_valid_support"", ""supported"": false, ""support_reasons"": [""insufficient_valid_pixels""]}, {""window_id"": 2, ""grid_rc"": ""0,1"", ""mapped"": true, ""valid_support_pct"": 21.6, ""status"": ""low_valid_support"", ""supported"": false, ""support_reasons"": [""insufficient_valid_pixels""]}, {""window_id"": 3, ""grid_rc"": ""0,2"", ""mapped"": true, ""valid_support_pct"": 48.2, ""status"": ""low_valid_support"", ""supported"": false, ""support_reasons"": [""insufficient_valid_pixels""]}, {""window_id"": 4, ""grid_rc"": ""1,0"", ""mapped"": true, ""valid_support_pct"": 26.4, ""status"": ""low_valid_support"", ""supported"": false, ""support_reasons"": [""insufficient_valid_pixels""]}, {""window_id"": 5, ""grid_rc"": ""1,1"", ""mapped"": true, ""valid_support_pct"": 70.2, ""ref_global_rect"": [1184, 2387, 1398, 2463], ""intensity_ncc"": 0.1598, ""gradient_ncc"": -0.0252, ""phase_response"": 0.0367, ""phase_shift_px"": [-23.02, 2.07], ""fast_src_kps"": 603, ""fast_ref_kps"": 418, ""fast_candidates"": 0, ""fast_status"": ""no_lowes_filtered_matches"", ""supported"": true, ""support_reasons"": [""intensity_ncc=0.160\u22650.08""], ""status"": ""evaluated""}, {""window_id"": 6, ""grid_rc"": ""1,2"", ""mapped"": true, ""valid_support_pct"": 86.8, ""ref_global_rect"": [1518, 2387, 1731, 2463], ""intensity_ncc"": 0.0711, ""gradient_ncc"": 0.0629, ""phase_response"": -0.0716, ""phase_shift_px"": [-15.73, 5.52], ""fast_src_kps"": 857, ""fast_ref_kps"": 365, ""fast_candidates"": 0, ""fast_status"": ""no_lowes_filtered_matches"", ""supported"": true, ""support_reasons"": [""gradient_ncc=0.063\u22650.06""], ""status"": ""evaluated""}, {""window_id"": 7, ""grid_rc"": ""2,0"", ""mapped"": true, ""valid_support_pct"": 0.0, ""status"": ""low_valid_support"", ""supported"": false, ""support_reasons"": [""insufficient_valid_pixels""]}, {""window_id"": 8, ""grid_rc"": ""2,1"", ""mapped"": true, ""valid_support_pct"": 23.8, ""status"": ""low_valid_support"", ""supported"": false, ""support_reasons"": [""insufficient_valid_pixels""]}, {""window_id"": 9, ""grid_rc"": ""2,2"", ""mapped"": true, ""valid_support_pct"": 73.3, ""ref_global_rect"": [1518, 3387, 1731, 3463], ""intensity_ncc"": 0.0166, ""gradient_ncc"": -0.0274, ""phase_response"": 0.0464, ""phase_shift_px"": [32.17, 10.93], ""fast_src_kps"": 800, ""fast_ref_kps"": 587, ""fast_candidates"": 0, ""fast_status"": ""no_lowes_filtered_matches"", ""supported"": false, ""support_reasons"": [], ""status"": ""evaluated""}]"
OHRC_PAIR_03__dx+0m_dy+2000m,OHRC_PAIR_03,0,2000,0,-400,SCREEN_FAIL,3,3,2,1,3,0,False,True,True,True,False,True,791,725,1791,3725,19.66,274.78,1677.59,1699.94,"[{""window_id"": 1, ""grid_rc"": ""0,0"", ""mapped"": true, ""valid_support_pct"": 0.0, ""status"": ""low_valid_support"", ""supported"": false, ""support_reasons"": [""insufficient_valid_pixels""]}, {""window_id"": 2, ""grid_rc"": ""0,1"", ""mapped"": true, ""valid_support_pct"": 21.6, ""status"": ""low_valid_support"", ""supported"": false, ""support_reasons"": [""insufficient_valid_pixels""]}, {""window_id"": 3, ""grid_rc"": ""0,2"", ""mapped"": true, ""valid_support_pct"": 48.2, ""status"": ""low_valid_support"", ""supported"": false, ""support_reasons"": [""insufficient_valid_pixels""]}, {""window_id"": 4, ""grid_rc"": ""1,0"", ""mapped"": true, ""valid_support_pct"": 26.4, ""status"": ""low_valid_support"", ""supported"": false, ""support_reasons"": [""insufficient_valid_pixels""]}, {""window_id"": 5, ""grid_rc"": ""1,1"", ""mapped"": true, ""valid_support_pct"": 70.2, ""ref_global_rect"": [1184, 2187, 1398, 2263], ""intensity_ncc"": 0.081, ""gradient_ncc"": 0.0385, ""phase_response"": 0.1541, ""phase_shift_px"": [-50.8, 11.54], ""fast_src_kps"": 603, ""fast_ref_kps"": 492, ""fast_candidates"": 0, ""fast_status"": ""no_lowes_filtered_matches"", ""supported"": true, ""support_reasons"": [""intensity_ncc=0.081\u22650.08"", ""phase_resp=0.154\u22650.05""], ""status"": ""evaluated""}, {""window_id"": 6, ""grid_rc"": ""1,2"", ""mapped"": true, ""valid_support_pct"": 86.8, ""ref_global_rect"": [1518, 2187, 1731, 2263], ""intensity_ncc"": 0.1372, ""gradient_ncc"": 0.1346, ""phase_response"": 0.0545, ""phase_shift_px"": [18.66, 5.45], ""fast_src_kps"": 857, ""fast_ref_kps"": 327, ""fast_candidates"": 0, ""fast_status"": ""no_lowes_filtered_matches"", ""supported"": true, ""support_reasons"": [""intensity_ncc=0.137\u22650.08"", ""gradient_ncc=0.135\u22650.06"", ""phase_resp=0.054\u22650.05""], ""status"": ""evaluated""}, {""window_id"": 7, ""grid_rc"": ""2,0"", ""mapped"": true, ""valid_support_pct"": 0.0, ""status"": ""low_valid_support"", ""supported"": false, ""support_reasons"": [""insufficient_valid_pixels""]}, {""window_id"": 8, ""grid_rc"": ""2,1"", ""mapped"": true, ""valid_support_pct"": 23.8, ""status"": ""low_valid_support"", ""supported"": false, ""support_reasons"": [""insufficient_valid_pixels""]}, {""window_id"": 9, ""grid_rc"": ""2,2"", ""mapped"": true, ""valid_support_pct"": 73.3, ""ref_global_rect"": [1518, 3187, 1731, 3263], ""intensity_ncc"": 0.0304, ""gradient_ncc"": -0.0284, ""phase_response"": 0.0552, ""phase_shift_px"": [-32.4, 13.08], ""fast_src_kps"": 800, ""fast_ref_kps"": 376, ""fast_candidates"": 0, ""fast_status"": ""no_lowes_filtered_matches"", ""supported"": true, ""support_reasons"": [""phase_resp=0.055\u22650.05""], ""status"": ""evaluated""}]"
OHRC_PAIR_03__dx+0m_dy+3000m,OHRC_PAIR_03,0,3000,0,-600,SCREEN_FAIL,1,1,1,1,1,0,False,False,False,True,False,True,791,525,1791,3525,19.66,274.78,1677.59,1699.94,"[{""window_id"": 1, ""grid_rc"": ""0,0"", ""mapped"": true, ""valid_support_pct"": 0.0, ""status"": ""low_valid_support"", ""supported"": false, ""support_reasons"": [""insufficient_valid_pixels""]}, {""window_id"": 2, ""grid_rc"": ""0,1"", ""mapped"": true, ""valid_support_pct"": 21.6, ""status"": ""low_valid_support"", ""supported"": false, ""support_reasons"": [""insufficient_valid_pixels""]}, {""window_id"": 3, ""grid_rc"": ""0,2"", ""mapped"": true, ""valid_support_pct"": 48.2, ""status"": ""low_valid_support"", ""supported"": false, ""support_reasons"": [""insufficient_valid_pixels""]}, {""window_id"": 4, ""grid_rc"": ""1,0"", ""mapped"": true, ""valid_support_pct"": 26.4, ""status"": ""low_valid_support"", ""supported"": false, ""support_reasons"": [""insufficient_valid_pixels""]}, {""window_id"": 5, ""grid_rc"": ""1,1"", ""mapped"": true, ""valid_support_pct"": 70.2, ""ref_global_rect"": [1184, 1987, 1398, 2063], ""intensity_ncc"": 0.3034, ""gradient_ncc"": 0.1334, ""phase_response"": 0.2181, ""phase_shift_px"": [15.46, -2.1], ""fast_src_kps"": 603, ""fast_ref_kps"": 283, ""fast_candidates"": 0, ""fast_status"": ""no_lowes_filtered_matches"", ""supported"": true, ""support_reasons"": [""intensity_ncc=0.303\u22650.08"", ""gradient_ncc=0.133\u22650.06"", ""phase_resp=0.218\u22650.05""], ""status"": ""evaluated""}, {""window_id"": 6, ""grid_rc"": ""1,2"", ""mapped"": true, ""valid_support_pct"": 86.8, ""ref_global_rect"": [1518, 1987, 1731, 2063], ""intensity_ncc"": -0.2126, ""gradient_ncc"": -0.0999, ""phase_response"": 0.008, ""phase_shift_px"": [-45.45, -32.43], ""fast_src_kps"": 857, ""fast_ref_kps"": 336, ""fast_candidates"": 0, ""fast_status"": ""no_lowes_filtered_matches"", ""supported"": false, ""support_reasons"": [], ""status"": ""evaluated""}, {""window_id"": 7, ""grid_rc"": ""2,0"", ""mapped"": true, ""valid_support_pct"": 0.0, ""status"": ""low_valid_support"", ""supported"": false, ""support_reasons"": [""insufficient_valid_pixels""]}, {""window_id"": 8, ""grid_rc"": ""2,1"", ""mapped"": true, ""valid_support_pct"": 23.8, ""status"": ""low_valid_support"", ""supported"": false, ""support_reasons"": [""insufficient_valid_pixels""]}, {""window_id"": 9, ""grid_rc"": ""2,2"", ""mapped"": true, ""valid_support_pct"": 73.3, ""ref_global_rect"": [1518, 2987, 1731, 3063], ""intensity_ncc"": 0.0448, ""gradient_ncc"": 0.0281, ""phase_response"": 0.0017, ""phase_shift_px"": [-24.84, -50.44], ""fast_src_kps"": 800, ""fast_ref_kps"": 658, ""fast_candidates"": 0, ""fast_status"": ""no_lowes_filtered_matches"", ""supported"": false, ""support_reasons"": [], ""status"": ""evaluated""}]"
OHRC_PAIR_03__dx+1000m_dy-3000m,OHRC_PAIR_03,1000,-3000,200,600,SCREEN_FAIL,1,1,1,1,0,0,False,False,False,False,False,True,991,1725,1991,4725,19.66,274.78,1677.59,1699.94,"[{""window_id"": 1, ""grid_rc"": ""0,0"", ""mapped"": true, ""valid_support_pct"": 0.0, ""status"": ""low_valid_support"", ""supported"": false, ""support_reasons"": [""insufficient_valid_pixels""]}, {""window_id"": 2, ""grid_rc"": ""0,1"", ""mapped"": true, ""valid_support_pct"": 21.6, ""status"": ""low_valid_support"", ""supported"": false, ""support_reasons"": [""insufficient_valid_pixels""]}, {""window_id"": 3, ""grid_rc"": ""0,2"", ""mapped"": true, ""valid_support_pct"": 48.2, ""status"": ""low_valid_support"", ""supported"": false, ""support_reasons"": [""insufficient_valid_pixels""]}, {""window_id"": 4, ""grid_rc"": ""1,0"", ""mapped"": true, ""valid_support_pct"": 26.4, ""status"": ""low_valid_support"", ""supported"": false, ""support_reasons"": [""insufficient_valid_pixels""]}, {""window_id"": 5, ""grid_rc"": ""1,1"", ""mapped"": true, ""valid_support_pct"": 70.2, ""ref_global_rect"": [1384, 3187, 1598, 3263], ""intensity_ncc"": 0.1788, ""gradient_ncc"": 0.1103, ""phase_response"": 0.027, ""phase_shift_px"": [-20.47, -6.52], ""fast_src_kps"": 603, ""fast_ref_kps"": 293, ""fast_candidates"": 0, ""fast_status"": ""no_lowes_filtered_matches"", ""supported"": true, ""support_reasons"": [""intensity_ncc=0.179\u22650.08"", ""gradient_ncc=0.110\u22650.06""], ""status"": ""evaluated""}, {""window_id"": 6, ""grid_rc"": ""1,2"", ""mapped"": true, ""valid_support_pct"": 86.8, ""ref_global_rect"": [1718, 3187, 1931, 3263], ""intensity_ncc"": -0.3162, ""gradient_ncc"": -0.1062, ""phase_response"": 0.0245, ""phase_shift_px"": [-9.92, -31.9], ""fast_src_kps"": 857, ""fast_ref_kps"": 204, ""fast_candidates"": 2, ""fast_status"": ""ok"", ""supported"": false, ""support_reasons"": [], ""status"": ""evaluated""}, {""window_id"": 7, ""grid_rc"": ""2,0"", ""mapped"": true, ""valid_support_pct"": 0.0, ""status"": ""low_valid_support"", ""supported"": false, ""support_reasons"": [""insufficient_valid_pixels""]}, {""window_id"": 8, ""grid_rc"": ""2,1"", ""mapped"": true, ""valid_support_pct"": 23.8, ""status"": ""low_valid_support"", ""supported"": false, ""support_reasons"": [""insufficient_valid_pixels""]}, {""window_id"": 9, ""grid_rc"": ""2,2"", ""mapped"": true, ""valid_support_pct"": 73.3, ""ref_global_rect"": [1718, 4187, 1931, 4263], ""intensity_ncc"": -0.0515, ""gradient_ncc"": 0.0143, ""phase_response"": 0.0107, ""phase_shift_px"": [7.11, 18.87], ""fast_src_kps"": 800, ""fast_ref_kps"": 318, ""fast_candidates"": 0, ""fast_status"": ""no_lowes_filtered_matches"", ""supported"": false, ""support_reasons"": [], ""status"": ""evaluated""}]"
OHRC_PAIR_03__dx+1000m_dy-2000m,OHRC_PAIR_03,1000,-2000,200,400,SCREEN_FAIL,2,2,2,1,1,0,False,False,False,True,False,True,991,1525,1991,4525,19.66,274.78,1677.59,1699.94,"[{""window_id"": 1, ""grid_rc"": ""0,0"", ""mapped"": true, ""valid_support_pct"": 0.0, ""status"": ""low_valid_support"", ""supported"": false, ""support_reasons"": [""insufficient_valid_pixels""]}, {""window_id"": 2, ""grid_rc"": ""0,1"", ""mapped"": true, ""valid_support_pct"": 21.6, ""status"": ""low_valid_support"", ""supported"": false, ""support_reasons"": [""insufficient_valid_pixels""]}, {""window_id"": 3, ""grid_rc"": ""0,2"", ""mapped"": true, ""valid_support_pct"": 48.2, ""status"": ""low_valid_support"", ""supported"": false, ""support_reasons"": [""insufficient_valid_pixels""]}, {""window_id"": 4, ""grid_rc"": ""1,0"", ""mapped"": true, ""valid_support_pct"": 26.4, ""status"": ""low_valid_support"", ""supported"": false, ""support_reasons"": [""insufficient_valid_pixels""]}, {""window_id"": 5, ""grid_rc"": ""1,1"", ""mapped"": true, ""valid_support_pct"": 70.2, ""ref_global_rect"": [1384, 2987, 1598, 3063], ""intensity_ncc"": 0.2123, ""gradient_ncc"": 0.0812, ""phase_response"": -0.0029, ""phase_shift_px"": [-21.42, -3.89], ""fast_src_kps"": 603, ""fast_ref_kps"": 385, ""fast_candidates"": 0, ""fast_status"": ""no_lowes_filtered_matches"", ""supported"": true, ""support_reasons"": [""intensity_ncc=0.212\u22650.08"", ""gradient_ncc=0.081\u22650.06""], ""status"": ""evaluated""}, {""window_id"": 6, ""grid_rc"": ""1,2"", ""mapped"": true, ""valid_support_pct"": 86.8, ""ref_global_rect"": [1718, 2987, 1931, 3063], ""intensity_ncc"": 0.1704, ""gradient_ncc"": 0.0181, ""phase_response"": 0.1393, ""phase_shift_px"": [-2.69, -1.78], ""fast_src_kps"": 857, ""fast_ref_kps"": 537, ""fast_candidates"": 0, ""fast_status"": ""no_lowes_filtered_matches"", ""supported"": true, ""support_reasons"": [""intensity_ncc=0.170\u22650.08"", ""phase_resp=0.139\u22650.05""], ""status"": ""evaluated""}, {""window_id"": 7, ""grid_rc"": ""2,0"", ""mapped"": true, ""valid_support_pct"": 0.0, ""status"": ""low_valid_support"", ""supported"": false, ""support_reasons"": [""insufficient_valid_pixels""]}, {""window_id"": 8, ""grid_rc"": ""2,1"", ""mapped"": true, ""valid_support_pct"": 23.8, ""status"": ""low_valid_support"", ""supported"": false, ""support_reasons"": [""insufficient_valid_pixels""]}, {""window_id"": 9, ""grid_rc"": ""2,2"", ""mapped"": true, ""valid_support_pct"": 73.3, ""ref_global_rect"": [1718, 3987, 1931, 4063], ""intensity_ncc"": -0.0586, ""gradient_ncc"": -0.0335, ""phase_response"": -0.0073, ""phase_shift_px"": [6.58, -6.21], ""fast_src_kps"": 800, ""fast_ref_kps"": 509, ""fast_candidates"": 0, ""fast_status"": ""no_lowes_filtered_matches"", ""supported"": false, ""support_reasons"": [], ""status"": ""evaluated""}]"
OHRC_PAIR_03__dx+1000m_dy-1000m,OHRC_PAIR_03,1000,-1000,200,200,SCREEN_FAIL,2,2,1,1,1,0,False,False,False,True,False,True,991,1325,1991,4325,19.66,274.78,1677.59,1699.94,"[{""window_id"": 1, ""grid_rc"": ""0,0"", ""mapped"": true, ""valid_support_pct"": 0.0, ""status"": ""low_valid_support"", ""supported"": false, ""support_reasons"": [""insufficient_valid_pixels""]}, {""window_id"": 2, ""grid_rc"": ""0,1"", ""mapped"": true, ""valid_support_pct"": 21.6, ""status"": ""low_valid_support"", ""supported"": false, ""support_reasons"": [""insufficient_valid_pixels""]}, {""window_id"": 3, ""grid_rc"": ""0,2"", ""mapped"": true, ""valid_support_pct"": 48.2, ""status"": ""low_valid_support"", ""supported"": false, ""support_reasons"": [""insufficient_valid_pixels""]}, {""window_id"": 4, ""grid_rc"": ""1,0"", ""mapped"": true, ""valid_support_pct"": 26.4, ""status"": ""low_valid_support"", ""supported"": false, ""support_reasons"": [""insufficient_valid_pixels""]}, {""window_id"": 5, ""grid_rc"": ""1,1"", ""mapped"": true, ""valid_support_pct"": 70.2, ""ref_global_rect"": [1384, 2787, 1598, 2863], ""intensity_ncc"": 0.1444, ""gradient_ncc"": 0.1206, ""phase_response"": 0.0095, ""phase_shift_px"": [-13.75, 6.75], ""fast_src_kps"": 603, ""fast_ref_kps"": 276, ""fast_candidates"": 1, ""fast_status"": ""ok"", ""supported"": true, ""support_reasons"": [""intensity_ncc=0.144\u22650.08"", ""gradient_ncc=0.121\u22650.06""], ""status"": ""evaluated""}, {""window_id"": 6, ""grid_rc"": ""1,2"", ""mapped"": true, ""valid_support_pct"": 86.8, ""ref_global_rect"": [1718, 2787, 1931, 2863], ""intensity_ncc"": -0.0852, ""gradient_ncc"": -0.0972, ""phase_response"": -0.0197, ""phase_shift_px"": [15.24, -38.84], ""fast_src_kps"": 857, ""fast_ref_kps"": 760, ""fast_candidates"": 2, ""fast_status"": ""ok"", ""supported"": false, ""support_reasons"": [], ""status"": ""evaluated""}, {""window_id"": 7, ""grid_rc"": ""2,0"", ""mapped"": true, ""valid_support_pct"": 0.0, ""status"": ""low_valid_support"", ""supported"": false, ""support_reasons"": [""insufficient_valid_pixels""]}, {""window_id"": 8, ""grid_rc"": ""2,1"", ""mapped"": true, ""valid_support_pct"": 23.8, ""status"": ""low_valid_support"", ""supported"": false, ""support_reasons"": [""insufficient_valid_pixels""]}, {""window_id"": 9, ""grid_rc"": ""2,2"", ""mapped"": true, ""valid_support_pct"": 73.3, ""ref_global_rect"": [1718, 3787, 1931, 3863], ""intensity_ncc"": 0.0345, ""gradient_ncc"": 0.0306, ""phase_response"": 0.0695, ""phase_shift_px"": [15.64, -23.03], ""fast_src_kps"": 800, ""fast_ref_kps"": 635, ""fast_candidates"": 0, ""fast_status"": ""no_lowes_filtered_matches"", ""supported"": true, ""support_reasons"": [""phase_resp=0.070\u22650.05""], ""status"": ""evaluated""}]"
OHRC_PAIR_03__dx+1000m_dy+0m,OHRC_PAIR_03,1000,0,200,0,INSUFFICIENT_SUPPORT,0,0,0,0,0,0,False,False,False,False,False,True,991,1125,1991,4125,19.66,274.78,1677.59,1699.94,"[{""window_id"": 1, ""grid_rc"": ""0,0"", ""mapped"": true, ""valid_support_pct"": 0.0, ""status"": ""low_valid_support"", ""supported"": false, ""support_reasons"": [""insufficient_valid_pixels""]}, {""window_id"": 2, ""grid_rc"": ""0,1"", ""mapped"": true, ""valid_support_pct"": 21.6, ""status"": ""low_valid_support"", ""supported"": false, ""support_reasons"": [""insufficient_valid_pixels""]}, {""window_id"": 3, ""grid_rc"": ""0,2"", ""mapped"": true, ""valid_support_pct"": 48.2, ""status"": ""low_valid_support"", ""supported"": false, ""support_reasons"": [""insufficient_valid_pixels""]}, {""window_id"": 4, ""grid_rc"": ""1,0"", ""mapped"": true, ""valid_support_pct"": 26.4, ""status"": ""low_valid_support"", ""supported"": false, ""support_reasons"": [""insufficient_valid_pixels""]}, {""window_id"": 5, ""grid_rc"": ""1,1"", ""mapped"": true, ""valid_support_pct"": 70.2, ""ref_global_rect"": [1384, 2587, 1598, 2663], ""intensity_ncc"": -0.1642, ""gradient_ncc"": -0.0924, ""phase_response"": -0.0224, ""phase_shift_px"": [-23.95, 12.84], ""fast_src_kps"": 603, ""fast_ref_kps"": 148, ""fast_candidates"": 0, ""fast_status"": ""no_lowes_filtered_matches"", ""supported"": false, ""support_reasons"": [], ""status"": ""evaluated""}, {""window_id"": 6, ""grid_rc"": ""1,2"", ""mapped"": true, ""valid_support_pct"": 86.8, ""ref_global_rect"": [1718, 2587, 1931, 2663], ""intensity_ncc"": -0.0017, ""gradient_ncc"": -0.021, ""phase_response"": 0.0011, ""phase_shift_px"": [-13.48, 11.2], ""fast_src_kps"": 857, ""fast_ref_kps"": 434, ""fast_candidates"": 2, ""fast_status"": ""ok"", ""supported"": false, ""support_reasons"": [], ""status"": ""evaluated""}, {""window_id"": 7, ""grid_rc"": ""2,0"", ""mapped"": true, ""valid_support_pct"": 0.0, ""status"": ""low_valid_support"", ""supported"": false, ""support_reasons"": [""insufficient_valid_pixels""]}, {""window_id"": 8, ""grid_rc"": ""2,1"", ""mapped"": true, ""valid_support_pct"": 23.8, ""status"": ""low_valid_support"", ""supported"": false, ""support_reasons"": [""insufficient_valid_pixels""]}, {""window_id"": 9, ""grid_rc"": ""2,2"", ""mapped"": true, ""valid_support_pct"": 73.3, ""ref_global_rect"": [1718, 3587, 1931, 3663], ""intensity_ncc"": 0.0041, ""gradient_ncc"": 0.0111, ""phase_response"": -0.0738, ""phase_shift_px"": [-16.42, 9.57], ""fast_src_kps"": 800, ""fast_ref_kps"": 428, ""fast_candidates"": 2, ""fast_status"": ""ok"", ""supported"": false, ""support_reasons"": [], ""status"": ""evaluated""}]"
OHRC_PAIR_03__dx+1000m_dy+1000m,OHRC_PAIR_03,1000,1000,200,-200,SCREEN_FAIL,2,2,1,0,1,0,False,False,False,True,False,True,991,925,1991,3925,19.66,274.78,1677.59,1699.94,"[{""window_id"": 1, ""grid_rc"": ""0,0"", ""mapped"": true, ""valid_support_pct"": 0.0, ""status"": ""low_valid_support"", ""supported"": false, ""support_reasons"": [""insufficient_valid_pixels""]}, {""window_id"": 2, ""grid_rc"": ""0,1"", ""mapped"": true, ""valid_support_pct"": 21.6, ""status"": ""low_valid_support"", ""supported"": false, ""support_reasons"": [""insufficient_valid_pixels""]}, {""window_id"": 3, ""grid_rc"": ""0,2"", ""mapped"": true, ""valid_support_pct"": 48.2, ""status"": ""low_valid_support"", ""supported"": false, ""support_reasons"": [""insufficient_valid_pixels""]}, {""window_id"": 4, ""grid_rc"": ""1,0"", ""mapped"": true, ""valid_support_pct"": 26.4, ""status"": ""low_valid_support"", ""supported"": false, ""support_reasons"": [""insufficient_valid_pixels""]}, {""window_id"": 5, ""grid_rc"": ""1,1"", ""mapped"": true, ""valid_support_pct"": 70.2, ""ref_global_rect"": [1384, 2387, 1598, 2463], ""intensity_ncc"": -0.0472, ""gradient_ncc"": 0.0002, ""phase_response"": 0.0641, ""phase_shift_px"": [-15.26, 12.88], ""fast_src_kps"": 603, ""fast_ref_kps"": 493, ""fast_candidates"": 0, ""fast_status"": ""no_lowes_filtered_matches"", ""supported"": true, ""support_reasons"": [""phase_resp=0.064\u22650.05""], ""status"": ""evaluated""}, {""window_id"": 6, ""grid_rc"": ""1,2"", ""mapped"": true, ""valid_support_pct"": 86.8, ""ref_global_rect"": [1718, 2387, 1931, 2463], ""intensity_ncc"": 0.0804, ""gradient_ncc"": 0.0314, ""phase_response"": 0.0299, ""phase_shift_px"": [-15.04, 9.13], ""fast_src_kps"": 857, ""fast_ref_kps"": 298, ""fast_candidates"": 0, ""fast_status"": ""no_lowes_filtered_matches"", ""supported"": true, ""support_reasons"": [""intensity_ncc=0.080\u22650.08""], ""status"": ""evaluated""}, {""window_id"": 7, ""grid_rc"": ""2,0"", ""mapped"": true, ""valid_support_pct"": 0.0, ""status"": ""low_valid_support"", ""supported"": false, ""support_reasons"": [""insufficient_valid_pixels""]}, {""window_id"": 8, ""grid_rc"": ""2,1"", ""mapped"": true, ""valid_support_pct"": 23.8, ""status"": ""low_valid_support"", ""supported"": false, ""support_reasons"": [""insufficient_valid_pixels""]}, {""window_id"": 9, ""grid_rc"": ""2,2"", ""mapped"": true, ""valid_support_pct"": 73.3, ""ref_global_rect"": [1718, 3387, 1931, 3463], ""intensity_ncc"": 0.0093, ""gradient_ncc"": 0.0135, ""phase_response"": 0.0023, ""phase_shift_px"": [55.04, -31.14], ""fast_src_kps"": 800, ""fast_ref_kps"": 308, ""fast_candidates"": 0, ""fast_status"": ""no_lowes_filtered_matches"", ""supported"": false, ""support_reasons"": [], ""status"": ""evaluated""}]"
OHRC_PAIR_03__dx+1000m_dy+2000m,OHRC_PAIR_03,1000,2000,200,-400,SCREEN_PASS,3,3,1,1,1,1,False,True,True,True,True,True,991,725,1991,3725,19.66,274.78,1677.59,1699.94,"[{""window_id"": 1, ""grid_rc"": ""0,0"", ""mapped"": true, ""valid_support_pct"": 0.0, ""status"": ""low_valid_support"", ""supported"": false, ""support_reasons"": [""insufficient_valid_pixels""]}, {""window_id"": 2, ""grid_rc"": ""0,1"", ""mapped"": true, ""valid_support_pct"": 21.6, ""status"": ""low_valid_support"", ""supported"": false, ""support_reasons"": [""insufficient_valid_pixels""]}, {""window_id"": 3, ""grid_rc"": ""0,2"", ""mapped"": true, ""valid_support_pct"": 48.2, ""status"": ""low_valid_support"", ""supported"": false, ""support_reasons"": [""insufficient_valid_pixels""]}, {""window_id"": 4, ""grid_rc"": ""1,0"", ""mapped"": true, ""valid_support_pct"": 26.4, ""status"": ""low_valid_support"", ""supported"": false, ""support_reasons"": [""insufficient_valid_pixels""]}, {""window_id"": 5, ""grid_rc"": ""1,1"", ""mapped"": true, ""valid_support_pct"": 70.2, ""ref_global_rect"": [1384, 2187, 1598, 2263], ""intensity_ncc"": -0.216, ""gradient_ncc"": -0.1379, ""phase_response"": 0.0409, ""phase_shift_px"": [-39.65, -12.38], ""fast_src_kps"": 603, ""fast_ref_kps"": 391, ""fast_candidates"": 3, ""fast_status"": ""ok"", ""supported"": true, ""support_reasons"": [""fast_candidates=3\u22653""], ""status"": ""evaluated""}, {""window_id"": 6, ""grid_rc"": ""1,2"", ""mapped"": true, ""valid_support_pct"": 86.8, ""ref_global_rect"": [1718, 2187, 1931, 2263], ""intensity_ncc"": 0.1849, ""gradient_ncc"": 0.0616, ""phase_response"": 0.0027, ""phase_shift_px"": [20.76, -13.58], ""fast_src_kps"": 857, ""fast_ref_kps"": 379, ""fast_candidates"": 0, ""fast_status"": ""no_lowes_filtered_matches"", ""supported"": true, ""support_reasons"": [""intensity_ncc=0.185\u22650.08"", ""gradient_ncc=0.062\u22650.06""], ""status"": ""evaluated""}, {""window_id"": 7, ""grid_rc"": ""2,0"", ""mapped"": true, ""valid_support_pct"": 0.0, ""status"": ""low_valid_support"", ""supported"": false, ""support_reasons"": [""insufficient_valid_pixels""]}, {""window_id"": 8, ""grid_rc"": ""2,1"", ""mapped"": true, ""valid_support_pct"": 23.8, ""status"": ""low_valid_support"", ""supported"": false, ""support_reasons"": [""insufficient_valid_pixels""]}, {""window_id"": 9, ""grid_rc"": ""2,2"", ""mapped"": true, ""valid_support_pct"": 73.3, ""ref_global_rect"": [1718, 3187, 1931, 3263], ""intensity_ncc"": -0.1571, ""gradient_ncc"": -0.0918, ""phase_response"": 0.1124, ""phase_shift_px"": [-42.58, -1.97], ""fast_src_kps"": 800, ""fast_ref_kps"": 204, ""fast_candidates"": 0, ""fast_status"": ""no_lowes_filtered_matches"", ""supported"": true, ""support_reasons"": [""phase_resp=0.112\u22650.05""], ""status"": ""evaluated""}]"
OHRC_PAIR_03__dx+1000m_dy+3000m,OHRC_PAIR_03,1000,3000,200,-600,SCREEN_FAIL,3,3,0,0,3,0,False,True,True,True,False,True,991,525,1991,3525,19.66,274.78,1677.59,1699.94,"[{""window_id"": 1, ""grid_rc"": ""0,0"", ""mapped"": true, ""valid_support_pct"": 0.0, ""status"": ""low_valid_support"", ""supported"": false, ""support_reasons"": [""insufficient_valid_pixels""]}, {""window_id"": 2, ""grid_rc"": ""0,1"", ""mapped"": true, ""valid_support_pct"": 21.6, ""status"": ""low_valid_support"", ""supported"": false, ""support_reasons"": [""insufficient_valid_pixels""]}, {""window_id"": 3, ""grid_rc"": ""0,2"", ""mapped"": true, ""valid_support_pct"": 48.2, ""status"": ""low_valid_support"", ""supported"": false, ""support_reasons"": [""insufficient_valid_pixels""]}, {""window_id"": 4, ""grid_rc"": ""1,0"", ""mapped"": true, ""valid_support_pct"": 26.4, ""status"": ""low_valid_support"", ""supported"": false, ""support_reasons"": [""insufficient_valid_pixels""]}, {""window_id"": 5, ""grid_rc"": ""1,1"", ""mapped"": true, ""valid_support_pct"": 70.2, ""ref_global_rect"": [1384, 1987, 1598, 2063], ""intensity_ncc"": -0.0204, ""gradient_ncc"": 0.0103, ""phase_response"": 0.1171, ""phase_shift_px"": [-18.61, 6.57], ""fast_src_kps"": 603, ""fast_ref_kps"": 523, ""fast_candidates"": 0, ""fast_status"": ""no_lowes_filtered_matches"", ""supported"": true, ""support_reasons"": [""phase_resp=0.117\u22650.05""], ""status"": ""evaluated""}, {""window_id"": 6, ""grid_rc"": ""1,2"", ""mapped"": true, ""valid_support_pct"": 86.8, ""ref_global_rect"": [1718, 1987, 1931, 2063], ""intensity_ncc"": -0.0077, ""gradient_ncc"": -0.0701, ""phase_response"": 0.0643, ""phase_shift_px"": [-25.78, -9.59], ""fast_src_kps"": 857, ""fast_ref_kps"": 733, ""fast_candidates"": 0, ""fast_status"": ""no_lowes_filtered_matches"", ""supported"": true, ""support_reasons"": [""phase_resp=0.064\u22650.05""], ""status"": ""evaluated""}, {""window_id"": 7, ""grid_rc"": ""2,0"", ""mapped"": true, ""valid_support_pct"": 0.0, ""status"": ""low_valid_support"", ""supported"": false, ""support_reasons"": [""insufficient_valid_pixels""]}, {""window_id"": 8, ""grid_rc"": ""2,1"", ""mapped"": true, ""valid_support_pct"": 23.8, ""status"": ""low_valid_support"", ""supported"": false, ""support_reasons"": [""insufficient_valid_pixels""]}, {""window_id"": 9, ""grid_rc"": ""2,2"", ""mapped"": true, ""valid_support_pct"": 73.3, ""ref_global_rect"": [1718, 2987, 1931, 3063], ""intensity_ncc"": 0.0056, ""gradient_ncc"": 0.0242, ""phase_response"": 0.0741, ""phase_shift_px"": [-2.15, 13.54], ""fast_src_kps"": 800, ""fast_ref_kps"": 537, ""fast_candidates"": 0, ""fast_status"": ""no_lowes_filtered_matches"", ""supported"": true, ""support_reasons"": [""phase_resp=0.074\u22650.05""], ""status"": ""evaluated""}]"
OHRC_PAIR_03__dx+2000m_dy-3000m,OHRC_PAIR_03,2000,-3000,400,600,SCREEN_FAIL,3,3,2,1,3,0,False,True,True,True,False,True,1191,1725,2191,4725,19.66,274.78,1677.59,1699.94,"[{""window_id"": 1, ""grid_rc"": ""0,0"", ""mapped"": true, ""valid_support_pct"": 0.0, ""status"": ""low_valid_support"", ""supported"": false, ""support_reasons"": [""insufficient_valid_pixels""]}, {""window_id"": 2, ""grid_rc"": ""0,1"", ""mapped"": true, ""valid_support_pct"": 21.6, ""status"": ""low_valid_support"", ""supported"": false, ""support_reasons"": [""insufficient_valid_pixels""]}, {""window_id"": 3, ""grid_rc"": ""0,2"", ""mapped"": true, ""valid_support_pct"": 48.2, ""status"": ""low_valid_support"", ""supported"": false, ""support_reasons"": [""insufficient_valid_pixels""]}, {""window_id"": 4, ""grid_rc"": ""1,0"", ""mapped"": true, ""valid_support_pct"": 26.4, ""status"": ""low_valid_support"", ""supported"": false, ""support_reasons"": [""insufficient_valid_pixels""]}, {""window_id"": 5, ""grid_rc"": ""1,1"", ""mapped"": true, ""valid_support_pct"": 70.2, ""ref_global_rect"": [1584, 3187, 1798, 3263], ""intensity_ncc"": -0.1691, ""gradient_ncc"": 0.0221, ""phase_response"": 0.0524, ""phase_shift_px"": [-31.68, 29.94], ""fast_src_kps"": 603, ""fast_ref_kps"": 347, ""fast_candidates"": 0, ""fast_status"": ""no_lowes_filtered_matches"", ""supported"": true, ""support_reasons"": [""phase_resp=0.052\u22650.05""], ""status"": ""evaluated""}, {""window_id"": 6, ""grid_rc"": ""1,2"", ""mapped"": true, ""valid_support_pct"": 86.8, ""ref_global_rect"": [1918, 3187, 2131, 3263], ""intensity_ncc"": 0.0867, ""gradient_ncc"": 0.0631, ""phase_response"": 0.053, ""phase_shift_px"": [30.65, 15.46], ""fast_src_kps"": 857, ""fast_ref_kps"": 176, ""fast_candidates"": 0, ""fast_status"": ""no_lowes_filtered_matches"", ""supported"": true, ""support_reasons"": [""intensity_ncc=0.087\u22650.08"", ""gradient_ncc=0.063\u22650.06"", ""phase_resp=0.053\u22650.05""], ""status"": ""evaluated""}, {""window_id"": 7, ""grid_rc"": ""2,0"", ""mapped"": true, ""valid_support_pct"": 0.0, ""status"": ""low_valid_support"", ""supported"": false, ""support_reasons"": [""insufficient_valid_pixels""]}, {""window_id"": 8, ""grid_rc"": ""2,1"", ""mapped"": true, ""valid_support_pct"": 23.8, ""status"": ""low_valid_support"", ""supported"": false, ""support_reasons"": [""insufficient_valid_pixels""]}, {""window_id"": 9, ""grid_rc"": ""2,2"", ""mapped"": true, ""valid_support_pct"": 73.3, ""ref_global_rect"": [1918, 4187, 2131, 4263], ""intensity_ncc"": 0.1328, ""gradient_ncc"": -0.0157, ""phase_response"": 0.1844, ""phase_shift_px"": [-2.68, -16.34], ""fast_src_kps"": 800, ""fast_ref_kps"": 591, ""fast_candidates"": 0, ""fast_status"": ""no_lowes_filtered_matches"", ""supported"": true, ""support_reasons"": [""intensity_ncc=0.133\u22650.08"", ""phase_resp=0.184\u22650.05""], ""status"": ""evaluated""}]"
OHRC_PAIR_03__dx+2000m_dy-2000m,OHRC_PAIR_03,2000,-2000,400,400,SCREEN_FAIL,1,1,1,1,0,0,False,False,False,False,False,True,1191,1525,2191,4525,19.66,274.78,1677.59,1699.94,"[{""window_id"": 1, ""grid_rc"": ""0,0"", ""mapped"": true, ""valid_support_pct"": 0.0, ""status"": ""low_valid_support"", ""supported"": false, ""support_reasons"": [""insufficient_valid_pixels""]}, {""window_id"": 2, ""grid_rc"": ""0,1"", ""mapped"": true, ""valid_support_pct"": 21.6, ""status"": ""low_valid_support"", ""supported"": false, ""support_reasons"": [""insufficient_valid_pixels""]}, {""window_id"": 3, ""grid_rc"": ""0,2"", ""mapped"": true, ""valid_support_pct"": 48.2, ""status"": ""low_valid_support"", ""supported"": false, ""support_reasons"": [""insufficient_valid_pixels""]}, {""window_id"": 4, ""grid_rc"": ""1,0"", ""mapped"": true, ""valid_support_pct"": 26.4, ""status"": ""low_valid_support"", ""supported"": false, ""support_reasons"": [""insufficient_valid_pixels""]}, {""window_id"": 5, ""grid_rc"": ""1,1"", ""mapped"": true, ""valid_support_pct"": 70.2, ""ref_global_rect"": [1584, 2987, 1798, 3063], ""intensity_ncc"": -0.0207, ""gradient_ncc"": -0.0159, ""phase_response"": 0.0471, ""phase_shift_px"": [-0.11, 12.27], ""fast_src_kps"": 603, ""fast_ref_kps"": 724, ""fast_candidates"": 0, ""fast_status"": ""no_lowes_filtered_matches"", ""supported"": false, ""support_reasons"": [], ""status"": ""evaluated""}, {""window_id"": 6, ""grid_rc"": ""1,2"", ""mapped"": true, ""valid_support_pct"": 86.8, ""ref_global_rect"": [1918, 2987, 2131, 3063], ""intensity_ncc"": 0.2389, ""gradient_ncc"": 0.1289, ""phase_response"": 0.0478, ""phase_shift_px"": [21.28, -5.5], ""fast_src_kps"": 857, ""fast_ref_kps"": 448, ""fast_candidates"": 0, ""fast_status"": ""no_lowes_filtered_matches"", ""supported"": true, ""support_reasons"": [""intensity_ncc=0.239\u22650.08"", ""gradient_ncc=0.129\u22650.06""], ""status"": ""evaluated""}, {""window_id"": 7, ""grid_rc"": ""2,0"", ""mapped"": true, ""valid_support_pct"": 0.0, ""status"": ""low_valid_support"", ""supported"": false, ""support_reasons"": [""insufficient_valid_pixels""]}, {""window_id"": 8, ""grid_rc"": ""2,1"", ""mapped"": true, ""valid_support_pct"": 23.8, ""status"": ""low_valid_support"", ""supported"": false, ""support_reasons"": [""insufficient_valid_pixels""]}, {""window_id"": 9, ""grid_rc"": ""2,2"", ""mapped"": true, ""valid_support_pct"": 73.3, ""ref_global_rect"": [1918, 3987, 2131, 4063], ""intensity_ncc"": 0.0376, ""gradient_ncc"": -0.0175, ""phase_response"": 0.0018, ""phase_shift_px"": [-34.35, 64.01], ""fast_src_kps"": 800, ""fast_ref_kps"": 617, ""fast_candidates"": 0, ""fast_status"": ""no_lowes_filtered_matches"", ""supported"": false, ""support_reasons"": [], ""status"": ""evaluated""}]"
OHRC_PAIR_03__dx+2000m_dy-1000m,OHRC_PAIR_03,2000,-1000,400,200,SCREEN_FAIL,3,3,2,2,2,0,False,True,True,True,False,True,1191,1325,2191,4325,19.66,274.78,1677.59,1699.94,"[{""window_id"": 1, ""grid_rc"": ""0,0"", ""mapped"": true, ""valid_support_pct"": 0.0, ""status"": ""low_valid_support"", ""supported"": false, ""support_reasons"": [""insufficient_valid_pixels""]}, {""window_id"": 2, ""grid_rc"": ""0,1"", ""mapped"": true, ""valid_support_pct"": 21.6, ""status"": ""low_valid_support"", ""supported"": false, ""support_reasons"": [""insufficient_valid_pixels""]}, {""window_id"": 3, ""grid_rc"": ""0,2"", ""mapped"": true, ""valid_support_pct"": 48.2, ""status"": ""low_valid_support"", ""supported"": false, ""support_reasons"": [""insufficient_valid_pixels""]}, {""window_id"": 4, ""grid_rc"": ""1,0"", ""mapped"": true, ""valid_support_pct"": 26.4, ""status"": ""low_valid_support"", ""supported"": false, ""support_reasons"": [""insufficient_valid_pixels""]}, {""window_id"": 5, ""grid_rc"": ""1,1"", ""mapped"": true, ""valid_support_pct"": 70.2, ""ref_global_rect"": [1584, 2787, 1798, 2863], ""intensity_ncc"": 0.1497, ""gradient_ncc"": 0.0839, ""phase_response"": 0.143, ""phase_shift_px"": [20.17, 16.33], ""fast_src_kps"": 603, ""fast_ref_kps"": 836, ""fast_candidates"": 0, ""fast_status"": ""no_lowes_filtered_matches"", ""supported"": true, ""support_reasons"": [""intensity_ncc=0.150\u22650.08"", ""gradient_ncc=0.084\u22650.06"", ""phase_resp=0.143\u22650.05""], ""status"": ""evaluated""}, {""window_id"": 6, ""grid_rc"": ""1,2"", ""mapped"": true, ""valid_support_pct"": 86.8, ""ref_global_rect"": [1918, 2787, 2131, 2863], ""intensity_ncc"": 0.1662, ""gradient_ncc"": 0.1337, ""phase_response"": 0.0228, ""phase_shift_px"": [31.44, 20.11], ""fast_src_kps"": 857, ""fast_ref_kps"": 640, ""fast_candidates"": 0, ""fast_status"": ""no_lowes_filtered_matches"", ""supported"": true, ""support_reasons"": [""intensity_ncc=0.166\u22650.08"", ""gradient_ncc=0.134\u22650.06""], ""status"": ""evaluated""}, {""window_id"": 7, ""grid_rc"": ""2,0"", ""mapped"": true, ""valid_support_pct"": 0.0, ""status"": ""low_valid_support"", ""supported"": false, ""support_reasons"": [""insufficient_valid_pixels""]}, {""window_id"": 8, ""grid_rc"": ""2,1"", ""mapped"": true, ""valid_support_pct"": 23.8, ""status"": ""low_valid_support"", ""supported"": false, ""support_reasons"": [""insufficient_valid_pixels""]}, {""window_id"": 9, ""grid_rc"": ""2,2"", ""mapped"": true, ""valid_support_pct"": 73.3, ""ref_global_rect"": [1918, 3787, 2131, 3863], ""intensity_ncc"": -0.113, ""gradient_ncc"": -0.0277, ""phase_response"": 0.102, ""phase_shift_px"": [5.63, -13.77], ""fast_src_kps"": 800, ""fast_ref_kps"": 438, ""fast_candidates"": 0, ""fast_status"": ""no_lowes_filtered_matches"", ""supported"": true, ""support_reasons"": [""phase_resp=0.102\u22650.05""], ""status"": ""evaluated""}]"
OHRC_PAIR_03__dx+2000m_dy+0m,OHRC_PAIR_03,2000,0,400,0,SCREEN_FAIL,3,3,2,1,0,0,False,True,True,False,False,True,1191,1125,2191,4125,19.66,274.78,1677.59,1699.94,"[{""window_id"": 1, ""grid_rc"": ""0,0"", ""mapped"": true, ""valid_support_pct"": 0.0, ""status"": ""low_valid_support"", ""supported"": false, ""support_reasons"": [""insufficient_valid_pixels""]}, {""window_id"": 2, ""grid_rc"": ""0,1"", ""mapped"": true, ""valid_support_pct"": 21.6, ""status"": ""low_valid_support"", ""supported"": false, ""support_reasons"": [""insufficient_valid_pixels""]}, {""window_id"": 3, ""grid_rc"": ""0,2"", ""mapped"": true, ""valid_support_pct"": 48.2, ""status"": ""low_valid_support"", ""supported"": false, ""support_reasons"": [""insufficient_valid_pixels""]}, {""window_id"": 4, ""grid_rc"": ""1,0"", ""mapped"": true, ""valid_support_pct"": 26.4, ""status"": ""low_valid_support"", ""supported"": false, ""support_reasons"": [""insufficient_valid_pixels""]}, {""window_id"": 5, ""grid_rc"": ""1,1"", ""mapped"": true, ""valid_support_pct"": 70.2, ""ref_global_rect"": [1584, 2587, 1798, 2663], ""intensity_ncc"": 0.1312, ""gradient_ncc"": 0.0558, ""phase_response"": 0.0288, ""phase_shift_px"": [3.76, 12.07], ""fast_src_kps"": 603, ""fast_ref_kps"": 547, ""fast_candidates"": 1, ""fast_status"": ""ok"", ""supported"": true, ""support_reasons"": [""intensity_ncc=0.131\u22650.08""], ""status"": ""evaluated""}, {""window_id"": 6, ""grid_rc"": ""1,2"", ""mapped"": true, ""valid_support_pct"": 86.8, ""ref_global_rect"": [1918, 2587, 2131, 2663], ""intensity_ncc"": 0.0406, ""gradient_ncc"": 0.0672, ""phase_response"": 0.0339, ""phase_shift_px"": [13.18, 16.49], ""fast_src_kps"": 857, ""fast_ref_kps"": 390, ""fast_candidates"": 0, ""fast_status"": ""no_lowes_filtered_matches"", ""supported"": true, ""support_reasons"": [""gradient_ncc=0.067\u22650.06""], ""status"": ""evaluated""}, {""window_id"": 7, ""grid_rc"": ""2,0"", ""mapped"": true, ""valid_support_pct"": 0.0, ""status"": ""low_valid_support"", ""supported"": false, ""support_reasons"": [""insufficient_valid_pixels""]}, {""window_id"": 8, ""grid_rc"": ""2,1"", ""mapped"": true, ""valid_support_pct"": 23.8, ""status"": ""low_valid_support"", ""supported"": false, ""support_reasons"": [""insufficient_valid_pixels""]}, {""window_id"": 9, ""grid_rc"": ""2,2"", ""mapped"": true, ""valid_support_pct"": 73.3, ""ref_global_rect"": [1918, 3587, 2131, 3663], ""intensity_ncc"": 0.117, ""gradient_ncc"": 0.0216, ""phase_response"": -0.0552, ""phase_shift_px"": [0.98, 18.99], ""fast_src_kps"": 800, ""fast_ref_kps"": 469, ""fast_candidates"": 1, ""fast_status"": ""ok"", ""supported"": true, ""support_reasons"": [""intensity_ncc=0.117\u22650.08""], ""status"": ""evaluated""}]"
OHRC_PAIR_03__dx+2000m_dy+1000m,OHRC_PAIR_03,2000,1000,400,-200,SCREEN_FAIL,2,2,1,2,0,0,False,False,False,False,False,True,1191,925,2191,3925,19.66,274.78,1677.59,1699.94,"[{""window_id"": 1, ""grid_rc"": ""0,0"", ""mapped"": true, ""valid_support_pct"": 0.0, ""status"": ""low_valid_support"", ""supported"": false, ""support_reasons"": [""insufficient_valid_pixels""]}, {""window_id"": 2, ""grid_rc"": ""0,1"", ""mapped"": true, ""valid_support_pct"": 21.6, ""status"": ""low_valid_support"", ""supported"": false, ""support_reasons"": [""insufficient_valid_pixels""]}, {""window_id"": 3, ""grid_rc"": ""0,2"", ""mapped"": true, ""valid_support_pct"": 48.2, ""status"": ""low_valid_support"", ""supported"": false, ""support_reasons"": [""insufficient_valid_pixels""]}, {""window_id"": 4, ""grid_rc"": ""1,0"", ""mapped"": true, ""valid_support_pct"": 26.4, ""status"": ""low_valid_support"", ""supported"": false, ""support_reasons"": [""insufficient_valid_pixels""]}, {""window_id"": 5, ""grid_rc"": ""1,1"", ""mapped"": true, ""valid_support_pct"": 70.2, ""ref_global_rect"": [1584, 2387, 1798, 2463], ""intensity_ncc"": -0.0708, ""gradient_ncc"": -0.0117, ""phase_response"": 0.0285, ""phase_shift_px"": [-16.43, -1.67], ""fast_src_kps"": 603, ""fast_ref_kps"": 368, ""fast_candidates"": 0, ""fast_status"": ""no_lowes_filtered_matches"", ""supported"": false, ""support_reasons"": [], ""status"": ""evaluated""}, {""window_id"": 6, ""grid_rc"": ""1,2"", ""mapped"": true, ""valid_support_pct"": 86.8, ""ref_global_rect"": [1918, 2387, 2131, 2463], ""intensity_ncc"": 0.0822, ""gradient_ncc"": 0.0628, ""phase_response"": -0.0135, ""phase_shift_px"": [-2.06, 20.75], ""fast_src_kps"": 857, ""fast_ref_kps"": 91, ""fast_candidates"": 0, ""fast_status"": ""no_lowes_filtered_matches"", ""supported"": true, ""support_reasons"": [""intensity_ncc=0.082\u22650.08"", ""gradient_ncc=0.063\u22650.06""], ""status"": ""evaluated""}, {""window_id"": 7, ""grid_rc"": ""2,0"", ""mapped"": true, ""valid_support_pct"": 0.0, ""status"": ""low_valid_support"", ""supported"": false, ""support_reasons"": [""insufficient_valid_pixels""]}, {""window_id"": 8, ""grid_rc"": ""2,1"", ""mapped"": true, ""valid_support_pct"": 23.8, ""status"": ""low_valid_support"", ""supported"": false, ""support_reasons"": [""insufficient_valid_pixels""]}, {""window_id"": 9, ""grid_rc"": ""2,2"", ""mapped"": true, ""valid_support_pct"": 73.3, ""ref_global_rect"": [1918, 3387, 2131, 3463], ""intensity_ncc"": 0.0315, ""gradient_ncc"": 0.079, ""phase_response"": 0.0171, ""phase_shift_px"": [1.64, 16.21], ""fast_src_kps"": 800, ""fast_ref_kps"": 284, ""fast_candidates"": 0, ""fast_status"": ""no_lowes_filtered_matches"", ""supported"": true, ""support_reasons"": [""gradient_ncc=0.079\u22650.06""], ""status"": ""evaluated""}]"
OHRC_PAIR_03__dx+2000m_dy+2000m,OHRC_PAIR_03,2000,2000,400,-400,SCREEN_FAIL,3,3,1,1,2,0,False,True,True,True,False,True,1191,725,2191,3725,19.66,274.78,1677.59,1699.94,"[{""window_id"": 1, ""grid_rc"": ""0,0"", ""mapped"": true, ""valid_support_pct"": 0.0, ""status"": ""low_valid_support"", ""supported"": false, ""support_reasons"": [""insufficient_valid_pixels""]}, {""window_id"": 2, ""grid_rc"": ""0,1"", ""mapped"": true, ""valid_support_pct"": 21.6, ""status"": ""low_valid_support"", ""supported"": false, ""support_reasons"": [""insufficient_valid_pixels""]}, {""window_id"": 3, ""grid_rc"": ""0,2"", ""mapped"": true, ""valid_support_pct"": 48.2, ""status"": ""low_valid_support"", ""supported"": false, ""support_reasons"": [""insufficient_valid_pixels""]}, {""window_id"": 4, ""grid_rc"": ""1,0"", ""mapped"": true, ""valid_support_pct"": 26.4, ""status"": ""low_valid_support"", ""supported"": false, ""support_reasons"": [""insufficient_valid_pixels""]}, {""window_id"": 5, ""grid_rc"": ""1,1"", ""mapped"": true, ""valid_support_pct"": 70.2, ""ref_global_rect"": [1584, 2187, 1798, 2263], ""intensity_ncc"": -0.0078, ""gradient_ncc"": -0.003, ""phase_response"": 0.1339, ""phase_shift_px"": [-5.38, 9.08], ""fast_src_kps"": 603, ""fast_ref_kps"": 467, ""fast_candidates"": 0, ""fast_status"": ""no_lowes_filtered_matches"", ""supported"": true, ""support_reasons"": [""phase_resp=0.134\u22650.05""], ""status"": ""evaluated""}, {""window_id"": 6, ""grid_rc"": ""1,2"", ""mapped"": true, ""valid_support_pct"": 86.8, ""ref_global_rect"": [1918, 2187, 2131, 2263], ""intensity_ncc"": -0.0981, ""gradient_ncc"": 0.0445, ""phase_response"": 0.061, ""phase_shift_px"": [4.77, 20.77], ""fast_src_kps"": 857, ""fast_ref_kps"": 100, ""fast_candidates"": 0, ""fast_status"": ""no_lowes_filtered_matches"", ""supported"": true, ""support_reasons"": [""phase_resp=0.061\u22650.05""], ""status"": ""evaluated""}, {""window_id"": 7, ""grid_rc"": ""2,0"", ""mapped"": true, ""valid_support_pct"": 0.0, ""status"": ""low_valid_support"", ""supported"": false, ""support_reasons"": [""insufficient_valid_pixels""]}, {""window_id"": 8, ""grid_rc"": ""2,1"", ""mapped"": true, ""valid_support_pct"": 23.8, ""status"": ""low_valid_support"", ""supported"": false, ""support_reasons"": [""insufficient_valid_pixels""]}, {""window_id"": 9, ""grid_rc"": ""2,2"", ""mapped"": true, ""valid_support_pct"": 73.3, ""ref_global_rect"": [1918, 3187, 2131, 3263], ""intensity_ncc"": 0.1878, ""gradient_ncc"": 0.1361, ""phase_response"": 0.0104, ""phase_shift_px"": [30.44, 8.92], ""fast_src_kps"": 800, ""fast_ref_kps"": 176, ""fast_candidates"": 0, ""fast_status"": ""no_lowes_filtered_matches"", ""supported"": true, ""support_reasons"": [""intensity_ncc=0.188\u22650.08"", ""gradient_ncc=0.136\u22650.06""], ""status"": ""evaluated""}]"
OHRC_PAIR_03__dx+2000m_dy+3000m,OHRC_PAIR_03,2000,3000,400,-600,SCREEN_FAIL,2,2,1,1,1,0,False,False,False,True,False,True,1191,525,2191,3525,19.66,274.78,1677.59,1699.94,"[{""window_id"": 1, ""grid_rc"": ""0,0"", ""mapped"": true, ""valid_support_pct"": 0.0, ""status"": ""low_valid_support"", ""supported"": false, ""support_reasons"": [""insufficient_valid_pixels""]}, {""window_id"": 2, ""grid_rc"": ""0,1"", ""mapped"": true, ""valid_support_pct"": 21.6, ""status"": ""low_valid_support"", ""supported"": false, ""support_reasons"": [""insufficient_valid_pixels""]}, {""window_id"": 3, ""grid_rc"": ""0,2"", ""mapped"": true, ""valid_support_pct"": 48.2, ""status"": ""low_valid_support"", ""supported"": false, ""support_reasons"": [""insufficient_valid_pixels""]}, {""window_id"": 4, ""grid_rc"": ""1,0"", ""mapped"": true, ""valid_support_pct"": 26.4, ""status"": ""low_valid_support"", ""supported"": false, ""support_reasons"": [""insufficient_valid_pixels""]}, {""window_id"": 5, ""grid_rc"": ""1,1"", ""mapped"": true, ""valid_support_pct"": 70.2, ""ref_global_rect"": [1584, 1987, 1798, 2063], ""intensity_ncc"": 0.2368, ""gradient_ncc"": 0.1628, ""phase_response"": 0.0269, ""phase_shift_px"": [10.31, 2.2], ""fast_src_kps"": 603, ""fast_ref_kps"": 485, ""fast_candidates"": 0, ""fast_status"": ""no_lowes_filtered_matches"", ""supported"": true, ""support_reasons"": [""intensity_ncc=0.237\u22650.08"", ""gradient_ncc=0.163\u22650.06""], ""status"": ""evaluated""}, {""window_id"": 6, ""grid_rc"": ""1,2"", ""mapped"": true, ""valid_support_pct"": 86.8, ""ref_global_rect"": [1918, 1987, 2131, 2063], ""intensity_ncc"": -0.0297, ""gradient_ncc"": -0.059, ""phase_response"": 0.035, ""phase_shift_px"": [-38.42, -25.38], ""fast_src_kps"": 857, ""fast_ref_kps"": 59, ""fast_candidates"": 0, ""fast_status"": ""no_lowes_filtered_matches"", ""supported"": false, ""support_reasons"": [], ""status"": ""evaluated""}, {""window_id"": 7, ""grid_rc"": ""2,0"", ""mapped"": true, ""valid_support_pct"": 0.0, ""status"": ""low_valid_support"", ""supported"": false, ""support_reasons"": [""insufficient_valid_pixels""]}, {""window_id"": 8, ""grid_rc"": ""2,1"", ""mapped"": true, ""valid_support_pct"": 23.8, ""status"": ""low_valid_support"", ""supported"": false, ""support_reasons"": [""insufficient_valid_pixels""]}, {""window_id"": 9, ""grid_rc"": ""2,2"", ""mapped"": true, ""valid_support_pct"": 73.3, ""ref_global_rect"": [1918, 2987, 2131, 3063], ""intensity_ncc"": 0.0776, ""gradient_ncc"": 0.0367, ""phase_response"": 0.052, ""phase_shift_px"": [24.02, -19.21], ""fast_src_kps"": 800, ""fast_ref_kps"": 448, ""fast_candidates"": 0, ""fast_status"": ""no_lowes_filtered_matches"", ""supported"": true, ""support_reasons"": [""phase_resp=0.052\u22650.05""], ""status"": ""evaluated""}]"
OHRC_PAIR_03__dx+3000m_dy-3000m,OHRC_PAIR_03,3000,-3000,600,600,SCREEN_FAIL,1,1,0,0,1,0,False,False,False,True,False,True,1391,1725,2391,4725,19.66,274.78,1677.59,1699.94,"[{""window_id"": 1, ""grid_rc"": ""0,0"", ""mapped"": true, ""valid_support_pct"": 0.0, ""status"": ""low_valid_support"", ""supported"": false, ""support_reasons"": [""insufficient_valid_pixels""]}, {""window_id"": 2, ""grid_rc"": ""0,1"", ""mapped"": true, ""valid_support_pct"": 21.6, ""status"": ""low_valid_support"", ""supported"": false, ""support_reasons"": [""insufficient_valid_pixels""]}, {""window_id"": 3, ""grid_rc"": ""0,2"", ""mapped"": true, ""valid_support_pct"": 48.2, ""status"": ""low_valid_support"", ""supported"": false, ""support_reasons"": [""insufficient_valid_pixels""]}, {""window_id"": 4, ""grid_rc"": ""1,0"", ""mapped"": true, ""valid_support_pct"": 26.4, ""status"": ""low_valid_support"", ""supported"": false, ""support_reasons"": [""insufficient_valid_pixels""]}, {""window_id"": 5, ""grid_rc"": ""1,1"", ""mapped"": true, ""valid_support_pct"": 70.2, ""ref_global_rect"": [1784, 3187, 1998, 3263], ""intensity_ncc"": -0.167, ""gradient_ncc"": -0.0755, ""phase_response"": 0.0193, ""phase_shift_px"": [-19.93, -14.59], ""fast_src_kps"": 603, ""fast_ref_kps"": 197, ""fast_candidates"": 0, ""fast_status"": ""no_lowes_filtered_matches"", ""supported"": false, ""support_reasons"": [], ""status"": ""evaluated""}, {""window_id"": 6, ""grid_rc"": ""1,2"", ""mapped"": true, ""valid_support_pct"": 86.8, ""ref_global_rect"": [2118, 3187, 2331, 3263], ""intensity_ncc"": -0.1667, ""gradient_ncc"": -0.0402, ""phase_response"": 0.0857, ""phase_shift_px"": [-38.75, 18.02], ""fast_src_kps"": 857, ""fast_ref_kps"": 599, ""fast_candidates"": 0, ""fast_status"": ""no_lowes_filtered_matches"", ""supported"": true, ""support_reasons"": [""phase_resp=0.086\u22650.05""], ""status"": ""evaluated""}, {""window_id"": 7, ""grid_rc"": ""2,0"", ""mapped"": true, ""valid_support_pct"": 0.0, ""status"": ""low_valid_support"", ""supported"": false, ""support_reasons"": [""insufficient_valid_pixels""]}, {""window_id"": 8, ""grid_rc"": ""2,1"", ""mapped"": true, ""valid_support_pct"": 23.8, ""status"": ""low_valid_support"", ""supported"": false, ""support_reasons"": [""insufficient_valid_pixels""]}, {""window_id"": 9, ""grid_rc"": ""2,2"", ""mapped"": true, ""valid_support_pct"": 73.3, ""ref_global_rect"": [2118, 4187, 2331, 4263], ""intensity_ncc"": 0.0489, ""gradient_ncc"": 0.0043, ""phase_response"": -0.0047, ""phase_shift_px"": [-33.23, -22.87], ""fast_src_kps"": 800, ""fast_ref_kps"": 639, ""fast_candidates"": 0, ""fast_status"": ""no_lowes_filtered_matches"", ""supported"": false, ""support_reasons"": [], ""status"": ""evaluated""}]"
OHRC_PAIR_03__dx+3000m_dy-2000m,OHRC_PAIR_03,3000,-2000,600,400,SCREEN_FAIL,3,3,1,0,2,0,False,True,True,True,False,True,1391,1525,2391,4525,19.66,274.78,1677.59,1699.94,"[{""window_id"": 1, ""grid_rc"": ""0,0"", ""mapped"": true, ""valid_support_pct"": 0.0, ""status"": ""low_valid_support"", ""supported"": false, ""support_reasons"": [""insufficient_valid_pixels""]}, {""window_id"": 2, ""grid_rc"": ""0,1"", ""mapped"": true, ""valid_support_pct"": 21.6, ""status"": ""low_valid_support"", ""supported"": false, ""support_reasons"": [""insufficient_valid_pixels""]}, {""window_id"": 3, ""grid_rc"": ""0,2"", ""mapped"": true, ""valid_support_pct"": 48.2, ""status"": ""low_valid_support"", ""supported"": false, ""support_reasons"": [""insufficient_valid_pixels""]}, {""window_id"": 4, ""grid_rc"": ""1,0"", ""mapped"": true, ""valid_support_pct"": 26.4, ""status"": ""low_valid_support"", ""supported"": false, ""support_reasons"": [""insufficient_valid_pixels""]}, {""window_id"": 5, ""grid_rc"": ""1,1"", ""mapped"": true, ""valid_support_pct"": 70.2, ""ref_global_rect"": [1784, 2987, 1998, 3063], ""intensity_ncc"": 0.0166, ""gradient_ncc"": -0.0117, ""phase_response"": 0.1169, ""phase_shift_px"": [-32.47, 8.49], ""fast_src_kps"": 603, ""fast_ref_kps"": 441, ""fast_candidates"": 0, ""fast_status"": ""no_lowes_filtered_matches"", ""supported"": true, ""support_reasons"": [""phase_resp=0.117\u22650.05""], ""status"": ""evaluated""}, {""window_id"": 6, ""grid_rc"": ""1,2"", ""mapped"": true, ""valid_support_pct"": 86.8, ""ref_global_rect"": [2118, 2987, 2331, 3063], ""intensity_ncc"": 0.1015, ""gradient_ncc"": -0.0474, ""phase_response"": -0.034, ""phase_shift_px"": [-23.65, 35.53], ""fast_src_kps"": 857, ""fast_ref_kps"": 423, ""fast_candidates"": 0, ""fast_status"": ""no_lowes_filtered_matches"", ""supported"": true, ""support_reasons"": [""intensity_ncc=0.102\u22650.08""], ""status"": ""evaluated""}, {""window_id"": 7, ""grid_rc"": ""2,0"", ""mapped"": true, ""valid_support_pct"": 0.0, ""status"": ""low_valid_support"", ""supported"": false, ""support_reasons"": [""insufficient_valid_pixels""]}, {""window_id"": 8, ""grid_rc"": ""2,1"", ""mapped"": true, ""valid_support_pct"": 23.8, ""status"": ""low_valid_support"", ""supported"": false, ""support_reasons"": [""insufficient_valid_pixels""]}, {""window_id"": 9, ""grid_rc"": ""2,2"", ""mapped"": true, ""valid_support_pct"": 73.3, ""ref_global_rect"": [2118, 3987, 2331, 4063], ""intensity_ncc"": 0.0415, ""gradient_ncc"": 0.0257, ""phase_response"": 0.0869, ""phase_shift_px"": [2.42, 26.82], ""fast_src_kps"": 800, ""fast_ref_kps"": 444, ""fast_candidates"": 0, ""fast_status"": ""no_lowes_filtered_matches"", ""supported"": true, ""support_reasons"": [""phase_resp=0.087\u22650.05""], ""status"": ""evaluated""}]"
OHRC_PAIR_03__dx+3000m_dy-1000m,OHRC_PAIR_03,3000,-1000,600,200,SCREEN_FAIL,2,2,1,1,2,0,False,False,False,True,False,True,1391,1325,2391,4325,19.66,274.78,1677.59,1699.94,"[{""window_id"": 1, ""grid_rc"": ""0,0"", ""mapped"": true, ""valid_support_pct"": 0.0, ""status"": ""low_valid_support"", ""supported"": false, ""support_reasons"": [""insufficient_valid_pixels""]}, {""window_id"": 2, ""grid_rc"": ""0,1"", ""mapped"": true, ""valid_support_pct"": 21.6, ""status"": ""low_valid_support"", ""supported"": false, ""support_reasons"": [""insufficient_valid_pixels""]}, {""window_id"": 3, ""grid_rc"": ""0,2"", ""mapped"": true, ""valid_support_pct"": 48.2, ""status"": ""low_valid_support"", ""supported"": false, ""support_reasons"": [""insufficient_valid_pixels""]}, {""window_id"": 4, ""grid_rc"": ""1,0"", ""mapped"": true, ""valid_support_pct"": 26.4, ""status"": ""low_valid_support"", ""supported"": false, ""support_reasons"": [""insufficient_valid_pixels""]}, {""window_id"": 5, ""grid_rc"": ""1,1"", ""mapped"": true, ""valid_support_pct"": 70.2, ""ref_global_rect"": [1784, 2787, 1998, 2863], ""intensity_ncc"": 0.2136, ""gradient_ncc"": 0.0757, ""phase_response"": 0.0749, ""phase_shift_px"": [-38.41, 14.9], ""fast_src_kps"": 603, ""fast_ref_kps"": 566, ""fast_candidates"": 0, ""fast_status"": ""no_lowes_filtered_matches"", ""supported"": true, ""support_reasons"": [""intensity_ncc=0.214\u22650.08"", ""gradient_ncc=0.076\u22650.06"", ""phase_resp=0.075\u22650.05""], ""status"": ""evaluated""}, {""window_id"": 6, ""grid_rc"": ""1,2"", ""mapped"": true, ""valid_support_pct"": 86.8, ""ref_global_rect"": [2118, 2787, 2331, 2863], ""intensity_ncc"": -0.2312, ""gradient_ncc"": -0.1491, ""phase_response"": 0.0391, ""phase_shift_px"": [-24.29, 52.13], ""fast_src_kps"": 857, ""fast_ref_kps"": 287, ""fast_candidates"": 0, ""fast_status"": ""no_lowes_filtered_matches"", ""supported"": false, ""support_reasons"": [], ""status"": ""evaluated""}, {""window_id"": 7, ""grid_rc"": ""2,0"", ""mapped"": true, ""valid_support_pct"": 0.0, ""status"": ""low_valid_support"", ""supported"": false, ""support_reasons"": [""insufficient_valid_pixels""]}, {""window_id"": 8, ""grid_rc"": ""2,1"", ""mapped"": true, ""valid_support_pct"": 23.8, ""status"": ""low_valid_support"", ""supported"": false, ""support_reasons"": [""insufficient_valid_pixels""]}, {""window_id"": 9, ""grid_rc"": ""2,2"", ""mapped"": true, ""valid_support_pct"": 73.3, ""ref_global_rect"": [2118, 3787, 2331, 3863], ""intensity_ncc"": -0.0114, ""gradient_ncc"": -0.0264, ""phase_response"": 0.0761, ""phase_shift_px"": [-19.04, -17.28], ""fast_src_kps"": 800, ""fast_ref_kps"": 369, ""fast_candidates"": 0, ""fast_status"": ""no_lowes_filtered_matches"", ""supported"": true, ""support_reasons"": [""phase_resp=0.076\u22650.05""], ""status"": ""evaluated""}]"
OHRC_PAIR_03__dx+3000m_dy+0m,OHRC_PAIR_03,3000,0,600,0,SCREEN_FAIL,2,2,1,0,2,0,False,False,False,True,False,True,1391,1125,2391,4125,19.66,274.78,1677.59,1699.94,"[{""window_id"": 1, ""grid_rc"": ""0,0"", ""mapped"": true, ""valid_support_pct"": 0.0, ""status"": ""low_valid_support"", ""supported"": false, ""support_reasons"": [""insufficient_valid_pixels""]}, {""window_id"": 2, ""grid_rc"": ""0,1"", ""mapped"": true, ""valid_support_pct"": 21.6, ""status"": ""low_valid_support"", ""supported"": false, ""support_reasons"": [""insufficient_valid_pixels""]}, {""window_id"": 3, ""grid_rc"": ""0,2"", ""mapped"": true, ""valid_support_pct"": 48.2, ""status"": ""low_valid_support"", ""supported"": false, ""support_reasons"": [""insufficient_valid_pixels""]}, {""window_id"": 4, ""grid_rc"": ""1,0"", ""mapped"": true, ""valid_support_pct"": 26.4, ""status"": ""low_valid_support"", ""supported"": false, ""support_reasons"": [""insufficient_valid_pixels""]}, {""window_id"": 5, ""grid_rc"": ""1,1"", ""mapped"": true, ""valid_support_pct"": 70.2, ""ref_global_rect"": [1784, 2587, 1998, 2663], ""intensity_ncc"": 0.0917, ""gradient_ncc"": 0.0482, ""phase_response"": 0.0538, ""phase_shift_px"": [-2.04, -7.82], ""fast_src_kps"": 603, ""fast_ref_kps"": 366, ""fast_candidates"": 0, ""fast_status"": ""no_lowes_filtered_matches"", ""supported"": true, ""support_reasons"": [""intensity_ncc=0.092\u22650.08"", ""phase_resp=0.054\u22650.05""], ""status"": ""evaluated""}, {""window_id"": 6, ""grid_rc"": ""1,2"", ""mapped"": true, ""valid_support_pct"": 86.8, ""ref_global_rect"": [2118, 2587, 2331, 2663], ""intensity_ncc"": -0.1426, ""gradient_ncc"": -0.1103, ""phase_response"": -0.0435, ""phase_shift_px"": [-21.0, -26.62], ""fast_src_kps"": 857, ""fast_ref_kps"": 427, ""fast_candidates"": 1, ""fast_status"": ""ok"", ""supported"": false, ""support_reasons"": [], ""status"": ""evaluated""}, {""window_id"": 7, ""grid_rc"": ""2,0"", ""mapped"": true, ""valid_support_pct"": 0.0, ""status"": ""low_valid_support"", ""supported"": false, ""support_reasons"": [""insufficient_valid_pixels""]}, {""window_id"": 8, ""grid_rc"": ""2,1"", ""mapped"": true, ""valid_support_pct"": 23.8, ""status"": ""low_valid_support"", ""supported"": false, ""support_reasons"": [""insufficient_valid_pixels""]}, {""window_id"": 9, ""grid_rc"": ""2,2"", ""mapped"": true, ""valid_support_pct"": 73.3, ""ref_global_rect"": [2118, 3587, 2331, 3663], ""intensity_ncc"": -0.0685, ""gradient_ncc"": -0.0127, ""phase_response"": 0.0666, ""phase_shift_px"": [-18.1, -4.89], ""fast_src_kps"": 800, ""fast_ref_kps"": 326, ""fast_candidates"": 0, ""fast_status"": ""no_lowes_filtered_matches"", ""supported"": true, ""support_reasons"": [""phase_resp=0.067\u22650.05""], ""status"": ""evaluated""}]"
OHRC_PAIR_03__dx+3000m_dy+1000m,OHRC_PAIR_03,3000,1000,600,-200,SCREEN_FAIL,2,2,1,0,1,0,False,False,False,True,False,True,1391,925,2391,3925,19.66,274.78,1677.59,1699.94,"[{""window_id"": 1, ""grid_rc"": ""0,0"", ""mapped"": true, ""valid_support_pct"": 0.0, ""status"": ""low_valid_support"", ""supported"": false, ""support_reasons"": [""insufficient_valid_pixels""]}, {""window_id"": 2, ""grid_rc"": ""0,1"", ""mapped"": true, ""valid_support_pct"": 21.6, ""status"": ""low_valid_support"", ""supported"": false, ""support_reasons"": [""insufficient_valid_pixels""]}, {""window_id"": 3, ""grid_rc"": ""0,2"", ""mapped"": true, ""valid_support_pct"": 48.2, ""status"": ""low_valid_support"", ""supported"": false, ""support_reasons"": [""insufficient_valid_pixels""]}, {""window_id"": 4, ""grid_rc"": ""1,0"", ""mapped"": true, ""valid_support_pct"": 26.4, ""status"": ""low_valid_support"", ""supported"": false, ""support_reasons"": [""insufficient_valid_pixels""]}, {""window_id"": 5, ""grid_rc"": ""1,1"", ""mapped"": true, ""valid_support_pct"": 70.2, ""ref_global_rect"": [1784, 2387, 1998, 2463], ""intensity_ncc"": -0.1819, ""gradient_ncc"": -0.1032, ""phase_response"": 0.0641, ""phase_shift_px"": [-28.05, -25.65], ""fast_src_kps"": 603, ""fast_ref_kps"": 180, ""fast_candidates"": 0, ""fast_status"": ""no_lowes_filtered_matches"", ""supported"": true, ""support_reasons"": [""phase_resp=0.064\u22650.05""], ""status"": ""evaluated""}, {""window_id"": 6, ""grid_rc"": ""1,2"", ""mapped"": true, ""valid_support_pct"": 86.8, ""ref_global_rect"": [2118, 2387, 2331, 2463], ""intensity_ncc"": -0.0182, ""gradient_ncc"": -0.0267, ""phase_response"": 0.006, ""phase_shift_px"": [-8.89, 3.84], ""fast_src_kps"": 857, ""fast_ref_kps"": 277, ""fast_candidates"": 0, ""fast_status"": ""no_lowes_filtered_matches"", ""supported"": false, ""support_reasons"": [], ""status"": ""evaluated""}, {""window_id"": 7, ""grid_rc"": ""2,0"", ""mapped"": true, ""valid_support_pct"": 0.0, ""status"": ""low_valid_support"", ""supported"": false, ""support_reasons"": [""insufficient_valid_pixels""]}, {""window_id"": 8, ""grid_rc"": ""2,1"", ""mapped"": true, ""valid_support_pct"": 23.8, ""status"": ""low_valid_support"", ""supported"": false, ""support_reasons"": [""insufficient_valid_pixels""]}, {""window_id"": 9, ""grid_rc"": ""2,2"", ""mapped"": true, ""valid_support_pct"": 73.3, ""ref_global_rect"": [2118, 3387, 2331, 3463], ""intensity_ncc"": 0.1195, ""gradient_ncc"": 0.0462, ""phase_response"": -0.0127, ""phase_shift_px"": [-3.67, -10.33], ""fast_src_kps"": 800, ""fast_ref_kps"": 325, ""fast_candidates"": 0, ""fast_status"": ""no_lowes_filtered_matches"", ""supported"": true, ""support_reasons"": [""intensity_ncc=0.119\u22650.08""], ""status"": ""evaluated""}]"
OHRC_PAIR_03__dx+3000m_dy+2000m,OHRC_PAIR_03,3000,2000,600,-400,SCREEN_FAIL,2,2,1,1,1,0,False,False,False,True,False,True,1391,725,2391,3725,19.66,274.78,1677.59,1699.94,"[{""window_id"": 1, ""grid_rc"": ""0,0"", ""mapped"": true, ""valid_support_pct"": 0.0, ""status"": ""low_valid_support"", ""supported"": false, ""support_reasons"": [""insufficient_valid_pixels""]}, {""window_id"": 2, ""grid_rc"": ""0,1"", ""mapped"": true, ""valid_support_pct"": 21.6, ""status"": ""low_valid_support"", ""supported"": false, ""support_reasons"": [""insufficient_valid_pixels""]}, {""window_id"": 3, ""grid_rc"": ""0,2"", ""mapped"": true, ""valid_support_pct"": 48.2, ""status"": ""low_valid_support"", ""supported"": false, ""support_reasons"": [""insufficient_valid_pixels""]}, {""window_id"": 4, ""grid_rc"": ""1,0"", ""mapped"": true, ""valid_support_pct"": 26.4, ""status"": ""low_valid_support"", ""supported"": false, ""support_reasons"": [""insufficient_valid_pixels""]}, {""window_id"": 5, ""grid_rc"": ""1,1"", ""mapped"": true, ""valid_support_pct"": 70.2, ""ref_global_rect"": [1784, 2187, 1998, 2263], ""intensity_ncc"": -0.2188, ""gradient_ncc"": -0.1535, ""phase_response"": 0.0454, ""phase_shift_px"": [-29.79, 20.96], ""fast_src_kps"": 603, ""fast_ref_kps"": 228, ""fast_candidates"": 0, ""fast_status"": ""no_lowes_filtered_matches"", ""supported"": false, ""support_reasons"": [], ""status"": ""evaluated""}, {""window_id"": 6, ""grid_rc"": ""1,2"", ""mapped"": true, ""valid_support_pct"": 86.8, ""ref_global_rect"": [2118, 2187, 2331, 2263], ""intensity_ncc"": 0.1322, ""gradient_ncc"": 0.0746, ""phase_response"": -0.0376, ""phase_shift_px"": [12.93, -17.8], ""fast_src_kps"": 857, ""fast_ref_kps"": 353, ""fast_candidates"": 1, ""fast_status"": ""ok"", ""supported"": true, ""support_reasons"": [""intensity_ncc=0.132\u22650.08"", ""gradient_ncc=0.075\u22650.06""], ""status"": ""evaluated""}, {""window_id"": 7, ""grid_rc"": ""2,0"", ""mapped"": true, ""valid_support_pct"": 0.0, ""status"": ""low_valid_support"", ""supported"": false, ""support_reasons"": [""insufficient_valid_pixels""]}, {""window_id"": 8, ""grid_rc"": ""2,1"", ""mapped"": true, ""valid_support_pct"": 23.8, ""status"": ""low_valid_support"", ""supported"": false, ""support_reasons"": [""insufficient_valid_pixels""]}, {""window_id"": 9, ""grid_rc"": ""2,2"", ""mapped"": true, ""valid_support_pct"": 73.3, ""ref_global_rect"": [2118, 3187, 2331, 3263], ""intensity_ncc"": -0.156, ""gradient_ncc"": -0.0153, ""phase_response"": 0.0787, ""phase_shift_px"": [-17.17, -25.68], ""fast_src_kps"": 800, ""fast_ref_kps"": 599, ""fast_candidates"": 0, ""fast_status"": ""no_lowes_filtered_matches"", ""supported"": true, ""support_reasons"": [""phase_resp=0.079\u22650.05""], ""status"": ""evaluated""}]"
OHRC_PAIR_03__dx+3000m_dy+3000m,OHRC_PAIR_03,3000,3000,600,-600,SCREEN_FAIL,2,2,1,0,1,0,False,False,False,True,False,True,1391,525,2391,3525,19.66,274.78,1677.59,1699.94,"[{""window_id"": 1, ""grid_rc"": ""0,0"", ""mapped"": true, ""valid_support_pct"": 0.0, ""status"": ""low_valid_support"", ""supported"": false, ""support_reasons"": [""insufficient_valid_pixels""]}, {""window_id"": 2, ""grid_rc"": ""0,1"", ""mapped"": true, ""valid_support_pct"": 21.6, ""status"": ""low_valid_support"", ""supported"": false, ""support_reasons"": [""insufficient_valid_pixels""]}, {""window_id"": 3, ""grid_rc"": ""0,2"", ""mapped"": true, ""valid_support_pct"": 48.2, ""status"": ""low_valid_support"", ""supported"": false, ""support_reasons"": [""insufficient_valid_pixels""]}, {""window_id"": 4, ""grid_rc"": ""1,0"", ""mapped"": true, ""valid_support_pct"": 26.4, ""status"": ""low_valid_support"", ""supported"": false, ""support_reasons"": [""insufficient_valid_pixels""]}, {""window_id"": 5, ""grid_rc"": ""1,1"", ""mapped"": true, ""valid_support_pct"": 70.2, ""ref_global_rect"": [1784, 1987, 1998, 2063], ""intensity_ncc"": -0.1955, ""gradient_ncc"": -0.1365, ""phase_response"": 0.0027, ""phase_shift_px"": [-37.77, 56.14], ""fast_src_kps"": 603, ""fast_ref_kps"": 446, ""fast_candidates"": 0, ""fast_status"": ""no_lowes_filtered_matches"", ""supported"": false, ""support_reasons"": [], ""status"": ""evaluated""}, {""window_id"": 6, ""grid_rc"": ""1,2"", ""mapped"": true, ""valid_support_pct"": 86.8, ""ref_global_rect"": [2118, 1987, 2331, 2063], ""intensity_ncc"": 0.1234, ""gradient_ncc"": 0.0145, ""phase_response"": 0.0202, ""phase_shift_px"": [-5.1, 18.37], ""fast_src_kps"": 857, ""fast_ref_kps"": 163, ""fast_candidates"": 1, ""fast_status"": ""ok"", ""supported"": true, ""support_reasons"": [""intensity_ncc=0.123\u22650.08""], ""status"": ""evaluated""}, {""window_id"": 7, ""grid_rc"": ""2,0"", ""mapped"": true, ""valid_support_pct"": 0.0, ""status"": ""low_valid_support"", ""supported"": false, ""support_reasons"": [""insufficient_valid_pixels""]}, {""window_id"": 8, ""grid_rc"": ""2,1"", ""mapped"": true, ""valid_support_pct"": 23.8, ""status"": ""low_valid_support"", ""supported"": false, ""support_reasons"": [""insufficient_valid_pixels""]}, {""window_id"": 9, ""grid_rc"": ""2,2"", ""mapped"": true, ""valid_support_pct"": 73.3, ""ref_global_rect"": [2118, 2987, 2331, 3063], ""intensity_ncc"": 0.06, ""gradient_ncc"": -0.0342, ""phase_response"": 0.1057, ""phase_shift_px"": [17.27, -6.64], ""fast_src_kps"": 800, ""fast_ref_kps"": 423, ""fast_candidates"": 0, ""fast_status"": ""no_lowes_filtered_matches"", ""supported"": true, ""support_reasons"": [""phase_resp=0.106\u22650.05""], ""status"": ""evaluated""}]"
OHRC_PAIR_04__dx-3000m_dy-3000m,OHRC_PAIR_04,-3000,-3000,-600,600,SCREEN_FAIL,3,3,2,0,1,0,False,True,True,True,False,True,623,1546,1623,4546,14.998,627.35,2088.93,2181.1,"[{""window_id"": 1, ""grid_rc"": ""0,0"", ""mapped"": true, ""valid_support_pct"": 87.8, ""ref_global_rect"": [674, 2005, 906, 2087], ""intensity_ncc"": 0.1542, ""gradient_ncc"": 0.0299, ""phase_response"": 0.0091, ""phase_shift_px"": [-3.85, -15.95], ""fast_src_kps"": 885, ""fast_ref_kps"": 448, ""fast_candidates"": 0, ""fast_status"": ""no_lowes_filtered_matches"", ""supported"": true, ""support_reasons"": [""intensity_ncc=0.154\u22650.08""], ""status"": ""evaluated""}, {""window_id"": 2, ""grid_rc"": ""0,1"", ""mapped"": true, ""valid_support_pct"": 71.9, ""ref_global_rect"": [1007, 2005, 1239, 2087], ""intensity_ncc"": 0.1953, ""gradient_ncc"": -0.0089, ""phase_response"": 0.0368, ""phase_shift_px"": [23.59, -24.9], ""fast_src_kps"": 707, ""fast_ref_kps"": 335, ""fast_candidates"": 0, ""fast_status"": ""no_lowes_filtered_matches"", ""supported"": true, ""support_reasons"": [""intensity_ncc=0.195\u22650.08""], ""status"": ""evaluated""}, {""window_id"": 3, ""grid_rc"": ""0,2"", ""mapped"": true, ""valid_support_pct"": 0.1, ""status"": ""low_valid_support"", ""supported"": false, ""support_reasons"": [""insufficient_valid_pixels""]}, {""window_id"": 4, ""grid_rc"": ""1,0"", ""mapped"": true, ""valid_support_pct"": 0.0, ""status"": ""low_valid_support"", ""supported"": false, ""support_reasons"": [""insufficient_valid_pixels""]}, {""window_id"": 5, ""grid_rc"": ""1,1"", ""mapped"": true, ""valid_support_pct"": 0.0, ""status"": ""low_valid_support"", ""supported"": false, ""support_reasons"": [""insufficient_valid_pixels""]}, {""window_id"": 6, ""grid_rc"": ""1,2"", ""mapped"": true, ""valid_support_pct"": 0.0, ""status"": ""low_valid_support"", ""supported"": false, ""support_reasons"": [""insufficient_valid_pixels""]}, {""window_id"": 7, ""grid_rc"": ""2,0"", ""mapped"": true, ""valid_support_pct"": 91.6, ""ref_global_rect"": [674, 4005, 906, 4087], ""intensity_ncc"": -0.0436, ""gradient_ncc"": -0.0025, ""phase_response"": -0.0162, ""phase_shift_px"": [-20.67, 4.47], ""fast_src_kps"": 847, ""fast_ref_kps"": 367, ""fast_candidates"": 0, ""fast_status"": ""no_lowes_filtered_matches"", ""supported"": false, ""support_reasons"": [], ""status"": ""evaluated""}, {""window_id"": 8, ""grid_rc"": ""2,1"", ""mapped"": true, ""valid_support_pct"": 72.7, ""ref_global_rect"": [1007, 4005, 1239, 4087], ""intensity_ncc"": -0.1796, ""gradient_ncc"": -0.0298, ""phase_response"": 0.0547, ""phase_shift_px"": [2.25, -5.39], ""fast_src_kps"": 622, ""fast_ref_kps"": 499, ""fast_candidates"": 0, ""fast_status"": ""no_lowes_filtered_matches"", ""supported"": true, ""support_reasons"": [""phase_resp=0.055\u22650.05""], ""status"": ""evaluated""}, {""window_id"": 9, ""grid_rc"": ""2,2"", ""mapped"": true, ""valid_support_pct"": 8.6, ""status"": ""low_valid_support"", ""supported"": false, ""support_reasons"": [""insufficient_valid_pixels""]}]"
OHRC_PAIR_04__dx-3000m_dy-2000m,OHRC_PAIR_04,-3000,-2000,-600,400,SCREEN_FAIL,3,3,3,2,3,0,False,True,True,True,False,True,623,1346,1623,4346,14.998,627.35,2088.93,2181.1,"[{""window_id"": 1, ""grid_rc"": ""0,0"", ""mapped"": true, ""valid_support_pct"": 87.8, ""ref_global_rect"": [674, 1805, 906, 1887], ""intensity_ncc"": -0.2688, ""gradient_ncc"": -0.03, ""phase_response"": 0.0349, ""phase_shift_px"": [13.12, -1.59], ""fast_src_kps"": 885, ""fast_ref_kps"": 309, ""fast_candidates"": 0, ""fast_status"": ""no_lowes_filtered_matches"", ""supported"": false, ""support_reasons"": [], ""status"": ""evaluated""}, {""window_id"": 2, ""grid_rc"": ""0,1"", ""mapped"": true, ""valid_support_pct"": 71.9, ""ref_global_rect"": [1007, 1805, 1239, 1887], ""intensity_ncc"": 0.1046, ""gradient_ncc"": 0.0945, ""phase_response"": 0.1741, ""phase_shift_px"": [0.57, -2.08], ""fast_src_kps"": 707, ""fast_ref_kps"": 477, ""fast_candidates"": 0, ""fast_status"": ""no_lowes_filtered_matches"", ""supported"": true, ""support_reasons"": [""intensity_ncc=0.105\u22650.08"", ""gradient_ncc=0.095\u22650.06"", ""phase_resp=0.174\u22650.05""], ""status"": ""evaluated""}, {""window_id"": 3, ""grid_rc"": ""0,2"", ""mapped"": true, ""valid_support_pct"": 0.1, ""status"": ""low_valid_support"", ""supported"": false, ""support_reasons"": [""insufficient_valid_pixels""]}, {""window_id"": 4, ""grid_rc"": ""1,0"", ""mapped"": true, ""valid_support_pct"": 0.0, ""status"": ""low_valid_support"", ""supported"": false, ""support_reasons"": [""insufficient_valid_pixels""]}, {""window_id"": 5, ""grid_rc"": ""1,1"", ""mapped"": true, ""valid_support_pct"": 0.0, ""status"": ""low_valid_support"", ""supported"": false, ""support_reasons"": [""insufficient_valid_pixels""]}, {""window_id"": 6, ""grid_rc"": ""1,2"", ""mapped"": true, ""valid_support_pct"": 0.0, ""status"": ""low_valid_support"", ""supported"": false, ""support_reasons"": [""insufficient_valid_pixels""]}, {""window_id"": 7, ""grid_rc"": ""2,0"", ""mapped"": true, ""valid_support_pct"": 91.6, ""ref_global_rect"": [674, 3805, 906, 3887], ""intensity_ncc"": 0.0844, ""gradient_ncc"": -0.0591, ""phase_response"": 0.083, ""phase_shift_px"": [-12.58, -28.84], ""fast_src_kps"": 847, ""fast_ref_kps"": 429, ""fast_candidates"": 0, ""fast_status"": ""no_lowes_filtered_matches"", ""supported"": true, ""support_reasons"": [""intensity_ncc=0.084\u22650.08"", ""phase_resp=0.083\u22650.05""], ""status"": ""evaluated""}, {""window_id"": 8, ""grid_rc"": ""2,1"", ""mapped"": true, ""valid_support_pct"": 72.7, ""ref_global_rect"": [1007, 3805, 1239, 3887], ""intensity_ncc"": 0.0952, ""gradient_ncc"": 0.0861, ""phase_response"": 0.0531, ""phase_shift_px"": [48.41, 18.25], ""fast_src_kps"": 622, ""fast_ref_kps"": 497, ""fast_candidates"": 0, ""fast_status"": ""no_lowes_filtered_matches"", ""supported"": true, ""support_reasons"": [""intensity_ncc=0.095\u22650.08"", ""gradient_ncc=0.086\u22650.06"", ""phase_resp=0.053\u22650.05""], ""status"": ""evaluated""}, {""window_id"": 9, ""grid_rc"": ""2,2"", ""mapped"": true, ""valid_support_pct"": 8.6, ""status"": ""low_valid_support"", ""supported"": false, ""support_reasons"": [""insufficient_valid_pixels""]}]"
OHRC_PAIR_04__dx-3000m_dy-1000m,OHRC_PAIR_04,-3000,-1000,-600,200,SCREEN_FAIL,3,3,0,0,3,0,False,True,True,True,False,True,623,1146,1623,4146,14.998,627.35,2088.93,2181.1,"[{""window_id"": 1, ""grid_rc"": ""0,0"", ""mapped"": true, ""valid_support_pct"": 87.8, ""ref_global_rect"": [674, 1605, 906, 1687], ""intensity_ncc"": 0.0649, ""gradient_ncc"": 0.0376, ""phase_response"": -0.0023, ""phase_shift_px"": [-10.83, 38.7], ""fast_src_kps"": 885, ""fast_ref_kps"": 584, ""fast_candidates"": 0, ""fast_status"": ""no_lowes_filtered_matches"", ""supported"": false, ""support_reasons"": [], ""status"": ""evaluated""}, {""window_id"": 2, ""grid_rc"": ""0,1"", ""mapped"": true, ""valid_support_pct"": 71.9, ""ref_global_rect"": [1007, 1605, 1239, 1687], ""intensity_ncc"": -0.1614, ""gradient_ncc"": 0.0074, ""phase_response"": 0.0947, ""phase_shift_px"": [-15.76, -2.9], ""fast_src_kps"": 707, ""fast_ref_kps"": 343, ""fast_candidates"": 1, ""fast_status"": ""ok"", ""supported"": true, ""support_reasons"": [""phase_resp=0.095\u22650.05""], ""status"": ""evaluated""}, {""window_id"": 3, ""grid_rc"": ""0,2"", ""mapped"": true, ""valid_support_pct"": 0.1, ""status"": ""low_valid_support"", ""supported"": false, ""support_reasons"": [""insufficient_valid_pixels""]}, {""window_id"": 4, ""grid_rc"": ""1,0"", ""mapped"": true, ""valid_support_pct"": 0.0, ""status"": ""low_valid_support"", ""supported"": false, ""support_reasons"": [""insufficient_valid_pixels""]}, {""window_id"": 5, ""grid_rc"": ""1,1"", ""mapped"": true, ""valid_support_pct"": 0.0, ""status"": ""low_valid_support"", ""supported"": false, ""support_reasons"": [""insufficient_valid_pixels""]}, {""window_id"": 6, ""grid_rc"": ""1,2"", ""mapped"": true, ""valid_support_pct"": 0.0, ""status"": ""low_valid_support"", ""supported"": false, ""support_reasons"": [""insufficient_valid_pixels""]}, {""window_id"": 7, ""grid_rc"": ""2,0"", ""mapped"": true, ""valid_support_pct"": 91.6, ""ref_global_rect"": [674, 3605, 906, 3687], ""intensity_ncc"": -0.0945, ""gradient_ncc"": -0.0073, ""phase_response"": 0.0843, ""phase_shift_px"": [6.76, 13.37], ""fast_src_kps"": 847, ""fast_ref_kps"": 654, ""fast_candidates"": 0, ""fast_status"": ""no_lowes_filtered_matches"", ""supported"": true, ""support_reasons"": [""phase_resp=0.084\u22650.05""], ""status"": ""evaluated""}, {""window_id"": 8, ""grid_rc"": ""2,1"", ""mapped"": true, ""valid_support_pct"": 72.7, ""ref_global_rect"": [1007, 3605, 1239, 3687], ""intensity_ncc"": -0.0326, ""gradient_ncc"": -0.0218, ""phase_response"": 0.0504, ""phase_shift_px"": [-28.61, -12.04], ""fast_src_kps"": 622, ""fast_ref_kps"": 487, ""fast_candidates"": 0, ""fast_status"": ""no_lowes_filtered_matches"", ""supported"": true, ""support_reasons"": [""phase_resp=0.050\u22650.05""], ""status"": ""evaluated""}, {""window_id"": 9, ""grid_rc"": ""2,2"", ""mapped"": true, ""valid_support_pct"": 8.6, ""status"": ""low_valid_support"", ""supported"": false, ""support_reasons"": [""insufficient_valid_pixels""]}]"
OHRC_PAIR_04__dx-3000m_dy+0m,OHRC_PAIR_04,-3000,0,-600,0,SCREEN_FAIL,2,2,2,1,1,0,False,False,False,True,False,True,623,946,1623,3946,14.998,627.35,2088.93,2181.1,"[{""window_id"": 1, ""grid_rc"": ""0,0"", ""mapped"": true, ""valid_support_pct"": 87.8, ""ref_global_rect"": [674, 1405, 906, 1487], ""intensity_ncc"": 0.2676, ""gradient_ncc"": 0.1115, ""phase_response"": 0.0394, ""phase_shift_px"": [-31.22, 7.01], ""fast_src_kps"": 885, ""fast_ref_kps"": 459, ""fast_candidates"": 2, ""fast_status"": ""ok"", ""supported"": true, ""support_reasons"": [""intensity_ncc=0.268\u22650.08"", ""gradient_ncc=0.112\u22650.06""], ""status"": ""evaluated""}, {""window_id"": 2, ""grid_rc"": ""0,1"", ""mapped"": true, ""valid_support_pct"": 71.9, ""ref_global_rect"": [1007, 1405, 1239, 1487], ""intensity_ncc"": 0.0, ""gradient_ncc"": 0.0, ""phase_response"": 0.0, ""phase_shift_px"": [64.0, 64.0], ""fast_src_kps"": 792, ""fast_ref_kps"": 0, ""fast_candidates"": 0, ""fast_status"": ""insufficient_keypoints"", ""supported"": false, ""support_reasons"": [], ""status"": ""evaluated""}, {""window_id"": 3, ""grid_rc"": ""0,2"", ""mapped"": true, ""valid_support_pct"": 0.1, ""status"": ""low_valid_support"", ""supported"": false, ""support_reasons"": [""insufficient_valid_pixels""]}, {""window_id"": 4, ""grid_rc"": ""1,0"", ""mapped"": true, ""valid_support_pct"": 0.0, ""status"": ""low_valid_support"", ""supported"": false, ""support_reasons"": [""insufficient_valid_pixels""]}, {""window_id"": 5, ""grid_rc"": ""1,1"", ""mapped"": true, ""valid_support_pct"": 0.0, ""status"": ""low_valid_support"", ""supported"": false, ""support_reasons"": [""insufficient_valid_pixels""]}, {""window_id"": 6, ""grid_rc"": ""1,2"", ""mapped"": true, ""valid_support_pct"": 0.0, ""status"": ""low_valid_support"", ""supported"": false, ""support_reasons"": [""insufficient_valid_pixels""]}, {""window_id"": 7, ""grid_rc"": ""2,0"", ""mapped"": true, ""valid_support_pct"": 91.6, ""ref_global_rect"": [674, 3405, 906, 3487], ""intensity_ncc"": -0.0195, ""gradient_ncc"": -0.0086, ""phase_response"": -0.0705, ""phase_shift_px"": [6.71, -2.9], ""fast_src_kps"": 847, ""fast_ref_kps"": 502, ""fast_candidates"": 0, ""fast_status"": ""no_lowes_filtered_matches"", ""supported"": false, ""support_reasons"": [], ""status"": ""evaluated""}, {""window_id"": 8, ""grid_rc"": ""2,1"", ""mapped"": true, ""valid_support_pct"": 72.7, ""ref_global_rect"": [1007, 3405, 1239, 3487], ""intensity_ncc"": 0.2163, ""gradient_ncc"": -0.0194, ""phase_response"": 0.0667, ""phase_shift_px"": [15.57, -13.07], ""fast_src_kps"": 622, ""fast_ref_kps"": 532, ""fast_candidates"": 0, ""fast_status"": ""no_lowes_filtered_matches"", ""supported"": true, ""support_reasons"": [""intensity_ncc=0.216\u22650.08"", ""phase_resp=0.067\u22650.05""], ""status"": ""evaluated""}, {""window_id"": 9, ""grid_rc"": ""2,2"", ""mapped"": true, ""valid_support_pct"": 8.6, ""status"": ""low_valid_support"", ""supported"": false, ""support_reasons"": [""insufficient_valid_pixels""]}]"
OHRC_PAIR_04__dx-3000m_dy+1000m,OHRC_PAIR_04,-3000,1000,-600,-200,SCREEN_FAIL,1,1,1,0,1,0,False,False,False,True,False,True,623,746,1623,3746,14.998,627.35,2088.93,2181.1,"[{""window_id"": 1, ""grid_rc"": ""0,0"", ""mapped"": true, ""valid_support_pct"": 87.8, ""ref_global_rect"": [674, 1205, 906, 1287], ""intensity_ncc"": 0.0, ""gradient_ncc"": 0.0, ""phase_response"": 0.0, ""phase_shift_px"": [64.0, 64.0], ""fast_src_kps"": 1019, ""fast_ref_kps"": 0, ""fast_candidates"": 0, ""fast_status"": ""insufficient_keypoints"", ""supported"": false, ""support_reasons"": [], ""status"": ""evaluated""}, {""window_id"": 2, ""grid_rc"": ""0,1"", ""mapped"": true, ""valid_support_pct"": 71.9, ""ref_global_rect"": [1007, 1205, 1239, 1287], ""intensity_ncc"": 0.0, ""gradient_ncc"": 0.0, ""phase_response"": 0.0, ""phase_shift_px"": [64.0, 64.0], ""fast_src_kps"": 792, ""fast_ref_kps"": 0, ""fast_candidates"": 0, ""fast_status"": ""insufficient_keypoints"", ""supported"": false, ""support_reasons"": [], ""status"": ""evaluated""}, {""window_id"": 3, ""grid_rc"": ""0,2"", ""mapped"": true, ""valid_support_pct"": 0.1, ""status"": ""low_valid_support"", ""supported"": false, ""support_reasons"": [""insufficient_valid_pixels""]}, {""window_id"": 4, ""grid_rc"": ""1,0"", ""mapped"": true, ""valid_support_pct"": 0.0, ""status"": ""low_valid_support"", ""supported"": false, ""support_reasons"": [""insufficient_valid_pixels""]}, {""window_id"": 5, ""grid_rc"": ""1,1"", ""mapped"": true, ""valid_support_pct"": 0.0, ""status"": ""low_valid_support"", ""supported"": false, ""support_reasons"": [""insufficient_valid_pixels""]}, {""window_id"": 6, ""grid_rc"": ""1,2"", ""mapped"": true, ""valid_support_pct"": 0.0, ""status"": ""low_valid_support"", ""supported"": false, ""support_reasons"": [""insufficient_valid_pixels""]}, {""window_id"": 7, ""grid_rc"": ""2,0"", ""mapped"": true, ""valid_support_pct"": 91.6, ""ref_global_rect"": [674, 3205, 906, 3287], ""intensity_ncc"": 0.0955, ""gradient_ncc"": 0.0272, ""phase_response"": 0.0508, ""phase_shift_px"": [-23.55, 0.11], ""fast_src_kps"": 847, ""fast_ref_kps"": 532, ""fast_candidates"": 0, ""fast_status"": ""no_lowes_filtered_matches"", ""supported"": true, ""support_reasons"": [""intensity_ncc=0.096\u22650.08"", ""phase_resp=0.051\u22650.05""], ""status"": ""evaluated""}, {""window_id"": 8, ""grid_rc"": ""2,1"", ""mapped"": true, ""valid_support_pct"": 72.7, ""ref_global_rect"": [1007, 3205, 1239, 3287], ""intensity_ncc"": 0.0449, ""gradient_ncc"": 0.0132, ""phase_response"": 0.0371, ""phase_shift_px"": [23.65, 8.96], ""fast_src_kps"": 622, ""fast_ref_kps"": 682, ""fast_candidates"": 0, ""fast_status"": ""no_lowes_filtered_matches"", ""supported"": false, ""support_reasons"": [], ""status"": ""evaluated""}, {""window_id"": 9, ""grid_rc"": ""2,2"", ""mapped"": true, ""valid_support_pct"": 8.6, ""status"": ""low_valid_support"", ""supported"": false, ""support_reasons"": [""insufficient_valid_pixels""]}]"
OHRC_PAIR_04__dx-3000m_dy+2000m,OHRC_PAIR_04,-3000,2000,-600,-400,SCREEN_FAIL,2,2,0,0,2,0,False,False,False,True,False,True,623,546,1623,3546,14.998,627.35,2088.93,2181.1,"[{""window_id"": 1, ""grid_rc"": ""0,0"", ""mapped"": true, ""valid_support_pct"": 87.8, ""ref_global_rect"": [674, 1005, 906, 1087], ""intensity_ncc"": 0.0, ""gradient_ncc"": 0.0, ""phase_response"": 0.0, ""phase_shift_px"": [64.0, 64.0], ""fast_src_kps"": 1019, ""fast_ref_kps"": 0, ""fast_candidates"": 0, ""fast_status"": ""insufficient_keypoints"", ""supported"": false, ""support_reasons"": [], ""status"": ""evaluated""}, {""window_id"": 2, ""grid_rc"": ""0,1"", ""mapped"": true, ""valid_support_pct"": 71.9, ""ref_global_rect"": [1007, 1005, 1239, 1087], ""intensity_ncc"": 0.0, ""gradient_ncc"": 0.0, ""phase_response"": 0.0, ""phase_shift_px"": [64.0, 64.0], ""fast_src_kps"": 792, ""fast_ref_kps"": 0, ""fast_candidates"": 0, ""fast_status"": ""insufficient_keypoints"", ""supported"": false, ""support_reasons"": [], ""status"": ""evaluated""}, {""window_id"": 3, ""grid_rc"": ""0,2"", ""mapped"": true, ""valid_support_pct"": 0.1, ""status"": ""low_valid_support"", ""supported"": false, ""support_reasons"": [""insufficient_valid_pixels""]}, {""window_id"": 4, ""grid_rc"": ""1,0"", ""mapped"": true, ""valid_support_pct"": 0.0, ""status"": ""low_valid_support"", ""supported"": false, ""support_reasons"": [""insufficient_valid_pixels""]}, {""window_id"": 5, ""grid_rc"": ""1,1"", ""mapped"": true, ""valid_support_pct"": 0.0, ""status"": ""low_valid_support"", ""supported"": false, ""support_reasons"": [""insufficient_valid_pixels""]}, {""window_id"": 6, ""grid_rc"": ""1,2"", ""mapped"": true, ""valid_support_pct"": 0.0, ""status"": ""low_valid_support"", ""supported"": false, ""support_reasons"": [""insufficient_valid_pixels""]}, {""window_id"": 7, ""grid_rc"": ""2,0"", ""mapped"": true, ""valid_support_pct"": 91.6, ""ref_global_rect"": [674, 3005, 906, 3087], ""intensity_ncc"": 0.053, ""gradient_ncc"": 0.0355, ""phase_response"": 0.0549, ""phase_shift_px"": [-10.96, 2.9], ""fast_src_kps"": 847, ""fast_ref_kps"": 617, ""fast_candidates"": 0, ""fast_status"": ""no_lowes_filtered_matches"", ""supported"": true, ""support_reasons"": [""phase_resp=0.055\u22650.05""], ""status"": ""evaluated""}, {""window_id"": 8, ""grid_rc"": ""2,1"", ""mapped"": true, ""valid_support_pct"": 72.7, ""ref_global_rect"": [1007, 3005, 1239, 3087], ""intensity_ncc"": -0.067, ""gradient_ncc"": -0.0275, ""phase_response"": 0.1228, ""phase_shift_px"": [16.66, -1.18], ""fast_src_kps"": 622, ""fast_ref_kps"": 560, ""fast_candidates"": 0, ""fast_status"": ""no_lowes_filtered_matches"", ""supported"": true, ""support_reasons"": [""phase_resp=0.123\u22650.05""], ""status"": ""evaluated""}, {""window_id"": 9, ""grid_rc"": ""2,2"", ""mapped"": true, ""valid_support_pct"": 8.6, ""status"": ""low_valid_support"", ""supported"": false, ""support_reasons"": [""insufficient_valid_pixels""]}]"
OHRC_PAIR_04__dx-3000m_dy+3000m,OHRC_PAIR_04,-3000,3000,-600,-600,SCREEN_FAIL,1,1,0,0,1,0,False,False,False,True,False,True,623,346,1623,3346,14.998,627.35,2088.93,2181.1,"[{""window_id"": 1, ""grid_rc"": ""0,0"", ""mapped"": true, ""valid_support_pct"": 87.8, ""ref_global_rect"": [674, 805, 906, 887], ""intensity_ncc"": 0.0, ""gradient_ncc"": 0.0, ""phase_response"": 0.0, ""phase_shift_px"": [64.0, 64.0], ""fast_src_kps"": 1019, ""fast_ref_kps"": 0, ""fast_candidates"": 0, ""fast_status"": ""insufficient_keypoints"", ""supported"": false, ""support_reasons"": [], ""status"": ""evaluated""}, {""window_id"": 2, ""grid_rc"": ""0,1"", ""mapped"": true, ""valid_support_pct"": 71.9, ""ref_global_rect"": [1007, 805, 1239, 887], ""intensity_ncc"": 0.0, ""gradient_ncc"": 0.0, ""phase_response"": 0.0, ""phase_shift_px"": [64.0, 64.0], ""fast_src_kps"": 792, ""fast_ref_kps"": 0, ""fast_candidates"": 0, ""fast_status"": ""insufficient_keypoints"", ""supported"": false, ""support_reasons"": [], ""status"": ""evaluated""}, {""window_id"": 3, ""grid_rc"": ""0,2"", ""mapped"": true, ""valid_support_pct"": 0.1, ""status"": ""low_valid_support"", ""supported"": false, ""support_reasons"": [""insufficient_valid_pixels""]}, {""window_id"": 4, ""grid_rc"": ""1,0"", ""mapped"": true, ""valid_support_pct"": 0.0, ""status"": ""low_valid_support"", ""supported"": false, ""support_reasons"": [""insufficient_valid_pixels""]}, {""window_id"": 5, ""grid_rc"": ""1,1"", ""mapped"": true, ""valid_support_pct"": 0.0, ""status"": ""low_valid_support"", ""supported"": false, ""support_reasons"": [""insufficient_valid_pixels""]}, {""window_id"": 6, ""grid_rc"": ""1,2"", ""mapped"": true, ""valid_support_pct"": 0.0, ""status"": ""low_valid_support"", ""supported"": false, ""support_reasons"": [""insufficient_valid_pixels""]}, {""window_id"": 7, ""grid_rc"": ""2,0"", ""mapped"": true, ""valid_support_pct"": 91.6, ""ref_global_rect"": [674, 2805, 906, 2887], ""intensity_ncc"": -0.1566, ""gradient_ncc"": -0.0242, ""phase_response"": 0.1362, ""phase_shift_px"": [-22.45, 0.41], ""fast_src_kps"": 847, ""fast_ref_kps"": 596, ""fast_candidates"": 0, ""fast_status"": ""no_lowes_filtered_matches"", ""supported"": true, ""support_reasons"": [""phase_resp=0.136\u22650.05""], ""status"": ""evaluated""}, {""window_id"": 8, ""grid_rc"": ""2,1"", ""mapped"": true, ""valid_support_pct"": 72.7, ""ref_global_rect"": [1007, 2805, 1239, 2887], ""intensity_ncc"": 0.0351, ""gradient_ncc"": 0.0025, ""phase_response"": 0.0114, ""phase_shift_px"": [11.97, -14.97], ""fast_src_kps"": 622, ""fast_ref_kps"": 459, ""fast_candidates"": 1, ""fast_status"": ""ok"", ""supported"": false, ""support_reasons"": [], ""status"": ""evaluated""}, {""window_id"": 9, ""grid_rc"": ""2,2"", ""mapped"": true, ""valid_support_pct"": 8.6, ""status"": ""low_valid_support"", ""supported"": false, ""support_reasons"": [""insufficient_valid_pixels""]}]"
OHRC_PAIR_04__dx-2000m_dy-3000m,OHRC_PAIR_04,-2000,-3000,-400,600,SCREEN_FAIL,2,2,1,0,2,0,False,False,False,True,False,True,823,1546,1823,4546,14.998,627.35,2088.93,2181.1,"[{""window_id"": 1, ""grid_rc"": ""0,0"", ""mapped"": true, ""valid_support_pct"": 87.8, ""ref_global_rect"": [874, 2005, 1106, 2087], ""intensity_ncc"": -0.01, ""gradient_ncc"": 0.0227, ""phase_response"": 0.2136, ""phase_shift_px"": [-6.49, -3.17], ""fast_src_kps"": 885, ""fast_ref_kps"": 321, ""fast_candidates"": 0, ""fast_status"": ""no_lowes_filtered_matches"", ""supported"": true, ""support_reasons"": [""phase_resp=0.214\u22650.05""], ""status"": ""evaluated""}, {""window_id"": 2, ""grid_rc"": ""0,1"", ""mapped"": true, ""valid_support_pct"": 71.9, ""ref_global_rect"": [1207, 2005, 1439, 2087], ""intensity_ncc"": -0.2955, ""gradient_ncc"": -0.1298, ""phase_response"": 0.0366, ""phase_shift_px"": [-11.09, -25.96], ""fast_src_kps"": 707, ""fast_ref_kps"": 239, ""fast_candidates"": 1, ""fast_status"": ""ok"", ""supported"": false, ""support_reasons"": [], ""status"": ""evaluated""}, {""window_id"": 3, ""grid_rc"": ""0,2"", ""mapped"": true, ""valid_support_pct"": 0.1, ""status"": ""low_valid_support"", ""supported"": false, ""support_reasons"": [""insufficient_valid_pixels""]}, {""window_id"": 4, ""grid_rc"": ""1,0"", ""mapped"": true, ""valid_support_pct"": 0.0, ""status"": ""low_valid_support"", ""supported"": false, ""support_reasons"": [""insufficient_valid_pixels""]}, {""window_id"": 5, ""grid_rc"": ""1,1"", ""mapped"": true, ""valid_support_pct"": 0.0, ""status"": ""low_valid_support"", ""supported"": false, ""support_reasons"": [""insufficient_valid_pixels""]}, {""window_id"": 6, ""grid_rc"": ""1,2"", ""mapped"": true, ""valid_support_pct"": 0.0, ""status"": ""low_valid_support"", ""supported"": false, ""support_reasons"": [""insufficient_valid_pixels""]}, {""window_id"": 7, ""grid_rc"": ""2,0"", ""mapped"": true, ""valid_support_pct"": 91.6, ""ref_global_rect"": [874, 4005, 1106, 4087], ""intensity_ncc"": -0.0644, ""gradient_ncc"": -0.0404, ""phase_response"": 0.0126, ""phase_shift_px"": [1.85, 2.34], ""fast_src_kps"": 847, ""fast_ref_kps"": 524, ""fast_candidates"": 1, ""fast_status"": ""ok"", ""supported"": false, ""support_reasons"": [], ""status"": ""evaluated""}, {""window_id"": 8, ""grid_rc"": ""2,1"", ""mapped"": true, ""valid_support_pct"": 72.7, ""ref_global_rect"": [1207, 4005, 1439, 4087], ""intensity_ncc"": 0.0902, ""gradient_ncc"": 0.0141, ""phase_response"": 0.0789, ""phase_shift_px"": [15.0, -15.49], ""fast_src_kps"": 622, ""fast_ref_kps"": 498, ""fast_candidates"": 0, ""fast_status"": ""no_lowes_filtered_matches"", ""supported"": true, ""support_reasons"": [""intensity_ncc=0.090\u22650.08"", ""phase_resp=0.079\u22650.05""], ""status"": ""evaluated""}, {""window_id"": 9, ""grid_rc"": ""2,2"", ""mapped"": true, ""valid_support_pct"": 8.6, ""status"": ""low_valid_support"", ""supported"": false, ""support_reasons"": [""insufficient_valid_pixels""]}]"
OHRC_PAIR_04__dx-2000m_dy-2000m,OHRC_PAIR_04,-2000,-2000,-400,400,SCREEN_FAIL,3,3,0,0,3,0,False,True,True,True,False,True,823,1346,1823,4346,14.998,627.35,2088.93,2181.1,"[{""window_id"": 1, ""grid_rc"": ""0,0"", ""mapped"": true, ""valid_support_pct"": 87.8, ""ref_global_rect"": [874, 1805, 1106, 1887], ""intensity_ncc"": 0.0101, ""gradient_ncc"": -0.0274, ""phase_response"": 0.0376, ""phase_shift_px"": [-1.45, 5.83], ""fast_src_kps"": 885, ""fast_ref_kps"": 334, ""fast_candidates"": 0, ""fast_status"": ""no_lowes_filtered_matches"", ""supported"": false, ""support_reasons"": [], ""status"": ""evaluated""}, {""window_id"": 2, ""grid_rc"": ""0,1"", ""mapped"": true, ""valid_support_pct"": 71.9, ""ref_global_rect"": [1207, 1805, 1439, 1887], ""intensity_ncc"": -0.3108, ""gradient_ncc"": 0.0393, ""phase_response"": 0.1072, ""phase_shift_px"": [3.1, -8.92], ""fast_src_kps"": 707, ""fast_ref_kps"": 549, ""fast_candidates"": 0, ""fast_status"": ""no_lowes_filtered_matches"", ""supported"": true, ""support_reasons"": [""phase_resp=0.107\u22650.05""], ""status"": ""evaluated""}, {""window_id"": 3, ""grid_rc"": ""0,2"", ""mapped"": true, ""valid_support_pct"": 0.1, ""status"": ""low_valid_support"", ""supported"": false, ""support_reasons"": [""insufficient_valid_pixels""]}, {""window_id"": 4, ""grid_rc"": ""1,0"", ""mapped"": true, ""valid_support_pct"": 0.0, ""status"": ""low_valid_support"", ""supported"": false, ""support_reasons"": [""insufficient_valid_pixels""]}, {""window_id"": 5, ""grid_rc"": ""1,1"", ""mapped"": true, ""valid_support_pct"": 0.0, ""status"": ""low_valid_support"", ""supported"": false, ""support_reasons"": [""insufficient_valid_pixels""]}, {""window_id"": 6, ""grid_rc"": ""1,2"", ""mapped"": true, ""valid_support_pct"": 0.0, ""status"": ""low_valid_support"", ""supported"": false, ""support_reasons"": [""insufficient_valid_pixels""]}, {""window_id"": 7, ""grid_rc"": ""2,0"", ""mapped"": true, ""valid_support_pct"": 91.6, ""ref_global_rect"": [874, 3805, 1106, 3887], ""intensity_ncc"": 0.0174, ""gradient_ncc"": -0.0, ""phase_response"": 0.156, ""phase_shift_px"": [-14.57, 1.04], ""fast_src_kps"": 847, ""fast_ref_kps"": 396, ""fast_candidates"": 0, ""fast_status"": ""no_lowes_filtered_matches"", ""supported"": true, ""support_reasons"": [""phase_resp=0.156\u22650.05""], ""status"": ""evaluated""}, {""window_id"": 8, ""grid_rc"": ""2,1"", ""mapped"": true, ""valid_support_pct"": 72.7, ""ref_global_rect"": [1207, 3805, 1439, 3887], ""intensity_ncc"": -0.0499, ""gradient_ncc"": 0.0031, ""phase_response"": 0.14, ""phase_shift_px"": [23.56, -0.91], ""fast_src_kps"": 622, ""fast_ref_kps"": 364, ""fast_candidates"": 0, ""fast_status"": ""no_lowes_filtered_matches"", ""supported"": true, ""support_reasons"": [""phase_resp=0.140\u22650.05""], ""status"": ""evaluated""}, {""window_id"": 9, ""grid_rc"": ""2,2"", ""mapped"": true, ""valid_support_pct"": 8.6, ""status"": ""low_valid_support"", ""supported"": false, ""support_reasons"": [""insufficient_valid_pixels""]}]"
OHRC_PAIR_04__dx-2000m_dy-1000m,OHRC_PAIR_04,-2000,-1000,-400,200,SCREEN_FAIL,3,3,1,0,3,0,False,True,True,True,False,True,823,1146,1823,4146,14.998,627.35,2088.93,2181.1,"[{""window_id"": 1, ""grid_rc"": ""0,0"", ""mapped"": true, ""valid_support_pct"": 87.8, ""ref_global_rect"": [874, 1605, 1106, 1687], ""intensity_ncc"": -0.1654, ""gradient_ncc"": -0.0314, ""phase_response"": 0.0807, ""phase_shift_px"": [-31.99, -0.33], ""fast_src_kps"": 885, ""fast_ref_kps"": 600, ""fast_candidates"": 0, ""fast_status"": ""no_lowes_filtered_matches"", ""supported"": true, ""support_reasons"": [""phase_resp=0.081\u22650.05""], ""status"": ""evaluated""}, {""window_id"": 2, ""grid_rc"": ""0,1"", ""mapped"": true, ""valid_support_pct"": 71.9, ""ref_global_rect"": [1207, 1605, 1439, 1687], ""intensity_ncc"": -0.2111, ""gradient_ncc"": -0.0981, ""phase_response"": 0.0281, ""phase_shift_px"": [-50.39, 33.85], ""fast_src_kps"": 707, ""fast_ref_kps"": 59, ""fast_candidates"": 0, ""fast_status"": ""no_lowes_filtered_matches"", ""supported"": false, ""support_reasons"": [], ""status"": ""evaluated""}, {""window_id"": 3, ""grid_rc"": ""0,2"", ""mapped"": true, ""valid_support_pct"": 0.1, ""status"": ""low_valid_support"", ""supported"": false, ""support_reasons"": [""insufficient_valid_pixels""]}, {""window_id"": 4, ""grid_rc"": ""1,0"", ""mapped"": true, ""valid_support_pct"": 0.0, ""status"": ""low_valid_support"", ""supported"": false, ""support_reasons"": [""insufficient_valid_pixels""]}, {""window_id"": 5, ""grid_rc"": ""1,1"", ""mapped"": true, ""valid_support_pct"": 0.0, ""status"": ""low_valid_support"", ""supported"": false, ""support_reasons"": [""insufficient_valid_pixels""]}, {""window_id"": 6, ""grid_rc"": ""1,2"", ""mapped"": true, ""valid_support_pct"": 0.0, ""status"": ""low_valid_support"", ""supported"": false, ""support_reasons"": [""insufficient_valid_pixels""]}, {""window_id"": 7, ""grid_rc"": ""2,0"", ""mapped"": true, ""valid_support_pct"": 91.6, ""ref_global_rect"": [874, 3605, 1106, 3687], ""intensity_ncc"": 0.1254, ""gradient_ncc"": 0.0191, ""phase_response"": 0.0887, ""phase_shift_px"": [28.55, -6.53], ""fast_src_kps"": 847, ""fast_ref_kps"": 533, ""fast_candidates"": 0, ""fast_status"": ""no_lowes_filtered_matches"", ""supported"": true, ""support_reasons"": [""intensity_ncc=0.125\u22650.08"", ""phase_resp=0.089\u22650.05""], ""status"": ""evaluated""}, {""window_id"": 8, ""grid_rc"": ""2,1"", ""mapped"": true, ""valid_support_pct"": 72.7, ""ref_global_rect"": [1207, 3605, 1439, 3687], ""intensity_ncc"": -0.0347, ""gradient_ncc"": -0.0136, ""phase_response"": 0.0806, ""phase_shift_px"": [-14.3, -28.76], ""fast_src_kps"": 622, ""fast_ref_kps"": 486, ""fast_candidates"": 0, ""fast_status"": ""no_lowes_filtered_matches"", ""supported"": true, ""support_reasons"": [""phase_resp=0.081\u22650.05""], ""status"": ""evaluated""}, {""window_id"": 9, ""grid_rc"": ""2,2"", ""mapped"": true, ""valid_support_pct"": 8.6, ""status"": ""low_valid_support"", ""supported"": false, ""support_reasons"": [""insufficient_valid_pixels""]}]"
OHRC_PAIR_04__dx-2000m_dy+0m,OHRC_PAIR_04,-2000,0,-400,0,SCREEN_FAIL,1,1,0,0,1,0,False,False,False,True,False,True,823,946,1823,3946,14.998,627.35,2088.93,2181.1,"[{""window_id"": 1, ""grid_rc"": ""0,0"", ""mapped"": true, ""valid_support_pct"": 87.8, ""ref_global_rect"": [874, 1405, 1106, 1487], ""intensity_ncc"": 0.0792, ""gradient_ncc"": 0.0425, ""phase_response"": 0.1037, ""phase_shift_px"": [-61.87, 42.95], ""fast_src_kps"": 885, ""fast_ref_kps"": 48, ""fast_candidates"": 1, ""fast_status"": ""ok"", ""supported"": true, ""support_reasons"": [""phase_resp=0.104\u22650.05""], ""status"": ""evaluated""}, {""window_id"": 2, ""grid_rc"": ""0,1"", ""mapped"": true, ""valid_support_pct"": 71.9, ""ref_global_rect"": [1207, 1405, 1439, 1487], ""intensity_ncc"": 0.0, ""gradient_ncc"": 0.0, ""phase_response"": 0.0, ""phase_shift_px"": [64.0, 64.0], ""fast_src_kps"": 792, ""fast_ref_kps"": 0, ""fast_candidates"": 0, ""fast_status"": ""insufficient_keypoints"", ""supported"": false, ""support_reasons"": [], ""status"": ""evaluated""}, {""window_id"": 3, ""grid_rc"": ""0,2"", ""mapped"": true, ""valid_support_pct"": 0.1, ""status"": ""low_valid_support"", ""supported"": false, ""support_reasons"": [""insufficient_valid_pixels""]}, {""window_id"": 4, ""grid_rc"": ""1,0"", ""mapped"": true, ""valid_support_pct"": 0.0, ""status"": ""low_valid_support"", ""supported"": false, ""support_reasons"": [""insufficient_valid_pixels""]}, {""window_id"": 5, ""grid_rc"": ""1,1"", ""mapped"": true, ""valid_support_pct"": 0.0, ""status"": ""low_valid_support"", ""supported"": false, ""support_reasons"": [""insufficient_valid_pixels""]}, {""window_id"": 6, ""grid_rc"": ""1,2"", ""mapped"": true, ""valid_support_pct"": 0.0, ""status"": ""low_valid_support"", ""supported"": false, ""support_reasons"": [""insufficient_valid_pixels""]}, {""window_id"": 7, ""grid_rc"": ""2,0"", ""mapped"": true, ""valid_support_pct"": 91.6, ""ref_global_rect"": [874, 3405, 1106, 3487], ""intensity_ncc"": -0.0848, ""gradient_ncc"": -0.0077, ""phase_response"": 0.0237, ""phase_shift_px"": [3.26, -0.3], ""fast_src_kps"": 847, ""fast_ref_kps"": 640, ""fast_candidates"": 0, ""fast_status"": ""no_lowes_filtered_matches"", ""supported"": false, ""support_reasons"": [], ""status"": ""evaluated""}, {""window_id"": 8, ""grid_rc"": ""2,1"", ""mapped"": true, ""valid_support_pct"": 72.7, ""ref_global_rect"": [1207, 3405, 1439, 3487], ""intensity_ncc"": 0.0141, ""gradient_ncc"": 0.057, ""phase_response"": 0.0026, ""phase_shift_px"": [9.1, 15.1], ""fast_src_kps"": 622, ""fast_ref_kps"": 428, ""fast_candidates"": 1, ""fast_status"": ""ok"", ""supported"": false, ""support_reasons"": [], ""status"": ""evaluated""}, {""window_id"": 9, ""grid_rc"": ""2,2"", ""mapped"": true, ""valid_support_pct"": 8.6, ""status"": ""low_valid_support"", ""supported"": false, ""support_reasons"": [""insufficient_valid_pixels""]}]"
OHRC_PAIR_04__dx-2000m_dy+1000m,OHRC_PAIR_04,-2000,1000,-400,-200,SCREEN_FAIL,1,1,0,0,1,0,False,False,False,True,False,True,823,746,1823,3746,14.998,627.35,2088.93,2181.1,"[{""window_id"": 1, ""grid_rc"": ""0,0"", ""mapped"": true, ""valid_support_pct"": 87.8, ""ref_global_rect"": [874, 1205, 1106, 1287], ""intensity_ncc"": 0.0, ""gradient_ncc"": 0.0, ""phase_response"": 0.0, ""phase_shift_px"": [64.0, 64.0], ""fast_src_kps"": 1019, ""fast_ref_kps"": 0, ""fast_candidates"": 0, ""fast_status"": ""insufficient_keypoints"", ""supported"": false, ""support_reasons"": [], ""status"": ""evaluated""}, {""window_id"": 2, ""grid_rc"": ""0,1"", ""mapped"": true, ""valid_support_pct"": 71.9, ""ref_global_rect"": [1207, 1205, 1439, 1287], ""intensity_ncc"": 0.0, ""gradient_ncc"": 0.0, ""phase_response"": 0.0, ""phase_shift_px"": [64.0, 64.0], ""fast_src_kps"": 792, ""fast_ref_kps"": 0, ""fast_candidates"": 0, ""fast_status"": ""insufficient_keypoints"", ""supported"": false, ""support_reasons"": [], ""status"": ""evaluated""}, {""window_id"": 3, ""grid_rc"": ""0,2"", ""mapped"": true, ""valid_support_pct"": 0.1, ""status"": ""low_valid_support"", ""supported"": false, ""support_reasons"": [""insufficient_valid_pixels""]}, {""window_id"": 4, ""grid_rc"": ""1,0"", ""mapped"": true, ""valid_support_pct"": 0.0, ""status"": ""low_valid_support"", ""supported"": false, ""support_reasons"": [""insufficient_valid_pixels""]}, {""window_id"": 5, ""grid_rc"": ""1,1"", ""mapped"": true, ""valid_support_pct"": 0.0, ""status"": ""low_valid_support"", ""supported"": false, ""support_reasons"": [""insufficient_valid_pixels""]}, {""window_id"": 6, ""grid_rc"": ""1,2"", ""mapped"": true, ""valid_support_pct"": 0.0, ""status"": ""low_valid_support"", ""supported"": false, ""support_reasons"": [""insufficient_valid_pixels""]}, {""window_id"": 7, ""grid_rc"": ""2,0"", ""mapped"": true, ""valid_support_pct"": 91.6, ""ref_global_rect"": [874, 3205, 1106, 3287], ""intensity_ncc"": -0.1045, ""gradient_ncc"": -0.015, ""phase_response"": 0.1044, ""phase_shift_px"": [-1.97, 0.79], ""fast_src_kps"": 847, ""fast_ref_kps"": 416, ""fast_candidates"": 0, ""fast_status"": ""no_lowes_filtered_matches"", ""supported"": true, ""support_reasons"": [""phase_resp=0.104\u22650.05""], ""status"": ""evaluated""}, {""window_id"": 8, ""grid_rc"": ""2,1"", ""mapped"": true, ""valid_support_pct"": 72.7, ""ref_global_rect"": [1207, 3205, 1439, 3287], ""intensity_ncc"": 0.054, ""gradient_ncc"": -0.005, ""phase_response"": 0.0459, ""phase_shift_px"": [-8.46, -7.54], ""fast_src_kps"": 622, ""fast_ref_kps"": 380, ""fast_candidates"": 0, ""fast_status"": ""no_lowes_filtered_matches"", ""supported"": false, ""support_reasons"": [], ""status"": ""evaluated""}, {""window_id"": 9, ""grid_rc"": ""2,2"", ""mapped"": true, ""valid_support_pct"": 8.6, ""status"": ""low_valid_support"", ""supported"": false, ""support_reasons"": [""insufficient_valid_pixels""]}]"
OHRC_PAIR_04__dx-2000m_dy+2000m,OHRC_PAIR_04,-2000,2000,-400,-400,SCREEN_FAIL,2,2,2,0,2,0,False,False,False,True,False,True,823,546,1823,3546,14.998,627.35,2088.93,2181.1,"[{""window_id"": 1, ""grid_rc"": ""0,0"", ""mapped"": true, ""valid_support_pct"": 87.8, ""ref_global_rect"": [874, 1005, 1106, 1087], ""intensity_ncc"": 0.0, ""gradient_ncc"": 0.0, ""phase_response"": 0.0, ""phase_shift_px"": [64.0, 64.0], ""fast_src_kps"": 1019, ""fast_ref_kps"": 0, ""fast_candidates"": 0, ""fast_status"": ""insufficient_keypoints"", ""supported"": false, ""support_reasons"": [], ""status"": ""evaluated""}, {""window_id"": 2, ""grid_rc"": ""0,1"", ""mapped"": true, ""valid_support_pct"": 71.9, ""ref_global_rect"": [1207, 1005, 1439, 1087], ""intensity_ncc"": 0.0, ""gradient_ncc"": 0.0, ""phase_response"": 0.0, ""phase_shift_px"": [64.0, 64.0], ""fast_src_kps"": 792, ""fast_ref_kps"": 0, ""fast_candidates"": 0, ""fast_status"": ""insufficient_keypoints"", ""supported"": false, ""support_reasons"": [], ""status"": ""evaluated""}, {""window_id"": 3, ""grid_rc"": ""0,2"", ""mapped"": true, ""valid_support_pct"": 0.1, ""status"": ""low_valid_support"", ""supported"": false, ""support_reasons"": [""insufficient_valid_pixels""]}, {""window_id"": 4, ""grid_rc"": ""1,0"", ""mapped"": true, ""valid_support_pct"": 0.0, ""status"": ""low_valid_support"", ""supported"": false, ""support_reasons"": [""insufficient_valid_pixels""]}, {""window_id"": 5, ""grid_rc"": ""1,1"", ""mapped"": true, ""valid_support_pct"": 0.0, ""status"": ""low_valid_support"", ""supported"": false, ""support_reasons"": [""insufficient_valid_pixels""]}, {""window_id"": 6, ""grid_rc"": ""1,2"", ""mapped"": true, ""valid_support_pct"": 0.0, ""status"": ""low_valid_support"", ""supported"": false, ""support_reasons"": [""insufficient_valid_pixels""]}, {""window_id"": 7, ""grid_rc"": ""2,0"", ""mapped"": true, ""valid_support_pct"": 91.6, ""ref_global_rect"": [874, 3005, 1106, 3087], ""intensity_ncc"": 0.0922, ""gradient_ncc"": 0.0105, ""phase_response"": 0.0764, ""phase_shift_px"": [11.65, -22.02], ""fast_src_kps"": 847, ""fast_ref_kps"": 547, ""fast_candidates"": 0, ""fast_status"": ""no_lowes_filtered_matches"", ""supported"": true, ""support_reasons"": [""intensity_ncc=0.092\u22650.08"", ""phase_resp=0.076\u22650.05""], ""status"": ""evaluated""}, {""window_id"": 8, ""grid_rc"": ""2,1"", ""mapped"": true, ""valid_support_pct"": 72.7, ""ref_global_rect"": [1207, 3005, 1439, 3087], ""intensity_ncc"": 0.1026, ""gradient_ncc"": -0.0068, ""phase_response"": 0.1069, ""phase_shift_px"": [-1.48, -5.42], ""fast_src_kps"": 622, ""fast_ref_kps"": 426, ""fast_candidates"": 0, ""fast_status"": ""no_lowes_filtered_matches"", ""supported"": true, ""support_reasons"": [""intensity_ncc=0.103\u22650.08"", ""phase_resp=0.107\u22650.05""], ""status"": ""evaluated""}, {""window_id"": 9, ""grid_rc"": ""2,2"", ""mapped"": true, ""valid_support_pct"": 8.6, ""status"": ""low_valid_support"", ""supported"": false, ""support_reasons"": [""insufficient_valid_pixels""]}]"
OHRC_PAIR_04__dx-2000m_dy+3000m,OHRC_PAIR_04,-2000,3000,-400,-600,SCREEN_FAIL,2,2,0,0,2,0,False,False,False,True,False,True,823,346,1823,3346,14.998,627.35,2088.93,2181.1,"[{""window_id"": 1, ""grid_rc"": ""0,0"", ""mapped"": true, ""valid_support_pct"": 87.8, ""ref_global_rect"": [874, 805, 1106, 887], ""intensity_ncc"": 0.0, ""gradient_ncc"": 0.0, ""phase_response"": 0.0, ""phase_shift_px"": [64.0, 64.0], ""fast_src_kps"": 1019, ""fast_ref_kps"": 0, ""fast_candidates"": 0, ""fast_status"": ""insufficient_keypoints"", ""supported"": false, ""support_reasons"": [], ""status"": ""evaluated""}, {""window_id"": 2, ""grid_rc"": ""0,1"", ""mapped"": true, ""valid_support_pct"": 71.9, ""ref_global_rect"": [1207, 805, 1439, 887], ""intensity_ncc"": 0.0, ""gradient_ncc"": 0.0, ""phase_response"": 0.0, ""phase_shift_px"": [64.0, 64.0], ""fast_src_kps"": 792, ""fast_ref_kps"": 0, ""fast_candidates"": 0, ""fast_status"": ""insufficient_keypoints"", ""supported"": false, ""support_reasons"": [], ""status"": ""evaluated""}, {""window_id"": 3, ""grid_rc"": ""0,2"", ""mapped"": true, ""valid_support_pct"": 0.1, ""status"": ""low_valid_support"", ""supported"": false, ""support_reasons"": [""insufficient_valid_pixels""]}, {""window_id"": 4, ""grid_rc"": ""1,0"", ""mapped"": true, ""valid_support_pct"": 0.0, ""status"": ""low_valid_support"", ""supported"": false, ""support_reasons"": [""insufficient_valid_pixels""]}, {""window_id"": 5, ""grid_rc"": ""1,1"", ""mapped"": true, ""valid_support_pct"": 0.0, ""status"": ""low_valid_support"", ""supported"": false, ""support_reasons"": [""insufficient_valid_pixels""]}, {""window_id"": 6, ""grid_rc"": ""1,2"", ""mapped"": true, ""valid_support_pct"": 0.0, ""status"": ""low_valid_support"", ""supported"": false, ""support_reasons"": [""insufficient_valid_pixels""]}, {""window_id"": 7, ""grid_rc"": ""2,0"", ""mapped"": true, ""valid_support_pct"": 91.6, ""ref_global_rect"": [874, 2805, 1106, 2887], ""intensity_ncc"": 0.0652, ""gradient_ncc"": 0.0011, ""phase_response"": 0.1092, ""phase_shift_px"": [4.74, 3.76], ""fast_src_kps"": 847, ""fast_ref_kps"": 532, ""fast_candidates"": 0, ""fast_status"": ""no_lowes_filtered_matches"", ""supported"": true, ""support_reasons"": [""phase_resp=0.109\u22650.05""], ""status"": ""evaluated""}, {""window_id"": 8, ""grid_rc"": ""2,1"", ""mapped"": true, ""valid_support_pct"": 72.7, ""ref_global_rect"": [1207, 2805, 1439, 2887], ""intensity_ncc"": -0.0066, ""gradient_ncc"": -0.0086, ""phase_response"": 0.0669, ""phase_shift_px"": [-4.93, -12.45], ""fast_src_kps"": 622, ""fast_ref_kps"": 535, ""fast_candidates"": 0, ""fast_status"": ""no_lowes_filtered_matches"", ""supported"": true, ""support_reasons"": [""phase_resp=0.067\u22650.05""], ""status"": ""evaluated""}, {""window_id"": 9, ""grid_rc"": ""2,2"", ""mapped"": true, ""valid_support_pct"": 8.6, ""status"": ""low_valid_support"", ""supported"": false, ""support_reasons"": [""insufficient_valid_pixels""]}]"
OHRC_PAIR_04__dx-1000m_dy-3000m,OHRC_PAIR_04,-1000,-3000,-200,600,SCREEN_FAIL,2,2,2,0,1,0,False,False,False,True,False,True,1023,1546,2023,4546,14.998,627.35,2088.93,2181.1,"[{""window_id"": 1, ""grid_rc"": ""0,0"", ""mapped"": true, ""valid_support_pct"": 87.8, ""ref_global_rect"": [1074, 2005, 1306, 2087], ""intensity_ncc"": 0.2643, ""gradient_ncc"": 0.0394, ""phase_response"": 0.0158, ""phase_shift_px"": [23.1, -19.55], ""fast_src_kps"": 885, ""fast_ref_kps"": 328, ""fast_candidates"": 0, ""fast_status"": ""no_lowes_filtered_matches"", ""supported"": true, ""support_reasons"": [""intensity_ncc=0.264\u22650.08""], ""status"": ""evaluated""}, {""window_id"": 2, ""grid_rc"": ""0,1"", ""mapped"": true, ""valid_support_pct"": 71.9, ""ref_global_rect"": [1407, 2005, 1639, 2087], ""intensity_ncc"": 0.3277, ""gradient_ncc"": 0.0512, ""phase_response"": 0.0932, ""phase_shift_px"": [11.21, 20.27], ""fast_src_kps"": 707, ""fast_ref_kps"": 687, ""fast_candidates"": 0, ""fast_status"": ""no_lowes_filtered_matches"", ""supported"": true, ""support_reasons"": [""intensity_ncc=0.328\u22650.08"", ""phase_resp=0.093\u22650.05""], ""status"": ""evaluated""}, {""window_id"": 3, ""grid_rc"": ""0,2"", ""mapped"": true, ""valid_support_pct"": 0.1, ""status"": ""low_valid_support"", ""supported"": false, ""support_reasons"": [""insufficient_valid_pixels""]}, {""window_id"": 4, ""grid_rc"": ""1,0"", ""mapped"": true, ""valid_support_pct"": 0.0, ""status"": ""low_valid_support"", ""supported"": false, ""support_reasons"": [""insufficient_valid_pixels""]}, {""window_id"": 5, ""grid_rc"": ""1,1"", ""mapped"": true, ""valid_support_pct"": 0.0, ""status"": ""low_valid_support"", ""supported"": false, ""support_reasons"": [""insufficient_valid_pixels""]}, {""window_id"": 6, ""grid_rc"": ""1,2"", ""mapped"": true, ""valid_support_pct"": 0.0, ""status"": ""low_valid_support"", ""supported"": false, ""support_reasons"": [""insufficient_valid_pixels""]}, {""window_id"": 7, ""grid_rc"": ""2,0"", ""mapped"": true, ""valid_support_pct"": 91.6, ""ref_global_rect"": [1074, 4005, 1306, 4087], ""intensity_ncc"": -0.1066, ""gradient_ncc"": -0.0455, ""phase_response"": 0.0173, ""phase_shift_px"": [20.98, 12.48], ""fast_src_kps"": 847, ""fast_ref_kps"": 529, ""fast_candidates"": 0, ""fast_status"": ""no_lowes_filtered_matches"", ""supported"": false, ""support_reasons"": [], ""status"": ""evaluated""}, {""window_id"": 8, ""grid_rc"": ""2,1"", ""mapped"": true, ""valid_support_pct"": 72.7, ""ref_global_rect"": [1407, 4005, 1639, 4087], ""intensity_ncc"": 0.0386, ""gradient_ncc"": -0.006, ""phase_response"": 0.0436, ""phase_shift_px"": [14.01, -6.69], ""fast_src_kps"": 622, ""fast_ref_kps"": 396, ""fast_candidates"": 0, ""fast_status"": ""no_lowes_filtered_matches"", ""supported"": false, ""support_reasons"": [], ""status"": ""evaluated""}, {""window_id"": 9, ""grid_rc"": ""2,2"", ""mapped"": true, ""valid_support_pct"": 8.6, ""status"": ""low_valid_support"", ""supported"": false, ""support_reasons"": [""insufficient_valid_pixels""]}]"
OHRC_PAIR_04__dx-1000m_dy-2000m,OHRC_PAIR_04,-1000,-2000,-200,400,SCREEN_FAIL,1,1,0,0,1,0,False,False,False,True,False,True,1023,1346,2023,4346,14.998,627.35,2088.93,2181.1,"[{""window_id"": 1, ""grid_rc"": ""0,0"", ""mapped"": true, ""valid_support_pct"": 87.8, ""ref_global_rect"": [1074, 1805, 1306, 1887], ""intensity_ncc"": 0.0102, ""gradient_ncc"": 0.0423, ""phase_response"": 0.0344, ""phase_shift_px"": [8.06, 22.59], ""fast_src_kps"": 885, ""fast_ref_kps"": 522, ""fast_candidates"": 0, ""fast_status"": ""no_lowes_filtered_matches"", ""supported"": false, ""support_reasons"": [], ""status"": ""evaluated""}, {""window_id"": 2, ""grid_rc"": ""0,1"", ""mapped"": true, ""valid_support_pct"": 71.9, ""ref_global_rect"": [1407, 1805, 1639, 1887], ""intensity_ncc"": -0.0944, ""gradient_ncc"": -0.0517, ""phase_response"": -0.0211, ""phase_shift_px"": [-1.18, -21.98], ""fast_src_kps"": 707, ""fast_ref_kps"": 256, ""fast_candidates"": 0, ""fast_status"": ""no_lowes_filtered_matches"", ""supported"": false, ""support_reasons"": [], ""status"": ""evaluated""}, {""window_id"": 3, ""grid_rc"": ""0,2"", ""mapped"": true, ""valid_support_pct"": 0.1, ""status"": ""low_valid_support"", ""supported"": false, ""support_reasons"": [""insufficient_valid_pixels""]}, {""window_id"": 4, ""grid_rc"": ""1,0"", ""mapped"": true, ""valid_support_pct"": 0.0, ""status"": ""low_valid_support"", ""supported"": false, ""support_reasons"": [""insufficient_valid_pixels""]}, {""window_id"": 5, ""grid_rc"": ""1,1"", ""mapped"": true, ""valid_support_pct"": 0.0, ""status"": ""low_valid_support"", ""supported"": false, ""support_reasons"": [""insufficient_valid_pixels""]}, {""window_id"": 6, ""grid_rc"": ""1,2"", ""mapped"": true, ""valid_support_pct"": 0.0, ""status"": ""low_valid_support"", ""supported"": false, ""support_reasons"": [""insufficient_valid_pixels""]}, {""window_id"": 7, ""grid_rc"": ""2,0"", ""mapped"": true, ""valid_support_pct"": 91.6, ""ref_global_rect"": [1074, 3805, 1306, 3887], ""intensity_ncc"": -0.1085, ""gradient_ncc"": -0.013, ""phase_response"": 0.0494, ""phase_shift_px"": [3.93, 19.62], ""fast_src_kps"": 847, ""fast_ref_kps"": 301, ""fast_candidates"": 1, ""fast_status"": ""ok"", ""supported"": false, ""support_reasons"": [], ""status"": ""evaluated""}, {""window_id"": 8, ""grid_rc"": ""2,1"", ""mapped"": true, ""valid_support_pct"": 72.7, ""ref_global_rect"": [1407, 3805, 1639, 3887], ""intensity_ncc"": 0.0506, ""gradient_ncc"": 0.0538, ""phase_response"": 0.1039, ""phase_shift_px"": [30.73, 6.04], ""fast_src_kps"": 622, ""fast_ref_kps"": 474, ""fast_candidates"": 0, ""fast_status"": ""no_lowes_filtered_matches"", ""supported"": true, ""support_reasons"": [""phase_resp=0.104\u22650.05""], ""status"": ""evaluated""}, {""window_id"": 9, ""grid_rc"": ""2,2"", ""mapped"": true, ""valid_support_pct"": 8.6, ""status"": ""low_valid_support"", ""supported"": false, ""support_reasons"": [""insufficient_valid_pixels""]}]"
OHRC_PAIR_04__dx-1000m_dy-1000m,OHRC_PAIR_04,-1000,-1000,-200,200,SCREEN_FAIL,3,3,1,1,3,0,False,True,True,True,False,True,1023,1146,2023,4146,14.998,627.35,2088.93,2181.1,"[{""window_id"": 1, ""grid_rc"": ""0,0"", ""mapped"": true, ""valid_support_pct"": 87.8, ""ref_global_rect"": [1074, 1605, 1306, 1687], ""intensity_ncc"": 0.3396, ""gradient_ncc"": 0.1228, ""phase_response"": 0.0921, ""phase_shift_px"": [-4.01, -1.13], ""fast_src_kps"": 885, ""fast_ref_kps"": 253, ""fast_candidates"": 0, ""fast_status"": ""no_lowes_filtered_matches"", ""supported"": true, ""support_reasons"": [""intensity_ncc=0.340\u22650.08"", ""gradient_ncc=0.123\u22650.06"", ""phase_resp=0.092\u22650.05""], ""status"": ""evaluated""}, {""window_id"": 2, ""grid_rc"": ""0,1"", ""mapped"": true, ""valid_support_pct"": 71.9, ""ref_global_rect"": [1407, 1605, 1639, 1687], ""intensity_ncc"": 0.0, ""gradient_ncc"": 0.0, ""phase_response"": 0.0, ""phase_shift_px"": [64.0, 64.0], ""fast_src_kps"": 792, ""fast_ref_kps"": 0, ""fast_candidates"": 0, ""fast_status"": ""insufficient_keypoints"", ""supported"": false, ""support_reasons"": [], ""status"": ""evaluated""}, {""window_id"": 3, ""grid_rc"": ""0,2"", ""mapped"": true, ""valid_support_pct"": 0.1, ""status"": ""low_valid_support"", ""supported"": false, ""support_reasons"": [""insufficient_valid_pixels""]}, {""window_id"": 4, ""grid_rc"": ""1,0"", ""mapped"": true, ""valid_support_pct"": 0.0, ""status"": ""low_valid_support"", ""supported"": false, ""support_reasons"": [""insufficient_valid_pixels""]}, {""window_id"": 5, ""grid_rc"": ""1,1"", ""mapped"": true, ""valid_support_pct"": 0.0, ""status"": ""low_valid_support"", ""supported"": false, ""support_reasons"": [""insufficient_valid_pixels""]}, {""window_id"": 6, ""grid_rc"": ""1,2"", ""mapped"": true, ""valid_support_pct"": 0.0, ""status"": ""low_valid_support"", ""supported"": false, ""support_reasons"": [""insufficient_valid_pixels""]}, {""window_id"": 7, ""grid_rc"": ""2,0"", ""mapped"": true, ""valid_support_pct"": 91.6, ""ref_global_rect"": [1074, 3605, 1306, 3687], ""intensity_ncc"": -0.0562, ""gradient_ncc"": 0.018, ""phase_response"": 0.0589, ""phase_shift_px"": [23.55, -5.58], ""fast_src_kps"": 847, ""fast_ref_kps"": 491, ""fast_candidates"": 0, ""fast_status"": ""no_lowes_filtered_matches"", ""supported"": true, ""support_reasons"": [""phase_resp=0.059\u22650.05""], ""status"": ""evaluated""}, {""window_id"": 8, ""grid_rc"": ""2,1"", ""mapped"": true, ""valid_support_pct"": 72.7, ""ref_global_rect"": [1407, 3605, 1639, 3687], ""intensity_ncc"": -0.1778, ""gradient_ncc"": 0.0207, ""phase_response"": 0.0908, ""phase_shift_px"": [-18.4, -23.34], ""fast_src_kps"": 622, ""fast_ref_kps"": 528, ""fast_candidates"": 0, ""fast_status"": ""no_lowes_filtered_matches"", ""supported"": true, ""support_reasons"": [""phase_resp=0.091\u22650.05""], ""status"": ""evaluated""}, {""window_id"": 9, ""grid_rc"": ""2,2"", ""mapped"": true, ""valid_support_pct"": 8.6, ""status"": ""low_valid_support"", ""supported"": false, ""support_reasons"": [""insufficient_valid_pixels""]}]"
OHRC_PAIR_04__dx-1000m_dy+0m,OHRC_PAIR_04,-1000,0,-200,0,SCREEN_FAIL,2,2,0,0,2,0,False,False,False,True,False,True,1023,946,2023,3946,14.998,627.35,2088.93,2181.1,"[{""window_id"": 1, ""grid_rc"": ""0,0"", ""mapped"": true, ""valid_support_pct"": 87.8, ""ref_global_rect"": [1074, 1405, 1306, 1487], ""intensity_ncc"": 0.0, ""gradient_ncc"": 0.0, ""phase_response"": 0.0, ""phase_shift_px"": [64.0, 64.0], ""fast_src_kps"": 1019, ""fast_ref_kps"": 0, ""fast_candidates"": 0, ""fast_status"": ""insufficient_keypoints"", ""supported"": false, ""support_reasons"": [], ""status"": ""evaluated""}, {""window_id"": 2, ""grid_rc"": ""0,1"", ""mapped"": true, ""valid_support_pct"": 71.9, ""ref_global_rect"": [1407, 1405, 1639, 1487], ""intensity_ncc"": 0.0, ""gradient_ncc"": 0.0, ""phase_response"": 0.0, ""phase_shift_px"": [64.0, 64.0], ""fast_src_kps"": 792, ""fast_ref_kps"": 0, ""fast_candidates"": 0, ""fast_status"": ""insufficient_keypoints"", ""supported"": false, ""support_reasons"": [], ""status"": ""evaluated""}, {""window_id"": 3, ""grid_rc"": ""0,2"", ""mapped"": true, ""valid_support_pct"": 0.1, ""status"": ""low_valid_support"", ""supported"": false, ""support_reasons"": [""insufficient_valid_pixels""]}, {""window_id"": 4, ""grid_rc"": ""1,0"", ""mapped"": true, ""valid_support_pct"": 0.0, ""status"": ""low_valid_support"", ""supported"": false, ""support_reasons"": [""insufficient_valid_pixels""]}, {""window_id"": 5, ""grid_rc"": ""1,1"", ""mapped"": true, ""valid_support_pct"": 0.0, ""status"": ""low_valid_support"", ""supported"": false, ""support_reasons"": [""insufficient_valid_pixels""]}, {""window_id"": 6, ""grid_rc"": ""1,2"", ""mapped"": true, ""valid_support_pct"": 0.0, ""status"": ""low_valid_support"", ""supported"": false, ""support_reasons"": [""insufficient_valid_pixels""]}, {""window_id"": 7, ""grid_rc"": ""2,0"", ""mapped"": true, ""valid_support_pct"": 91.6, ""ref_global_rect"": [1074, 3405, 1306, 3487], ""intensity_ncc"": -0.0391, ""gradient_ncc"": -0.0291, ""phase_response"": 0.1389, ""phase_shift_px"": [-10.43, 0.57], ""fast_src_kps"": 847, ""fast_ref_kps"": 517, ""fast_candidates"": 0, ""fast_status"": ""no_lowes_filtered_matches"", ""supported"": true, ""support_reasons"": [""phase_resp=0.139\u22650.05""], ""status"": ""evaluated""}, {""window_id"": 8, ""grid_rc"": ""2,1"", ""mapped"": true, ""valid_support_pct"": 72.7, ""ref_global_rect"": [1407, 3405, 1639, 3487], ""intensity_ncc"": 0.0604, ""gradient_ncc"": -0.0153, ""phase_response"": 0.071, ""phase_shift_px"": [23.07, -3.61], ""fast_src_kps"": 622, ""fast_ref_kps"": 523, ""fast_candidates"": 2, ""fast_status"": ""ok"", ""supported"": true, ""support_reasons"": [""phase_resp=0.071\u22650.05""], ""status"": ""evaluated""}, {""window_id"": 9, ""grid_rc"": ""2,2"", ""mapped"": true, ""valid_support_pct"": 8.6, ""status"": ""low_valid_support"", ""supported"": false, ""support_reasons"": [""insufficient_valid_pixels""]}]"
OHRC_PAIR_04__dx-1000m_dy+1000m,OHRC_PAIR_04,-1000,1000,-200,-200,SCREEN_FAIL,1,1,1,0,0,0,False,False,False,False,False,True,1023,746,2023,3746,14.998,627.35,2088.93,2181.1,"[{""window_id"": 1, ""grid_rc"": ""0,0"", ""mapped"": true, ""valid_support_pct"": 87.8, ""ref_global_rect"": [1074, 1205, 1306, 1287], ""intensity_ncc"": 0.0, ""gradient_ncc"": 0.0, ""phase_response"": 0.0, ""phase_shift_px"": [64.0, 64.0], ""fast_src_kps"": 1019, ""fast_ref_kps"": 0, ""fast_candidates"": 0, ""fast_status"": ""insufficient_keypoints"", ""supported"": false, ""support_reasons"": [], ""status"": ""evaluated""}, {""window_id"": 2, ""grid_rc"": ""0,1"", ""mapped"": true, ""valid_support_pct"": 71.9, ""ref_global_rect"": [1407, 1205, 1639, 1287], ""intensity_ncc"": 0.0, ""gradient_ncc"": 0.0, ""phase_response"": 0.0, ""phase_shift_px"": [64.0, 64.0], ""fast_src_kps"": 792, ""fast_ref_kps"": 0, ""fast_candidates"": 0, ""fast_status"": ""insufficient_keypoints"", ""supported"": false, ""support_reasons"": [], ""status"": ""evaluated""}, {""window_id"": 3, ""grid_rc"": ""0,2"", ""mapped"": true, ""valid_support_pct"": 0.1, ""status"": ""low_valid_support"", ""supported"": false, ""support_reasons"": [""insufficient_valid_pixels""]}, {""window_id"": 4, ""grid_rc"": ""1,0"", ""mapped"": true, ""valid_support_pct"": 0.0, ""status"": ""low_valid_support"", ""supported"": false, ""support_reasons"": [""insufficient_valid_pixels""]}, {""window_id"": 5, ""grid_rc"": ""1,1"", ""mapped"": true, ""valid_support_pct"": 0.0, ""status"": ""low_valid_support"", ""supported"": false, ""support_reasons"": [""insufficient_valid_pixels""]}, {""window_id"": 6, ""grid_rc"": ""1,2"", ""mapped"": true, ""valid_support_pct"": 0.0, ""status"": ""low_valid_support"", ""supported"": false, ""support_reasons"": [""insufficient_valid_pixels""]}, {""window_id"": 7, ""grid_rc"": ""2,0"", ""mapped"": true, ""valid_support_pct"": 91.6, ""ref_global_rect"": [1074, 3205, 1306, 3287], ""intensity_ncc"": 0.1928, ""gradient_ncc"": 0.0018, ""phase_response"": -0.0037, ""phase_shift_px"": [-17.54, 15.62], ""fast_src_kps"": 847, ""fast_ref_kps"": 708, ""fast_candidates"": 0, ""fast_status"": ""no_lowes_filtered_matches"", ""supported"": true, ""support_reasons"": [""intensity_ncc=0.193\u22650.08""], ""status"": ""evaluated""}, {""window_id"": 8, ""grid_rc"": ""2,1"", ""mapped"": true, ""valid_support_pct"": 72.7, ""ref_global_rect"": [1407, 3205, 1639, 3287], ""intensity_ncc"": 0.0764, ""gradient_ncc"": 0.0473, ""phase_response"": -0.0479, ""phase_shift_px"": [5.85, -8.42], ""fast_src_kps"": 622, ""fast_ref_kps"": 321, ""fast_candidates"": 0, ""fast_status"": ""no_lowes_filtered_matches"", ""supported"": false, ""support_reasons"": [], ""status"": ""evaluated""}, {""window_id"": 9, ""grid_rc"": ""2,2"", ""mapped"": true, ""valid_support_pct"": 8.6, ""status"": ""low_valid_support"", ""supported"": false, ""support_reasons"": [""insufficient_valid_pixels""]}]"
OHRC_PAIR_04__dx-1000m_dy+2000m,OHRC_PAIR_04,-1000,2000,-200,-400,SCREEN_FAIL,1,1,0,0,1,0,False,False,False,True,False,True,1023,546,2023,3546,14.998,627.35,2088.93,2181.1,"[{""window_id"": 1, ""grid_rc"": ""0,0"", ""mapped"": true, ""valid_support_pct"": 87.8, ""ref_global_rect"": [1074, 1005, 1306, 1087], ""intensity_ncc"": 0.0, ""gradient_ncc"": 0.0, ""phase_response"": 0.0, ""phase_shift_px"": [64.0, 64.0], ""fast_src_kps"": 1019, ""fast_ref_kps"": 0, ""fast_candidates"": 0, ""fast_status"": ""insufficient_keypoints"", ""supported"": false, ""support_reasons"": [], ""status"": ""evaluated""}, {""window_id"": 2, ""grid_rc"": ""0,1"", ""mapped"": true, ""valid_support_pct"": 71.9, ""ref_global_rect"": [1407, 1005, 1639, 1087], ""intensity_ncc"": 0.0, ""gradient_ncc"": 0.0, ""phase_response"": 0.0, ""phase_shift_px"": [64.0, 64.0], ""fast_src_kps"": 792, ""fast_ref_kps"": 0, ""fast_candidates"": 0, ""fast_status"": ""insufficient_keypoints"", ""supported"": false, ""support_reasons"": [], ""status"": ""evaluated""}, {""window_id"": 3, ""grid_rc"": ""0,2"", ""mapped"": true, ""valid_support_pct"": 0.1, ""status"": ""low_valid_support"", ""supported"": false, ""support_reasons"": [""insufficient_valid_pixels""]}, {""window_id"": 4, ""grid_rc"": ""1,0"", ""mapped"": true, ""valid_support_pct"": 0.0, ""status"": ""low_valid_support"", ""supported"": false, ""support_reasons"": [""insufficient_valid_pixels""]}, {""window_id"": 5, ""grid_rc"": ""1,1"", ""mapped"": true, ""valid_support_pct"": 0.0, ""status"": ""low_valid_support"", ""supported"": false, ""support_reasons"": [""insufficient_valid_pixels""]}, {""window_id"": 6, ""grid_rc"": ""1,2"", ""mapped"": true, ""valid_support_pct"": 0.0, ""status"": ""low_valid_support"", ""supported"": false, ""support_reasons"": [""insufficient_valid_pixels""]}, {""window_id"": 7, ""grid_rc"": ""2,0"", ""mapped"": true, ""valid_support_pct"": 91.6, ""ref_global_rect"": [1074, 3005, 1306, 3087], ""intensity_ncc"": -0.0229, ""gradient_ncc"": 0.0009, ""phase_response"": 0.0254, ""phase_shift_px"": [-7.76, 18.7], ""fast_src_kps"": 847, ""fast_ref_kps"": 556, ""fast_candidates"": 0, ""fast_status"": ""no_lowes_filtered_matches"", ""supported"": false, ""support_reasons"": [], ""status"": ""evaluated""}, {""window_id"": 8, ""grid_rc"": ""2,1"", ""mapped"": true, ""valid_support_pct"": 72.7, ""ref_global_rect"": [1407, 3005, 1639, 3087], ""intensity_ncc"": -0.1494, ""gradient_ncc"": -0.0318, ""phase_response"": 0.1481, ""phase_shift_px"": [-14.07, -15.11], ""fast_src_kps"": 622, ""fast_ref_kps"": 332, ""fast_candidates"": 0, ""fast_status"": ""no_lowes_filtered_matches"", ""supported"": true, ""support_reasons"": [""phase_resp=0.148\u22650.05""], ""status"": ""evaluated""}, {""window_id"": 9, ""grid_rc"": ""2,2"", ""mapped"": true, ""valid_support_pct"": 8.6, ""status"": ""low_valid_support"", ""supported"": false, ""support_reasons"": [""insufficient_valid_pixels""]}]"
OHRC_PAIR_04__dx-1000m_dy+3000m,OHRC_PAIR_04,-1000,3000,-200,-600,SCREEN_FAIL,1,1,1,0,0,0,False,False,False,False,False,True,1023,346,2023,3346,14.998,627.35,2088.93,2181.1,"[{""window_id"": 1, ""grid_rc"": ""0,0"", ""mapped"": true, ""valid_support_pct"": 87.8, ""ref_global_rect"": [1074, 805, 1306, 887], ""intensity_ncc"": 0.0, ""gradient_ncc"": 0.0, ""phase_response"": 0.0, ""phase_shift_px"": [64.0, 64.0], ""fast_src_kps"": 1019, ""fast_ref_kps"": 0, ""fast_candidates"": 0, ""fast_status"": ""insufficient_keypoints"", ""supported"": false, ""support_reasons"": [], ""status"": ""evaluated""}, {""window_id"": 2, ""grid_rc"": ""0,1"", ""mapped"": true, ""valid_support_pct"": 71.9, ""ref_global_rect"": [1407, 805, 1639, 887], ""intensity_ncc"": 0.0, ""gradient_ncc"": 0.0, ""phase_response"": 0.0, ""phase_shift_px"": [64.0, 64.0], ""fast_src_kps"": 792, ""fast_ref_kps"": 0, ""fast_candidates"": 0, ""fast_status"": ""insufficient_keypoints"", ""supported"": false, ""support_reasons"": [], ""status"": ""evaluated""}, {""window_id"": 3, ""grid_rc"": ""0,2"", ""mapped"": true, ""valid_support_pct"": 0.1, ""status"": ""low_valid_support"", ""supported"": false, ""support_reasons"": [""insufficient_valid_pixels""]}, {""window_id"": 4, ""grid_rc"": ""1,0"", ""mapped"": true, ""valid_support_pct"": 0.0, ""status"": ""low_valid_support"", ""supported"": false, ""support_reasons"": [""insufficient_valid_pixels""]}, {""window_id"": 5, ""grid_rc"": ""1,1"", ""mapped"": true, ""valid_support_pct"": 0.0, ""status"": ""low_valid_support"", ""supported"": false, ""support_reasons"": [""insufficient_valid_pixels""]}, {""window_id"": 6, ""grid_rc"": ""1,2"", ""mapped"": true, ""valid_support_pct"": 0.0, ""status"": ""low_valid_support"", ""supported"": false, ""support_reasons"": [""insufficient_valid_pixels""]}, {""window_id"": 7, ""grid_rc"": ""2,0"", ""mapped"": true, ""valid_support_pct"": 91.6, ""ref_global_rect"": [1074, 2805, 1306, 2887], ""intensity_ncc"": 0.0977, ""gradient_ncc"": 0.014, ""phase_response"": -0.0, ""phase_shift_px"": [-6369.88, 33259.5], ""fast_src_kps"": 847, ""fast_ref_kps"": 502, ""fast_candidates"": 0, ""fast_status"": ""no_lowes_filtered_matches"", ""supported"": true, ""support_reasons"": [""intensity_ncc=0.098\u22650.08""], ""status"": ""evaluated""}, {""window_id"": 8, ""grid_rc"": ""2,1"", ""mapped"": true, ""valid_support_pct"": 72.7, ""ref_global_rect"": [1407, 2805, 1639, 2887], ""intensity_ncc"": -0.0328, ""gradient_ncc"": -0.0016, ""phase_response"": -0.0095, ""phase_shift_px"": [14.85, -14.18], ""fast_src_kps"": 622, ""fast_ref_kps"": 472, ""fast_candidates"": 0, ""fast_status"": ""no_lowes_filtered_matches"", ""supported"": false, ""support_reasons"": [], ""status"": ""evaluated""}, {""window_id"": 9, ""grid_rc"": ""2,2"", ""mapped"": true, ""valid_support_pct"": 8.6, ""status"": ""low_valid_support"", ""supported"": false, ""support_reasons"": [""insufficient_valid_pixels""]}]"
OHRC_PAIR_04__dx+0m_dy-3000m,OHRC_PAIR_04,0,-3000,0,600,INSUFFICIENT_SUPPORT,0,0,0,0,0,0,False,False,False,False,False,True,1223,1546,2223,4546,14.998,627.35,2088.93,2181.1,"[{""window_id"": 1, ""grid_rc"": ""0,0"", ""mapped"": true, ""valid_support_pct"": 87.8, ""ref_global_rect"": [1274, 2005, 1506, 2087], ""intensity_ncc"": -0.3055, ""gradient_ncc"": -0.1546, ""phase_response"": 0.0044, ""phase_shift_px"": [9.91, 4.33], ""fast_src_kps"": 885, ""fast_ref_kps"": 359, ""fast_candidates"": 0, ""fast_status"": ""no_lowes_filtered_matches"", ""supported"": false, ""support_reasons"": [], ""status"": ""evaluated""}, {""window_id"": 2, ""grid_rc"": ""0,1"", ""mapped"": true, ""valid_support_pct"": 71.9, ""ref_global_rect"": [1607, 2005, 1839, 2087], ""intensity_ncc"": 0.0161, ""gradient_ncc"": -0.0173, ""phase_response"": 0.0468, ""phase_shift_px"": [5.91, 2.13], ""fast_src_kps"": 707, ""fast_ref_kps"": 610, ""fast_candidates"": 0, ""fast_status"": ""no_lowes_filtered_matches"", ""supported"": false, ""support_reasons"": [], ""status"": ""evaluated""}, {""window_id"": 3, ""grid_rc"": ""0,2"", ""mapped"": true, ""valid_support_pct"": 0.1, ""status"": ""low_valid_support"", ""supported"": false, ""support_reasons"": [""insufficient_valid_pixels""]}, {""window_id"": 4, ""grid_rc"": ""1,0"", ""mapped"": true, ""valid_support_pct"": 0.0, ""status"": ""low_valid_support"", ""supported"": false, ""support_reasons"": [""insufficient_valid_pixels""]}, {""window_id"": 5, ""grid_rc"": ""1,1"", ""mapped"": true, ""valid_support_pct"": 0.0, ""status"": ""low_valid_support"", ""supported"": false, ""support_reasons"": [""insufficient_valid_pixels""]}, {""window_id"": 6, ""grid_rc"": ""1,2"", ""mapped"": true, ""valid_support_pct"": 0.0, ""status"": ""low_valid_support"", ""supported"": false, ""support_reasons"": [""insufficient_valid_pixels""]}, {""window_id"": 7, ""grid_rc"": ""2,0"", ""mapped"": true, ""valid_support_pct"": 91.6, ""ref_global_rect"": [1274, 4005, 1506, 4087], ""intensity_ncc"": -0.0784, ""gradient_ncc"": 0.0091, ""phase_response"": 0.0178, ""phase_shift_px"": [30.91, -2.94], ""fast_src_kps"": 847, ""fast_ref_kps"": 505, ""fast_candidates"": 0, ""fast_status"": ""no_lowes_filtered_matches"", ""supported"": false, ""support_reasons"": [], ""status"": ""evaluated""}, {""window_id"": 8, ""grid_rc"": ""2,1"", ""mapped"": true, ""valid_support_pct"": 72.7, ""ref_global_rect"": [1607, 4005, 1839, 4087], ""intensity_ncc"": -0.0751, ""gradient_ncc"": -0.0327, ""phase_response"": 0.0499, ""phase_shift_px"": [-12.36, -11.33], ""fast_src_kps"": 622, ""fast_ref_kps"": 316, ""fast_candidates"": 1, ""fast_status"": ""ok"", ""supported"": false, ""support_reasons"": [], ""status"": ""evaluated""}, {""window_id"": 9, ""grid_rc"": ""2,2"", ""mapped"": true, ""valid_support_pct"": 8.6, ""status"": ""low_valid_support"", ""supported"": false, ""support_reasons"": [""insufficient_valid_pixels""]}]"
OHRC_PAIR_04__dx+0m_dy-2000m,OHRC_PAIR_04,0,-2000,0,400,SCREEN_FAIL,2,2,0,0,2,0,False,False,False,True,False,True,1223,1346,2223,4346,14.998,627.35,2088.93,2181.1,"[{""window_id"": 1, ""grid_rc"": ""0,0"", ""mapped"": true, ""valid_support_pct"": 87.8, ""ref_global_rect"": [1274, 1805, 1506, 1887], ""intensity_ncc"": -0.1302, ""gradient_ncc"": -0.0142, ""phase_response"": 0.0808, ""phase_shift_px"": [4.26, 1.64], ""fast_src_kps"": 885, ""fast_ref_kps"": 512, ""fast_candidates"": 0, ""fast_status"": ""no_lowes_filtered_matches"", ""supported"": true, ""support_reasons"": [""phase_resp=0.081\u22650.05""], ""status"": ""evaluated""}, {""window_id"": 2, ""grid_rc"": ""0,1"", ""mapped"": true, ""valid_support_pct"": 71.9, ""ref_global_rect"": [1607, 1805, 1839, 1887], ""intensity_ncc"": -0.033, ""gradient_ncc"": -0.0331, ""phase_response"": -0.0458, ""phase_shift_px"": [-59.31, 58.92], ""fast_src_kps"": 792, ""fast_ref_kps"": 0, ""fast_candidates"": 0, ""fast_status"": ""insufficient_keypoints"", ""supported"": false, ""support_reasons"": [], ""status"": ""evaluated""}, {""window_id"": 3, ""grid_rc"": ""0,2"", ""mapped"": true, ""valid_support_pct"": 0.1, ""status"": ""low_valid_support"", ""supported"": false, ""support_reasons"": [""insufficient_valid_pixels""]}, {""window_id"": 4, ""grid_rc"": ""1,0"", ""mapped"": true, ""valid_support_pct"": 0.0, ""status"": ""low_valid_support"", ""supported"": false, ""support_reasons"": [""insufficient_valid_pixels""]}, {""window_id"": 5, ""grid_rc"": ""1,1"", ""mapped"": true, ""valid_support_pct"": 0.0, ""status"": ""low_valid_support"", ""supported"": false, ""support_reasons"": [""insufficient_valid_pixels""]}, {""window_id"": 6, ""grid_rc"": ""1,2"", ""mapped"": true, ""valid_support_pct"": 0.0, ""status"": ""low_valid_support"", ""supported"": false, ""support_reasons"": [""insufficient_valid_pixels""]}, {""window_id"": 7, ""grid_rc"": ""2,0"", ""mapped"": true, ""valid_support_pct"": 91.6, ""ref_global_rect"": [1274, 3805, 1506, 3887], ""intensity_ncc"": 0.0406, ""gradient_ncc"": 0.011, ""phase_response"": 0.0592, ""phase_shift_px"": [-17.06, 13.8], ""fast_src_kps"": 847, ""fast_ref_kps"": 376, ""fast_candidates"": 0, ""fast_status"": ""no_lowes_filtered_matches"", ""supported"": true, ""support_reasons"": [""phase_resp=0.059\u22650.05""], ""status"": ""evaluated""}, {""window_id"": 8, ""grid_rc"": ""2,1"", ""mapped"": true, ""valid_support_pct"": 72.7, ""ref_global_rect"": [1607, 3805, 1839, 3887], ""intensity_ncc"": -0.0679, ""gradient_ncc"": 0.0033, ""phase_response"": 0.0237, ""phase_shift_px"": [0.01, -19.87], ""fast_src_kps"": 622, ""fast_ref_kps"": 418, ""fast_candidates"": 0, ""fast_status"": ""no_lowes_filtered_matches"", ""supported"": false, ""support_reasons"": [], ""status"": ""evaluated""}, {""window_id"": 9, ""grid_rc"": ""2,2"", ""mapped"": true, ""valid_support_pct"": 8.6, ""status"": ""low_valid_support"", ""supported"": false, ""support_reasons"": [""insufficient_valid_pixels""]}]"
OHRC_PAIR_04__dx+0m_dy-1000m,OHRC_PAIR_04,0,-1000,0,200,SCREEN_FAIL,2,2,0,0,2,0,False,False,False,True,False,True,1223,1146,2223,4146,14.998,627.35,2088.93,2181.1,"[{""window_id"": 1, ""grid_rc"": ""0,0"", ""mapped"": true, ""valid_support_pct"": 87.8, ""ref_global_rect"": [1274, 1605, 1506, 1687], ""intensity_ncc"": 0.0292, ""gradient_ncc"": -0.0196, ""phase_response"": 0.1252, ""phase_shift_px"": [61.98, 43.36], ""fast_src_kps"": 1019, ""fast_ref_kps"": 1, ""fast_candidates"": 0, ""fast_status"": ""insufficient_keypoints"", ""supported"": true, ""support_reasons"": [""phase_resp=0.125\u22650.05""], ""status"": ""evaluated""}, {""window_id"": 2, ""grid_rc"": ""0,1"", ""mapped"": true, ""valid_support_pct"": 71.9, ""ref_global_rect"": [1607, 1605, 1839, 1687], ""intensity_ncc"": 0.0, ""gradient_ncc"": 0.0, ""phase_response"": 0.0, ""phase_shift_px"": [64.0, 64.0], ""fast_src_kps"": 792, ""fast_ref_kps"": 0, ""fast_candidates"": 0, ""fast_status"": ""insufficient_keypoints"", ""supported"": false, ""support_reasons"": [], ""status"": ""evaluated""}, {""window_id"": 3, ""grid_rc"": ""0,2"", ""mapped"": true, ""valid_support_pct"": 0.1, ""status"": ""low_valid_support"", ""supported"": false, ""support_reasons"": [""insufficient_valid_pixels""]}, {""window_id"": 4, ""grid_rc"": ""1,0"", ""mapped"": true, ""valid_support_pct"": 0.0, ""status"": ""low_valid_support"", ""supported"": false, ""support_reasons"": [""insufficient_valid_pixels""]}, {""window_id"": 5, ""grid_rc"": ""1,1"", ""mapped"": true, ""valid_support_pct"": 0.0, ""status"": ""low_valid_support"", ""supported"": false, ""support_reasons"": [""insufficient_valid_pixels""]}, {""window_id"": 6, ""grid_rc"": ""1,2"", ""mapped"": true, ""valid_support_pct"": 0.0, ""status"": ""low_valid_support"", ""supported"": false, ""support_reasons"": [""insufficient_valid_pixels""]}, {""window_id"": 7, ""grid_rc"": ""2,0"", ""mapped"": true, ""valid_support_pct"": 91.6, ""ref_global_rect"": [1274, 3605, 1506, 3687], ""intensity_ncc"": 0.002, ""gradient_ncc"": -0.0132, ""phase_response"": 0.0283, ""phase_shift_px"": [11.71, 5.31], ""fast_src_kps"": 847, ""fast_ref_kps"": 511, ""fast_candidates"": 0, ""fast_status"": ""no_lowes_filtered_matches"", ""supported"": false, ""support_reasons"": [], ""status"": ""evaluated""}, {""window_id"": 8, ""grid_rc"": ""2,1"", ""mapped"": true, ""valid_support_pct"": 72.7, ""ref_global_rect"": [1607, 3605, 1839, 3687], ""intensity_ncc"": -0.1596, ""gradient_ncc"": 0.0345, ""phase_response"": 0.0942, ""phase_shift_px"": [-0.37, 11.43], ""fast_src_kps"": 622, ""fast_ref_kps"": 333, ""fast_candidates"": 1, ""fast_status"": ""ok"", ""supported"": true, ""support_reasons"": [""phase_resp=0.094\u22650.05""], ""status"": ""evaluated""}, {""window_id"": 9, ""grid_rc"": ""2,2"", ""mapped"": true, ""valid_support_pct"": 8.6, ""status"": ""low_valid_support"", ""supported"": false, ""support_reasons"": [""insufficient_valid_pixels""]}]"
OHRC_PAIR_04__dx+0m_dy+0m,OHRC_PAIR_04,0,0,0,0,SCREEN_FAIL,2,2,0,0,2,0,False,False,False,True,False,True,1223,946,2223,3946,14.998,627.35,2088.93,2181.1,"[{""window_id"": 1, ""grid_rc"": ""0,0"", ""mapped"": true, ""valid_support_pct"": 87.8, ""ref_global_rect"": [1274, 1405, 1506, 1487], ""intensity_ncc"": 0.0, ""gradient_ncc"": 0.0, ""phase_response"": 0.0, ""phase_shift_px"": [64.0, 64.0], ""fast_src_kps"": 1019, ""fast_ref_kps"": 0, ""fast_candidates"": 0, ""fast_status"": ""insufficient_keypoints"", ""supported"": false, ""support_reasons"": [], ""status"": ""evaluated""}, {""window_id"": 2, ""grid_rc"": ""0,1"", ""mapped"": true, ""valid_support_pct"": 71.9, ""ref_global_rect"": [1607, 1405, 1839, 1487], ""intensity_ncc"": 0.0, ""gradient_ncc"": 0.0, ""phase_response"": 0.0, ""phase_shift_px"": [64.0, 64.0], ""fast_src_kps"": 792, ""fast_ref_kps"": 0, ""fast_candidates"": 0, ""fast_status"": ""insufficient_keypoints"", ""supported"": false, ""support_reasons"": [], ""status"": ""evaluated""}, {""window_id"": 3, ""grid_rc"": ""0,2"", ""mapped"": true, ""valid_support_pct"": 0.1, ""status"": ""low_valid_support"", ""supported"": false, ""support_reasons"": [""insufficient_valid_pixels""]}, {""window_id"": 4, ""grid_rc"": ""1,0"", ""mapped"": true, ""valid_support_pct"": 0.0, ""status"": ""low_valid_support"", ""supported"": false, ""support_reasons"": [""insufficient_valid_pixels""]}, {""window_id"": 5, ""grid_rc"": ""1,1"", ""mapped"": true, ""valid_support_pct"": 0.0, ""status"": ""low_valid_support"", ""supported"": false, ""support_reasons"": [""insufficient_valid_pixels""]}, {""window_id"": 6, ""grid_rc"": ""1,2"", ""mapped"": true, ""valid_support_pct"": 0.0, ""status"": ""low_valid_support"", ""supported"": false, ""support_reasons"": [""insufficient_valid_pixels""]}, {""window_id"": 7, ""grid_rc"": ""2,0"", ""mapped"": true, ""valid_support_pct"": 91.6, ""ref_global_rect"": [1274, 3405, 1506, 3487], ""intensity_ncc"": -0.0711, ""gradient_ncc"": 0.016, ""phase_response"": 0.0802, ""phase_shift_px"": [-3.28, 9.17], ""fast_src_kps"": 847, ""fast_ref_kps"": 470, ""fast_candidates"": 0, ""fast_status"": ""no_lowes_filtered_matches"", ""supported"": true, ""support_reasons"": [""phase_resp=0.080\u22650.05""], ""status"": ""evaluated""}, {""window_id"": 8, ""grid_rc"": ""2,1"", ""mapped"": true, ""valid_support_pct"": 72.7, ""ref_global_rect"": [1607, 3405, 1839, 3487], ""intensity_ncc"": 0.0671, ""gradient_ncc"": -0.0014, ""phase_response"": 0.0854, ""phase_shift_px"": [-21.89, -4.9], ""fast_src_kps"": 622, ""fast_ref_kps"": 528, ""fast_candidates"": 0, ""fast_status"": ""no_lowes_filtered_matches"", ""supported"": true, ""support_reasons"": [""phase_resp=0.085\u22650.05""], ""status"": ""evaluated""}, {""window_id"": 9, ""grid_rc"": ""2,2"", ""mapped"": true, ""valid_support_pct"": 8.6, ""status"": ""low_valid_support"", ""supported"": false, ""support_reasons"": [""insufficient_valid_pixels""]}]"
OHRC_PAIR_04__dx+0m_dy+1000m,OHRC_PAIR_04,0,1000,0,-200,SCREEN_FAIL,1,1,0,0,1,0,False,False,False,True,False,True,1223,746,2223,3746,14.998,627.35,2088.93,2181.1,"[{""window_id"": 1, ""grid_rc"": ""0,0"", ""mapped"": true, ""valid_support_pct"": 87.8, ""ref_global_rect"": [1274, 1205, 1506, 1287], ""intensity_ncc"": 0.0, ""gradient_ncc"": 0.0, ""phase_response"": 0.0, ""phase_shift_px"": [64.0, 64.0], ""fast_src_kps"": 1019, ""fast_ref_kps"": 0, ""fast_candidates"": 0, ""fast_status"": ""insufficient_keypoints"", ""supported"": false, ""support_reasons"": [], ""status"": ""evaluated""}, {""window_id"": 2, ""grid_rc"": ""0,1"", ""mapped"": true, ""valid_support_pct"": 71.9, ""ref_global_rect"": [1607, 1205, 1839, 1287], ""intensity_ncc"": 0.0, ""gradient_ncc"": 0.0, ""phase_response"": 0.0, ""phase_shift_px"": [64.0, 64.0], ""fast_src_kps"": 792, ""fast_ref_kps"": 0, ""fast_candidates"": 0, ""fast_status"": ""insufficient_keypoints"", ""supported"": false, ""support_reasons"": [], ""status"": ""evaluated""}, {""window_id"": 3, ""grid_rc"": ""0,2"", ""mapped"": true, ""valid_support_pct"": 0.1, ""status"": ""low_valid_support"", ""supported"": false, ""support_reasons"": [""insufficient_valid_pixels""]}, {""window_id"": 4, ""grid_rc"": ""1,0"", ""mapped"": true, ""valid_support_pct"": 0.0, ""status"": ""low_valid_support"", ""supported"": false, ""support_reasons"": [""insufficient_valid_pixels""]}, {""window_id"": 5, ""grid_rc"": ""1,1"", ""mapped"": true, ""valid_support_pct"": 0.0, ""status"": ""low_valid_support"", ""supported"": false, ""support_reasons"": [""insufficient_valid_pixels""]}, {""window_id"": 6, ""grid_rc"": ""1,2"", ""mapped"": true, ""valid_support_pct"": 0.0, ""status"": ""low_valid_support"", ""supported"": false, ""support_reasons"": [""insufficient_valid_pixels""]}, {""window_id"": 7, ""grid_rc"": ""2,0"", ""mapped"": true, ""valid_support_pct"": 91.6, ""ref_global_rect"": [1274, 3205, 1506, 3287], ""intensity_ncc"": -0.1705, ""gradient_ncc"": -0.0235, ""phase_response"": 0.0264, ""phase_shift_px"": [-6.63, 5.09], ""fast_src_kps"": 847, ""fast_ref_kps"": 308, ""fast_candidates"": 0, ""fast_status"": ""no_lowes_filtered_matches"", ""supported"": false, ""support_reasons"": [], ""status"": ""evaluated""}, {""window_id"": 8, ""grid_rc"": ""2,1"", ""mapped"": true, ""valid_support_pct"": 72.7, ""ref_global_rect"": [1607, 3205, 1839, 3287], ""intensity_ncc"": 0.076, ""gradient_ncc"": -0.0024, ""phase_response"": 0.0601, ""phase_shift_px"": [20.92, -12.08], ""fast_src_kps"": 622, ""fast_ref_kps"": 550, ""fast_candidates"": 0, ""fast_status"": ""no_lowes_filtered_matches"", ""supported"": true, ""support_reasons"": [""phase_resp=0.060\u22650.05""], ""status"": ""evaluated""}, {""window_id"": 9, ""grid_rc"": ""2,2"", ""mapped"": true, ""valid_support_pct"": 8.6, ""status"": ""low_valid_support"", ""supported"": false, ""support_reasons"": [""insufficient_valid_pixels""]}]"
OHRC_PAIR_04__dx+0m_dy+2000m,OHRC_PAIR_04,0,2000,0,-400,SCREEN_FAIL,1,1,1,0,0,0,False,False,False,False,False,True,1223,546,2223,3546,14.998,627.35,2088.93,2181.1,"[{""window_id"": 1, ""grid_rc"": ""0,0"", ""mapped"": true, ""valid_support_pct"": 87.8, ""ref_global_rect"": [1274, 1005, 1506, 1087], ""intensity_ncc"": 0.0, ""gradient_ncc"": 0.0, ""phase_response"": 0.0, ""phase_shift_px"": [64.0, 64.0], ""fast_src_kps"": 1019, ""fast_ref_kps"": 0, ""fast_candidates"": 0, ""fast_status"": ""insufficient_keypoints"", ""supported"": false, ""support_reasons"": [], ""status"": ""evaluated""}, {""window_id"": 2, ""grid_rc"": ""0,1"", ""mapped"": true, ""valid_support_pct"": 71.9, ""ref_global_rect"": [1607, 1005, 1839, 1087], ""intensity_ncc"": 0.0, ""gradient_ncc"": 0.0, ""phase_response"": 0.0, ""phase_shift_px"": [64.0, 64.0], ""fast_src_kps"": 792, ""fast_ref_kps"": 0, ""fast_candidates"": 0, ""fast_status"": ""insufficient_keypoints"", ""supported"": false, ""support_reasons"": [], ""status"": ""evaluated""}, {""window_id"": 3, ""grid_rc"": ""0,2"", ""mapped"": true, ""valid_support_pct"": 0.1, ""status"": ""low_valid_support"", ""supported"": false, ""support_reasons"": [""insufficient_valid_pixels""]}, {""window_id"": 4, ""grid_rc"": ""1,0"", ""mapped"": true, ""valid_support_pct"": 0.0, ""status"": ""low_valid_support"", ""supported"": false, ""support_reasons"": [""insufficient_valid_pixels""]}, {""window_id"": 5, ""grid_rc"": ""1,1"", ""mapped"": true, ""valid_support_pct"": 0.0, ""status"": ""low_valid_support"", ""supported"": false, ""support_reasons"": [""insufficient_valid_pixels""]}, {""window_id"": 6, ""grid_rc"": ""1,2"", ""mapped"": true, ""valid_support_pct"": 0.0, ""status"": ""low_valid_support"", ""supported"": false, ""support_reasons"": [""insufficient_valid_pixels""]}, {""window_id"": 7, ""grid_rc"": ""2,0"", ""mapped"": true, ""valid_support_pct"": 91.6, ""ref_global_rect"": [1274, 3005, 1506, 3087], ""intensity_ncc"": 0.1048, ""gradient_ncc"": 0.0425, ""phase_response"": 0.0356, ""phase_shift_px"": [11.75, -24.86], ""fast_src_kps"": 847, ""fast_ref_kps"": 447, ""fast_candidates"": 0, ""fast_status"": ""no_lowes_filtered_matches"", ""supported"": true, ""support_reasons"": [""intensity_ncc=0.105\u22650.08""], ""status"": ""evaluated""}, {""window_id"": 8, ""grid_rc"": ""2,1"", ""mapped"": true, ""valid_support_pct"": 72.7, ""ref_global_rect"": [1607, 3005, 1839, 3087], ""intensity_ncc"": 0.0013, ""gradient_ncc"": -0.0248, ""phase_response"": 0.037, ""phase_shift_px"": [24.74, -5.91], ""fast_src_kps"": 622, ""fast_ref_kps"": 493, ""fast_candidates"": 0, ""fast_status"": ""no_lowes_filtered_matches"", ""supported"": false, ""support_reasons"": [], ""status"": ""evaluated""}, {""window_id"": 9, ""grid_rc"": ""2,2"", ""mapped"": true, ""valid_support_pct"": 8.6, ""status"": ""low_valid_support"", ""supported"": false, ""support_reasons"": [""insufficient_valid_pixels""]}]"
OHRC_PAIR_04__dx+0m_dy+3000m,OHRC_PAIR_04,0,3000,0,-600,SCREEN_FAIL,1,1,0,0,1,0,False,False,False,True,False,True,1223,346,2223,3346,14.998,627.35,2088.93,2181.1,"[{""window_id"": 1, ""grid_rc"": ""0,0"", ""mapped"": true, ""valid_support_pct"": 87.8, ""ref_global_rect"": [1274, 805, 1506, 887], ""intensity_ncc"": 0.0, ""gradient_ncc"": 0.0, ""phase_response"": 0.0, ""phase_shift_px"": [64.0, 64.0], ""fast_src_kps"": 1019, ""fast_ref_kps"": 0, ""fast_candidates"": 0, ""fast_status"": ""insufficient_keypoints"", ""supported"": false, ""support_reasons"": [], ""status"": ""evaluated""}, {""window_id"": 2, ""grid_rc"": ""0,1"", ""mapped"": true, ""valid_support_pct"": 71.9, ""ref_global_rect"": [1607, 805, 1839, 887], ""intensity_ncc"": 0.0, ""gradient_ncc"": 0.0, ""phase_response"": 0.0, ""phase_shift_px"": [64.0, 64.0], ""fast_src_kps"": 792, ""fast_ref_kps"": 0, ""fast_candidates"": 0, ""fast_status"": ""insufficient_keypoints"", ""supported"": false, ""support_reasons"": [], ""status"": ""evaluated""}, {""window_id"": 3, ""grid_rc"": ""0,2"", ""mapped"": true, ""valid_support_pct"": 0.1, ""status"": ""low_valid_support"", ""supported"": false, ""support_reasons"": [""insufficient_valid_pixels""]}, {""window_id"": 4, ""grid_rc"": ""1,0"", ""mapped"": true, ""valid_support_pct"": 0.0, ""status"": ""low_valid_support"", ""supported"": false, ""support_reasons"": [""insufficient_valid_pixels""]}, {""window_id"": 5, ""grid_rc"": ""1,1"", ""mapped"": true, ""valid_support_pct"": 0.0, ""status"": ""low_valid_support"", ""supported"": false, ""support_reasons"": [""insufficient_valid_pixels""]}, {""window_id"": 6, ""grid_rc"": ""1,2"", ""mapped"": true, ""valid_support_pct"": 0.0, ""status"": ""low_valid_support"", ""supported"": false, ""support_reasons"": [""insufficient_valid_pixels""]}, {""window_id"": 7, ""grid_rc"": ""2,0"", ""mapped"": true, ""valid_support_pct"": 91.6, ""ref_global_rect"": [1274, 2805, 1506, 2887], ""intensity_ncc"": -0.0358, ""gradient_ncc"": 0.0152, ""phase_response"": 0.0675, ""phase_shift_px"": [-15.93, -17.82], ""fast_src_kps"": 847, ""fast_ref_kps"": 471, ""fast_candidates"": 0, ""fast_status"": ""no_lowes_filtered_matches"", ""supported"": true, ""support_reasons"": [""phase_resp=0.068\u22650.05""], ""status"": ""evaluated""}, {""window_id"": 8, ""grid_rc"": ""2,1"", ""mapped"": true, ""valid_support_pct"": 72.7, ""ref_global_rect"": [1607, 2805, 1839, 2887], ""intensity_ncc"": -0.2848, ""gradient_ncc"": -0.0591, ""phase_response"": 0.0233, ""phase_shift_px"": [24.53, 8.21], ""fast_src_kps"": 622, ""fast_ref_kps"": 544, ""fast_candidates"": 0, ""fast_status"": ""no_lowes_filtered_matches"", ""supported"": false, ""support_reasons"": [], ""status"": ""evaluated""}, {""window_id"": 9, ""grid_rc"": ""2,2"", ""mapped"": true, ""valid_support_pct"": 8.6, ""status"": ""low_valid_support"", ""supported"": false, ""support_reasons"": [""insufficient_valid_pixels""]}]"
OHRC_PAIR_04__dx+1000m_dy-3000m,OHRC_PAIR_04,1000,-3000,200,600,SCREEN_FAIL,2,2,0,0,2,0,False,False,False,True,False,True,1423,1546,2423,4546,14.998,627.35,2088.93,2181.1,"[{""window_id"": 1, ""grid_rc"": ""0,0"", ""mapped"": true, ""valid_support_pct"": 87.8, ""ref_global_rect"": [1474, 2005, 1706, 2087], ""intensity_ncc"": -0.0559, ""gradient_ncc"": 0.039, ""phase_response"": -0.1108, ""phase_shift_px"": [13.76, 18.12], ""fast_src_kps"": 885, ""fast_ref_kps"": 719, ""fast_candidates"": 0, ""fast_status"": ""no_lowes_filtered_matches"", ""supported"": false, ""support_reasons"": [], ""status"": ""evaluated""}, {""window_id"": 2, ""grid_rc"": ""0,1"", ""mapped"": true, ""valid_support_pct"": 71.9, ""ref_global_rect"": [1807, 2005, 2039, 2087], ""intensity_ncc"": -0.2031, ""gradient_ncc"": -0.0657, ""phase_response"": 0.1256, ""phase_shift_px"": [-35.2, 6.59], ""fast_src_kps"": 707, ""fast_ref_kps"": 204, ""fast_candidates"": 0, ""fast_status"": ""no_lowes_filtered_matches"", ""supported"": true, ""support_reasons"": [""phase_resp=0.126\u22650.05""], ""status"": ""evaluated""}, {""window_id"": 3, ""grid_rc"": ""0,2"", ""mapped"": true, ""valid_support_pct"": 0.1, ""status"": ""low_valid_support"", ""supported"": false, ""support_reasons"": [""insufficient_valid_pixels""]}, {""window_id"": 4, ""grid_rc"": ""1,0"", ""mapped"": true, ""valid_support_pct"": 0.0, ""status"": ""low_valid_support"", ""supported"": false, ""support_reasons"": [""insufficient_valid_pixels""]}, {""window_id"": 5, ""grid_rc"": ""1,1"", ""mapped"": true, ""valid_support_pct"": 0.0, ""status"": ""low_valid_support"", ""supported"": false, ""support_reasons"": [""insufficient_valid_pixels""]}, {""window_id"": 6, ""grid_rc"": ""1,2"", ""mapped"": true, ""valid_support_pct"": 0.0, ""status"": ""low_valid_support"", ""supported"": false, ""support_reasons"": [""insufficient_valid_pixels""]}, {""window_id"": 7, ""grid_rc"": ""2,0"", ""mapped"": true, ""valid_support_pct"": 91.6, ""ref_global_rect"": [1474, 4005, 1706, 4087], ""intensity_ncc"": 0.0687, ""gradient_ncc"": -0.004, ""phase_response"": 0.048, ""phase_shift_px"": [3.67, 17.88], ""fast_src_kps"": 847, ""fast_ref_kps"": 425, ""fast_candidates"": 0, ""fast_status"": ""no_lowes_filtered_matches"", ""supported"": false, ""support_reasons"": [], ""status"": ""evaluated""}, {""window_id"": 8, ""grid_rc"": ""2,1"", ""mapped"": true, ""valid_support_pct"": 72.7, ""ref_global_rect"": [1807, 4005, 2039, 4087], ""intensity_ncc"": -0.1526, ""gradient_ncc"": -0.0644, ""phase_response"": 0.0513, ""phase_shift_px"": [-19.0, -31.15], ""fast_src_kps"": 622, ""fast_ref_kps"": 277, ""fast_candidates"": 0, ""fast_status"": ""no_lowes_filtered_matches"", ""supported"": true, ""support_reasons"": [""phase_resp=0.051\u22650.05""], ""status"": ""evaluated""}, {""window_id"": 9, ""grid_rc"": ""2,2"", ""mapped"": true, ""valid_support_pct"": 8.6, ""status"": ""low_valid_support"", ""supported"": false, ""support_reasons"": [""insufficient_valid_pixels""]}]"
OHRC_PAIR_04__dx+1000m_dy-2000m,OHRC_PAIR_04,1000,-2000,200,400,SCREEN_FAIL,1,1,1,1,1,0,False,False,False,True,False,True,1423,1346,2423,4346,14.998,627.35,2088.93,2181.1,"[{""window_id"": 1, ""grid_rc"": ""0,0"", ""mapped"": true, ""valid_support_pct"": 87.8, ""ref_global_rect"": [1474, 1805, 1706, 1887], ""intensity_ncc"": 0.1807, ""gradient_ncc"": 0.13, ""phase_response"": 0.0749, ""phase_shift_px"": [-21.58, 29.77], ""fast_src_kps"": 885, ""fast_ref_kps"": 154, ""fast_candidates"": 1, ""fast_status"": ""ok"", ""supported"": true, ""support_reasons"": [""intensity_ncc=0.181\u22650.08"", ""gradient_ncc=0.130\u22650.06"", ""phase_resp=0.075\u22650.05""], ""status"": ""evaluated""}, {""window_id"": 2, ""grid_rc"": ""0,1"", ""mapped"": true, ""valid_support_pct"": 71.9, ""ref_global_rect"": [1807, 1805, 2039, 1887], ""intensity_ncc"": 0.0, ""gradient_ncc"": 0.0, ""phase_response"": 0.0, ""phase_shift_px"": [64.0, 64.0], ""fast_src_kps"": 792, ""fast_ref_kps"": 0, ""fast_candidates"": 0, ""fast_status"": ""insufficient_keypoints"", ""supported"": false, ""support_reasons"": [], ""status"": ""evaluated""}, {""window_id"": 3, ""grid_rc"": ""0,2"", ""mapped"": true, ""valid_support_pct"": 0.1, ""status"": ""low_valid_support"", ""supported"": false, ""support_reasons"": [""insufficient_valid_pixels""]}, {""window_id"": 4, ""grid_rc"": ""1,0"", ""mapped"": true, ""valid_support_pct"": 0.0, ""status"": ""low_valid_support"", ""supported"": false, ""support_reasons"": [""insufficient_valid_pixels""]}, {""window_id"": 5, ""grid_rc"": ""1,1"", ""mapped"": true, ""valid_support_pct"": 0.0, ""status"": ""low_valid_support"", ""supported"": false, ""support_reasons"": [""insufficient_valid_pixels""]}, {""window_id"": 6, ""grid_rc"": ""1,2"", ""mapped"": true, ""valid_support_pct"": 0.0, ""status"": ""low_valid_support"", ""supported"": false, ""support_reasons"": [""insufficient_valid_pixels""]}, {""window_id"": 7, ""grid_rc"": ""2,0"", ""mapped"": true, ""valid_support_pct"": 91.6, ""ref_global_rect"": [1474, 3805, 1706, 3887], ""intensity_ncc"": -0.0518, ""gradient_ncc"": 0.0177, ""phase_response"": 0.0439, ""phase_shift_px"": [-37.13, 5.46], ""fast_src_kps"": 847, ""fast_ref_kps"": 423, ""fast_candidates"": 0, ""fast_status"": ""no_lowes_filtered_matches"", ""supported"": false, ""support_reasons"": [], ""status"": ""evaluated""}, {""window_id"": 8, ""grid_rc"": ""2,1"", ""mapped"": true, ""valid_support_pct"": 72.7, ""ref_global_rect"": [1807, 3805, 2039, 3887], ""intensity_ncc"": -0.0931, ""gradient_ncc"": -0.0174, ""phase_response"": 0.0474, ""phase_shift_px"": [-15.4, 3.8], ""fast_src_kps"": 622, ""fast_ref_kps"": 390, ""fast_candidates"": 0, ""fast_status"": ""no_lowes_filtered_matches"", ""supported"": false, ""support_reasons"": [], ""status"": ""evaluated""}, {""window_id"": 9, ""grid_rc"": ""2,2"", ""mapped"": true, ""valid_support_pct"": 8.6, ""status"": ""low_valid_support"", ""supported"": false, ""support_reasons"": [""insufficient_valid_pixels""]}]"
OHRC_PAIR_04__dx+1000m_dy-1000m,OHRC_PAIR_04,1000,-1000,200,200,INSUFFICIENT_SUPPORT,0,0,0,0,0,0,False,False,False,False,False,True,1423,1146,2423,4146,14.998,627.35,2088.93,2181.1,"[{""window_id"": 1, ""grid_rc"": ""0,0"", ""mapped"": true, ""valid_support_pct"": 87.8, ""ref_global_rect"": [1474, 1605, 1706, 1687], ""intensity_ncc"": 0.0, ""gradient_ncc"": 0.0, ""phase_response"": 0.0, ""phase_shift_px"": [64.0, 64.0], ""fast_src_kps"": 1019, ""fast_ref_kps"": 0, ""fast_candidates"": 0, ""fast_status"": ""insufficient_keypoints"", ""supported"": false, ""support_reasons"": [], ""status"": ""evaluated""}, {""window_id"": 2, ""grid_rc"": ""0,1"", ""mapped"": true, ""valid_support_pct"": 71.9, ""ref_global_rect"": [1807, 1605, 2039, 1687], ""intensity_ncc"": 0.0, ""gradient_ncc"": 0.0, ""phase_response"": 0.0, ""phase_shift_px"": [64.0, 64.0], ""fast_src_kps"": 792, ""fast_ref_kps"": 0, ""fast_candidates"": 0, ""fast_status"": ""insufficient_keypoints"", ""supported"": false, ""support_reasons"": [], ""status"": ""evaluated""}, {""window_id"": 3, ""grid_rc"": ""0,2"", ""mapped"": true, ""valid_support_pct"": 0.1, ""status"": ""low_valid_support"", ""supported"": false, ""support_reasons"": [""insufficient_valid_pixels""]}, {""window_id"": 4, ""grid_rc"": ""1,0"", ""mapped"": true, ""valid_support_pct"": 0.0, ""status"": ""low_valid_support"", ""supported"": false, ""support_reasons"": [""insufficient_valid_pixels""]}, {""window_id"": 5, ""grid_rc"": ""1,1"", ""mapped"": true, ""valid_support_pct"": 0.0, ""status"": ""low_valid_support"", ""supported"": false, ""support_reasons"": [""insufficient_valid_pixels""]}, {""window_id"": 6, ""grid_rc"": ""1,2"", ""mapped"": true, ""valid_support_pct"": 0.0, ""status"": ""low_valid_support"", ""supported"": false, ""support_reasons"": [""insufficient_valid_pixels""]}, {""window_id"": 7, ""grid_rc"": ""2,0"", ""mapped"": true, ""valid_support_pct"": 91.6, ""ref_global_rect"": [1474, 3605, 1706, 3687], ""intensity_ncc"": 0.0391, ""gradient_ncc"": 0.0053, ""phase_response"": -0.0097, ""phase_shift_px"": [-11.35, 8.5], ""fast_src_kps"": 847, ""fast_ref_kps"": 468, ""fast_candidates"": 0, ""fast_status"": ""no_lowes_filtered_matches"", ""supported"": false, ""support_reasons"": [], ""status"": ""evaluated""}, {""window_id"": 8, ""grid_rc"": ""2,1"", ""mapped"": true, ""valid_support_pct"": 72.7, ""ref_global_rect"": [1807, 3605, 2039, 3687], ""intensity_ncc"": 0.0796, ""gradient_ncc"": 0.0149, ""phase_response"": 0.0304, ""phase_shift_px"": [6.03, -10.46], ""fast_src_kps"": 622, ""fast_ref_kps"": 386, ""fast_candidates"": 0, ""fast_status"": ""no_lowes_filtered_matches"", ""supported"": false, ""support_reasons"": [], ""status"": ""evaluated""}, {""window_id"": 9, ""grid_rc"": ""2,2"", ""mapped"": true, ""valid_support_pct"": 8.6, ""status"": ""low_valid_support"", ""supported"": false, ""support_reasons"": [""insufficient_valid_pixels""]}]"
OHRC_PAIR_04__dx+1000m_dy+0m,OHRC_PAIR_04,1000,0,200,0,SCREEN_FAIL,2,2,1,0,1,0,False,False,False,True,False,True,1423,946,2423,3946,14.998,627.35,2088.93,2181.1,"[{""window_id"": 1, ""grid_rc"": ""0,0"", ""mapped"": true, ""valid_support_pct"": 87.8, ""ref_global_rect"": [1474, 1405, 1706, 1487], ""intensity_ncc"": 0.0, ""gradient_ncc"": 0.0, ""phase_response"": 0.0, ""phase_shift_px"": [64.0, 64.0], ""fast_src_kps"": 1019, ""fast_ref_kps"": 0, ""fast_candidates"": 0, ""fast_status"": ""insufficient_keypoints"", ""supported"": false, ""support_reasons"": [], ""status"": ""evaluated""}, {""window_id"": 2, ""grid_rc"": ""0,1"", ""mapped"": true, ""valid_support_pct"": 71.9, ""ref_global_rect"": [1807, 1405, 2039, 1487], ""intensity_ncc"": 0.0, ""gradient_ncc"": 0.0, ""phase_response"": 0.0, ""phase_shift_px"": [64.0, 64.0], ""fast_src_kps"": 792, ""fast_ref_kps"": 0, ""fast_candidates"": 0, ""fast_status"": ""insufficient_keypoints"", ""supported"": false, ""support_reasons"": [], ""status"": ""evaluated""}, {""window_id"": 3, ""grid_rc"": ""0,2"", ""mapped"": true, ""valid_support_pct"": 0.1, ""status"": ""low_valid_support"", ""supported"": false, ""support_reasons"": [""insufficient_valid_pixels""]}, {""window_id"": 4, ""grid_rc"": ""1,0"", ""mapped"": true, ""valid_support_pct"": 0.0, ""status"": ""low_valid_support"", ""supported"": false, ""support_reasons"": [""insufficient_valid_pixels""]}, {""window_id"": 5, ""grid_rc"": ""1,1"", ""mapped"": true, ""valid_support_pct"": 0.0, ""status"": ""low_valid_support"", ""supported"": false, ""support_reasons"": [""insufficient_valid_pixels""]}, {""window_id"": 6, ""grid_rc"": ""1,2"", ""mapped"": true, ""valid_support_pct"": 0.0, ""status"": ""low_valid_support"", ""supported"": false, ""support_reasons"": [""insufficient_valid_pixels""]}, {""window_id"": 7, ""grid_rc"": ""2,0"", ""mapped"": true, ""valid_support_pct"": 91.6, ""ref_global_rect"": [1474, 3405, 1706, 3487], ""intensity_ncc"": 0.1815, ""gradient_ncc"": 0.0477, ""phase_response"": 0.0213, ""phase_shift_px"": [24.52, -21.5], ""fast_src_kps"": 847, ""fast_ref_kps"": 580, ""fast_candidates"": 0, ""fast_status"": ""no_lowes_filtered_matches"", ""supported"": true, ""support_reasons"": [""intensity_ncc=0.181\u22650.08""], ""status"": ""evaluated""}, {""window_id"": 8, ""grid_rc"": ""2,1"", ""mapped"": true, ""valid_support_pct"": 72.7, ""ref_global_rect"": [1807, 3405, 2039, 3487], ""intensity_ncc"": -0.0901, ""gradient_ncc"": -0.0154, ""phase_response"": 0.0602, ""phase_shift_px"": [-4.36, -19.38], ""fast_src_kps"": 622, ""fast_ref_kps"": 271, ""fast_candidates"": 0, ""fast_status"": ""no_lowes_filtered_matches"", ""supported"": true, ""support_reasons"": [""phase_resp=0.060\u22650.05""], ""status"": ""evaluated""}, {""window_id"": 9, ""grid_rc"": ""2,2"", ""mapped"": true, ""valid_support_pct"": 8.6, ""status"": ""low_valid_support"", ""supported"": false, ""support_reasons"": [""insufficient_valid_pixels""]}]"
OHRC_PAIR_04__dx+1000m_dy+1000m,OHRC_PAIR_04,1000,1000,200,-200,SCREEN_FAIL,1,1,0,0,1,0,False,False,False,True,False,True,1423,746,2423,3746,14.998,627.35,2088.93,2181.1,"[{""window_id"": 1, ""grid_rc"": ""0,0"", ""mapped"": true, ""valid_support_pct"": 87.8, ""ref_global_rect"": [1474, 1205, 1706, 1287], ""intensity_ncc"": 0.0, ""gradient_ncc"": 0.0, ""phase_response"": 0.0, ""phase_shift_px"": [64.0, 64.0], ""fast_src_kps"": 1019, ""fast_ref_kps"": 0, ""fast_candidates"": 0, ""fast_status"": ""insufficient_keypoints"", ""supported"": false, ""support_reasons"": [], ""status"": ""evaluated""}, {""window_id"": 2, ""grid_rc"": ""0,1"", ""mapped"": true, ""valid_support_pct"": 71.9, ""ref_global_rect"": [1807, 1205, 2039, 1287], ""intensity_ncc"": 0.0, ""gradient_ncc"": 0.0, ""phase_response"": 0.0, ""phase_shift_px"": [64.0, 64.0], ""fast_src_kps"": 792, ""fast_ref_kps"": 0, ""fast_candidates"": 0, ""fast_status"": ""insufficient_keypoints"", ""supported"": false, ""support_reasons"": [], ""status"": ""evaluated""}, {""window_id"": 3, ""grid_rc"": ""0,2"", ""mapped"": true, ""valid_support_pct"": 0.1, ""status"": ""low_valid_support"", ""supported"": false, ""support_reasons"": [""insufficient_valid_pixels""]}, {""window_id"": 4, ""grid_rc"": ""1,0"", ""mapped"": true, ""valid_support_pct"": 0.0, ""status"": ""low_valid_support"", ""supported"": false, ""support_reasons"": [""insufficient_valid_pixels""]}, {""window_id"": 5, ""grid_rc"": ""1,1"", ""mapped"": true, ""valid_support_pct"": 0.0, ""status"": ""low_valid_support"", ""supported"": false, ""support_reasons"": [""insufficient_valid_pixels""]}, {""window_id"": 6, ""grid_rc"": ""1,2"", ""mapped"": true, ""valid_support_pct"": 0.0, ""status"": ""low_valid_support"", ""supported"": false, ""support_reasons"": [""insufficient_valid_pixels""]}, {""window_id"": 7, ""grid_rc"": ""2,0"", ""mapped"": true, ""valid_support_pct"": 91.6, ""ref_global_rect"": [1474, 3205, 1706, 3287], ""intensity_ncc"": 0.0012, ""gradient_ncc"": 0.0436, ""phase_response"": 0.036, ""phase_shift_px"": [12.26, 26.23], ""fast_src_kps"": 847, ""fast_ref_kps"": 591, ""fast_candidates"": 0, ""fast_status"": ""no_lowes_filtered_matches"", ""supported"": false, ""support_reasons"": [], ""status"": ""evaluated""}, {""window_id"": 8, ""grid_rc"": ""2,1"", ""mapped"": true, ""valid_support_pct"": 72.7, ""ref_global_rect"": [1807, 3205, 2039, 3287], ""intensity_ncc"": -0.0462, ""gradient_ncc"": -0.0234, ""phase_response"": 0.0768, ""phase_shift_px"": [17.07, -20.77], ""fast_src_kps"": 622, ""fast_ref_kps"": 303, ""fast_candidates"": 0, ""fast_status"": ""no_lowes_filtered_matches"", ""supported"": true, ""support_reasons"": [""phase_resp=0.077\u22650.05""], ""status"": ""evaluated""}, {""window_id"": 9, ""grid_rc"": ""2,2"", ""mapped"": true, ""valid_support_pct"": 8.6, ""status"": ""low_valid_support"", ""supported"": false, ""support_reasons"": [""insufficient_valid_pixels""]}]"
OHRC_PAIR_04__dx+1000m_dy+2000m,OHRC_PAIR_04,1000,2000,200,-400,SCREEN_FAIL,1,1,1,0,0,0,False,False,False,False,False,True,1423,546,2423,3546,14.998,627.35,2088.93,2181.1,"[{""window_id"": 1, ""grid_rc"": ""0,0"", ""mapped"": true, ""valid_support_pct"": 87.8, ""ref_global_rect"": [1474, 1005, 1706, 1087], ""intensity_ncc"": 0.0, ""gradient_ncc"": 0.0, ""phase_response"": 0.0, ""phase_shift_px"": [64.0, 64.0], ""fast_src_kps"": 1019, ""fast_ref_kps"": 0, ""fast_candidates"": 0, ""fast_status"": ""insufficient_keypoints"", ""supported"": false, ""support_reasons"": [], ""status"": ""evaluated""}, {""window_id"": 2, ""grid_rc"": ""0,1"", ""mapped"": true, ""valid_support_pct"": 71.9, ""ref_global_rect"": [1807, 1005, 2039, 1087], ""intensity_ncc"": 0.0, ""gradient_ncc"": 0.0, ""phase_response"": 0.0, ""phase_shift_px"": [64.0, 64.0], ""fast_src_kps"": 792, ""fast_ref_kps"": 0, ""fast_candidates"": 0, ""fast_status"": ""insufficient_keypoints"", ""supported"": false, ""support_reasons"": [], ""status"": ""evaluated""}, {""window_id"": 3, ""grid_rc"": ""0,2"", ""mapped"": true, ""valid_support_pct"": 0.1, ""status"": ""low_valid_support"", ""supported"": false, ""support_reasons"": [""insufficient_valid_pixels""]}, {""window_id"": 4, ""grid_rc"": ""1,0"", ""mapped"": true, ""valid_support_pct"": 0.0, ""status"": ""low_valid_support"", ""supported"": false, ""support_reasons"": [""insufficient_valid_pixels""]}, {""window_id"": 5, ""grid_rc"": ""1,1"", ""mapped"": true, ""valid_support_pct"": 0.0, ""status"": ""low_valid_support"", ""supported"": false, ""support_reasons"": [""insufficient_valid_pixels""]}, {""window_id"": 6, ""grid_rc"": ""1,2"", ""mapped"": true, ""valid_support_pct"": 0.0, ""status"": ""low_valid_support"", ""supported"": false, ""support_reasons"": [""insufficient_valid_pixels""]}, {""window_id"": 7, ""grid_rc"": ""2,0"", ""mapped"": true, ""valid_support_pct"": 91.6, ""ref_global_rect"": [1474, 3005, 1706, 3087], ""intensity_ncc"": -0.1654, ""gradient_ncc"": 0.0019, ""phase_response"": 0.0452, ""phase_shift_px"": [0.09, -25.65], ""fast_src_kps"": 847, ""fast_ref_kps"": 379, ""fast_candidates"": 0, ""fast_status"": ""no_lowes_filtered_matches"", ""supported"": false, ""support_reasons"": [], ""status"": ""evaluated""}, {""window_id"": 8, ""grid_rc"": ""2,1"", ""mapped"": true, ""valid_support_pct"": 72.7, ""ref_global_rect"": [1807, 3005, 2039, 3087], ""intensity_ncc"": 0.1448, ""gradient_ncc"": -0.0014, ""phase_response"": -0.0575, ""phase_shift_px"": [7.76, -0.26], ""fast_src_kps"": 622, ""fast_ref_kps"": 333, ""fast_candidates"": 0, ""fast_status"": ""no_lowes_filtered_matches"", ""supported"": true, ""support_reasons"": [""intensity_ncc=0.145\u22650.08""], ""status"": ""evaluated""}, {""window_id"": 9, ""grid_rc"": ""2,2"", ""mapped"": true, ""valid_support_pct"": 8.6, ""status"": ""low_valid_support"", ""supported"": false, ""support_reasons"": [""insufficient_valid_pixels""]}]"
OHRC_PAIR_04__dx+1000m_dy+3000m,OHRC_PAIR_04,1000,3000,200,-600,SCREEN_FAIL,2,2,0,0,2,0,False,False,False,True,False,True,1423,346,2423,3346,14.998,627.35,2088.93,2181.1,"[{""window_id"": 1, ""grid_rc"": ""0,0"", ""mapped"": true, ""valid_support_pct"": 87.8, ""ref_global_rect"": [1474, 805, 1706, 887], ""intensity_ncc"": 0.0, ""gradient_ncc"": 0.0, ""phase_response"": 0.0, ""phase_shift_px"": [64.0, 64.0], ""fast_src_kps"": 1019, ""fast_ref_kps"": 0, ""fast_candidates"": 0, ""fast_status"": ""insufficient_keypoints"", ""supported"": false, ""support_reasons"": [], ""status"": ""evaluated""}, {""window_id"": 2, ""grid_rc"": ""0,1"", ""mapped"": true, ""valid_support_pct"": 71.9, ""ref_global_rect"": [1807, 805, 2039, 887], ""intensity_ncc"": 0.0, ""gradient_ncc"": 0.0, ""phase_response"": 0.0, ""phase_shift_px"": [64.0, 64.0], ""fast_src_kps"": 792, ""fast_ref_kps"": 0, ""fast_candidates"": 0, ""fast_status"": ""insufficient_keypoints"", ""supported"": false, ""support_reasons"": [], ""status"": ""evaluated""}, {""window_id"": 3, ""grid_rc"": ""0,2"", ""mapped"": true, ""valid_support_pct"": 0.1, ""status"": ""low_valid_support"", ""supported"": false, ""support_reasons"": [""insufficient_valid_pixels""]}, {""window_id"": 4, ""grid_rc"": ""1,0"", ""mapped"": true, ""valid_support_pct"": 0.0, ""status"": ""low_valid_support"", ""supported"": false, ""support_reasons"": [""insufficient_valid_pixels""]}, {""window_id"": 5, ""grid_rc"": ""1,1"", ""mapped"": true, ""valid_support_pct"": 0.0, ""status"": ""low_valid_support"", ""supported"": false, ""support_reasons"": [""insufficient_valid_pixels""]}, {""window_id"": 6, ""grid_rc"": ""1,2"", ""mapped"": true, ""valid_support_pct"": 0.0, ""status"": ""low_valid_support"", ""supported"": false, ""support_reasons"": [""insufficient_valid_pixels""]}, {""window_id"": 7, ""grid_rc"": ""2,0"", ""mapped"": true, ""valid_support_pct"": 91.6, ""ref_global_rect"": [1474, 2805, 1706, 2887], ""intensity_ncc"": 0.0135, ""gradient_ncc"": -0.0023, ""phase_response"": 0.1449, ""phase_shift_px"": [-0.32, -1.25], ""fast_src_kps"": 847, ""fast_ref_kps"": 437, ""fast_candidates"": 0, ""fast_status"": ""no_lowes_filtered_matches"", ""supported"": true, ""support_reasons"": [""phase_resp=0.145\u22650.05""], ""status"": ""evaluated""}, {""window_id"": 8, ""grid_rc"": ""2,1"", ""mapped"": true, ""valid_support_pct"": 72.7, ""ref_global_rect"": [1807, 2805, 2039, 2887], ""intensity_ncc"": -0.1081, ""gradient_ncc"": 0.0075, ""phase_response"": 0.0702, ""phase_shift_px"": [23.97, -8.85], ""fast_src_kps"": 622, ""fast_ref_kps"": 318, ""fast_candidates"": 1, ""fast_status"": ""ok"", ""supported"": true, ""support_reasons"": [""phase_resp=0.070\u22650.05""], ""status"": ""evaluated""}, {""window_id"": 9, ""grid_rc"": ""2,2"", ""mapped"": true, ""valid_support_pct"": 8.6, ""status"": ""low_valid_support"", ""supported"": false, ""support_reasons"": [""insufficient_valid_pixels""]}]"
OHRC_PAIR_04__dx+2000m_dy-3000m,OHRC_PAIR_04,2000,-3000,400,600,SCREEN_FAIL,2,2,2,1,0,0,False,False,False,False,False,True,1623,1546,2623,4546,14.998,627.35,2088.93,2181.1,"[{""window_id"": 1, ""grid_rc"": ""0,0"", ""mapped"": true, ""valid_support_pct"": 87.8, ""ref_global_rect"": [1674, 2005, 1906, 2087], ""intensity_ncc"": 0.2394, ""gradient_ncc"": 0.075, ""phase_response"": 0.0251, ""phase_shift_px"": [1.31, 14.36], ""fast_src_kps"": 885, ""fast_ref_kps"": 523, ""fast_candidates"": 0, ""fast_status"": ""no_lowes_filtered_matches"", ""supported"": true, ""support_reasons"": [""intensity_ncc=0.239\u22650.08"", ""gradient_ncc=0.075\u22650.06""], ""status"": ""evaluated""}, {""window_id"": 2, ""grid_rc"": ""0,1"", ""mapped"": true, ""valid_support_pct"": 71.9, ""ref_global_rect"": [2007, 2005, 2239, 2087], ""intensity_ncc"": 0.0, ""gradient_ncc"": 0.0, ""phase_response"": 0.0, ""phase_shift_px"": [64.0, 64.0], ""fast_src_kps"": 792, ""fast_ref_kps"": 0, ""fast_candidates"": 0, ""fast_status"": ""insufficient_keypoints"", ""supported"": false, ""support_reasons"": [], ""status"": ""evaluated""}, {""window_id"": 3, ""grid_rc"": ""0,2"", ""mapped"": true, ""valid_support_pct"": 0.1, ""status"": ""low_valid_support"", ""supported"": false, ""support_reasons"": [""insufficient_valid_pixels""]}, {""window_id"": 4, ""grid_rc"": ""1,0"", ""mapped"": true, ""valid_support_pct"": 0.0, ""status"": ""low_valid_support"", ""supported"": false, ""support_reasons"": [""insufficient_valid_pixels""]}, {""window_id"": 5, ""grid_rc"": ""1,1"", ""mapped"": true, ""valid_support_pct"": 0.0, ""status"": ""low_valid_support"", ""supported"": false, ""support_reasons"": [""insufficient_valid_pixels""]}, {""window_id"": 6, ""grid_rc"": ""1,2"", ""mapped"": true, ""valid_support_pct"": 0.0, ""status"": ""low_valid_support"", ""supported"": false, ""support_reasons"": [""insufficient_valid_pixels""]}, {""window_id"": 7, ""grid_rc"": ""2,0"", ""mapped"": true, ""valid_support_pct"": 91.6, ""ref_global_rect"": [1674, 4005, 1906, 4087], ""intensity_ncc"": 0.0166, ""gradient_ncc"": -0.0227, ""phase_response"": 0.0401, ""phase_shift_px"": [14.85, -12.08], ""fast_src_kps"": 847, ""fast_ref_kps"": 468, ""fast_candidates"": 0, ""fast_status"": ""no_lowes_filtered_matches"", ""supported"": false, ""support_reasons"": [], ""status"": ""evaluated""}, {""window_id"": 8, ""grid_rc"": ""2,1"", ""mapped"": true, ""valid_support_pct"": 72.7, ""ref_global_rect"": [2007, 4005, 2239, 4087], ""intensity_ncc"": 0.1909, ""gradient_ncc"": 0.0562, ""phase_response"": -0.0334, ""phase_shift_px"": [13.18, -35.65], ""fast_src_kps"": 622, ""fast_ref_kps"": 185, ""fast_candidates"": 1, ""fast_status"": ""ok"", ""supported"": true, ""support_reasons"": [""intensity_ncc=0.191\u22650.08""], ""status"": ""evaluated""}, {""window_id"": 9, ""grid_rc"": ""2,2"", ""mapped"": true, ""valid_support_pct"": 8.6, ""status"": ""low_valid_support"", ""supported"": false, ""support_reasons"": [""insufficient_valid_pixels""]}]"
OHRC_PAIR_04__dx+2000m_dy-2000m,OHRC_PAIR_04,2000,-2000,400,400,SCREEN_FAIL,1,1,0,0,1,0,False,False,False,True,False,True,1623,1346,2623,4346,14.998,627.35,2088.93,2181.1,"[{""window_id"": 1, ""grid_rc"": ""0,0"", ""mapped"": true, ""valid_support_pct"": 87.8, ""ref_global_rect"": [1674, 1805, 1906, 1887], ""intensity_ncc"": 0.0, ""gradient_ncc"": 0.0, ""phase_response"": 0.0, ""phase_shift_px"": [64.0, 64.0], ""fast_src_kps"": 1019, ""fast_ref_kps"": 0, ""fast_candidates"": 0, ""fast_status"": ""insufficient_keypoints"", ""supported"": false, ""support_reasons"": [], ""status"": ""evaluated""}, {""window_id"": 2, ""grid_rc"": ""0,1"", ""mapped"": true, ""valid_support_pct"": 71.9, ""ref_global_rect"": [2007, 1805, 2239, 1887], ""intensity_ncc"": 0.0, ""gradient_ncc"": 0.0, ""phase_response"": 0.0, ""phase_shift_px"": [64.0, 64.0], ""fast_src_kps"": 792, ""fast_ref_kps"": 0, ""fast_candidates"": 0, ""fast_status"": ""insufficient_keypoints"", ""supported"": false, ""support_reasons"": [], ""status"": ""evaluated""}, {""window_id"": 3, ""grid_rc"": ""0,2"", ""mapped"": true, ""valid_support_pct"": 0.1, ""status"": ""low_valid_support"", ""supported"": false, ""support_reasons"": [""insufficient_valid_pixels""]}, {""window_id"": 4, ""grid_rc"": ""1,0"", ""mapped"": true, ""valid_support_pct"": 0.0, ""status"": ""low_valid_support"", ""supported"": false, ""support_reasons"": [""insufficient_valid_pixels""]}, {""window_id"": 5, ""grid_rc"": ""1,1"", ""mapped"": true, ""valid_support_pct"": 0.0, ""status"": ""low_valid_support"", ""supported"": false, ""support_reasons"": [""insufficient_valid_pixels""]}, {""window_id"": 6, ""grid_rc"": ""1,2"", ""mapped"": true, ""valid_support_pct"": 0.0, ""status"": ""low_valid_support"", ""supported"": false, ""support_reasons"": [""insufficient_valid_pixels""]}, {""window_id"": 7, ""grid_rc"": ""2,0"", ""mapped"": true, ""valid_support_pct"": 91.6, ""ref_global_rect"": [1674, 3805, 1906, 3887], ""intensity_ncc"": -0.1409, ""gradient_ncc"": -0.041, ""phase_response"": 0.0155, ""phase_shift_px"": [-2.64, 5.24], ""fast_src_kps"": 847, ""fast_ref_kps"": 465, ""fast_candidates"": 0, ""fast_status"": ""no_lowes_filtered_matches"", ""supported"": false, ""support_reasons"": [], ""status"": ""evaluated""}, {""window_id"": 8, ""grid_rc"": ""2,1"", ""mapped"": true, ""valid_support_pct"": 72.7, ""ref_global_rect"": [2007, 3805, 2239, 3887], ""intensity_ncc"": 0.0028, ""gradient_ncc"": -0.0313, ""phase_response"": 0.0718, ""phase_shift_px"": [0.55, -14.66], ""fast_src_kps"": 622, ""fast_ref_kps"": 295, ""fast_candidates"": 0, ""fast_status"": ""no_lowes_filtered_matches"", ""supported"": true, ""support_reasons"": [""phase_resp=0.072\u22650.05""], ""status"": ""evaluated""}, {""window_id"": 9, ""grid_rc"": ""2,2"", ""mapped"": true, ""valid_support_pct"": 8.6, ""status"": ""low_valid_support"", ""supported"": false, ""support_reasons"": [""insufficient_valid_pixels""]}]"
OHRC_PAIR_04__dx+2000m_dy-1000m,OHRC_PAIR_04,2000,-1000,400,200,SCREEN_FAIL,1,1,0,0,1,0,False,False,False,True,False,True,1623,1146,2623,4146,14.998,627.35,2088.93,2181.1,"[{""window_id"": 1, ""grid_rc"": ""0,0"", ""mapped"": true, ""valid_support_pct"": 87.8, ""ref_global_rect"": [1674, 1605, 1906, 1687], ""intensity_ncc"": 0.0, ""gradient_ncc"": 0.0, ""phase_response"": 0.0, ""phase_shift_px"": [64.0, 64.0], ""fast_src_kps"": 1019, ""fast_ref_kps"": 0, ""fast_candidates"": 0, ""fast_status"": ""insufficient_keypoints"", ""supported"": false, ""support_reasons"": [], ""status"": ""evaluated""}, {""window_id"": 2, ""grid_rc"": ""0,1"", ""mapped"": true, ""valid_support_pct"": 71.9, ""ref_global_rect"": [2007, 1605, 2239, 1687], ""intensity_ncc"": 0.0, ""gradient_ncc"": 0.0, ""phase_response"": 0.0, ""phase_shift_px"": [64.0, 64.0], ""fast_src_kps"": 792, ""fast_ref_kps"": 0, ""fast_candidates"": 0, ""fast_status"": ""insufficient_keypoints"", ""supported"": false, ""support_reasons"": [], ""status"": ""evaluated""}, {""window_id"": 3, ""grid_rc"": ""0,2"", ""mapped"": true, ""valid_support_pct"": 0.1, ""status"": ""low_valid_support"", ""supported"": false, ""support_reasons"": [""insufficient_valid_pixels""]}, {""window_id"": 4, ""grid_rc"": ""1,0"", ""mapped"": true, ""valid_support_pct"": 0.0, ""status"": ""low_valid_support"", ""supported"": false, ""support_reasons"": [""insufficient_valid_pixels""]}, {""window_id"": 5, ""grid_rc"": ""1,1"", ""mapped"": true, ""valid_support_pct"": 0.0, ""status"": ""low_valid_support"", ""supported"": false, ""support_reasons"": [""insufficient_valid_pixels""]}, {""window_id"": 6, ""grid_rc"": ""1,2"", ""mapped"": true, ""valid_support_pct"": 0.0, ""status"": ""low_valid_support"", ""supported"": false, ""support_reasons"": [""insufficient_valid_pixels""]}, {""window_id"": 7, ""grid_rc"": ""2,0"", ""mapped"": true, ""valid_support_pct"": 91.6, ""ref_global_rect"": [1674, 3605, 1906, 3687], ""intensity_ncc"": -0.0606, ""gradient_ncc"": 0.0, ""phase_response"": 0.0607, ""phase_shift_px"": [34.11, -15.79], ""fast_src_kps"": 847, ""fast_ref_kps"": 372, ""fast_candidates"": 0, ""fast_status"": ""no_lowes_filtered_matches"", ""supported"": true, ""support_reasons"": [""phase_resp=0.061\u22650.05""], ""status"": ""evaluated""}, {""window_id"": 8, ""grid_rc"": ""2,1"", ""mapped"": true, ""valid_support_pct"": 72.7, ""ref_global_rect"": [2007, 3605, 2239, 3687], ""intensity_ncc"": 0.0293, ""gradient_ncc"": 0.0059, ""phase_response"": -0.0267, ""phase_shift_px"": [7.39, -6.9], ""fast_src_kps"": 622, ""fast_ref_kps"": 464, ""fast_candidates"": 1, ""fast_status"": ""ok"", ""supported"": false, ""support_reasons"": [], ""status"": ""evaluated""}, {""window_id"": 9, ""grid_rc"": ""2,2"", ""mapped"": true, ""valid_support_pct"": 8.6, ""status"": ""low_valid_support"", ""supported"": false, ""support_reasons"": [""insufficient_valid_pixels""]}]"
OHRC_PAIR_04__dx+2000m_dy+0m,OHRC_PAIR_04,2000,0,400,0,SCREEN_FAIL,2,2,1,0,2,0,False,False,False,True,False,True,1623,946,2623,3946,14.998,627.35,2088.93,2181.1,"[{""window_id"": 1, ""grid_rc"": ""0,0"", ""mapped"": true, ""valid_support_pct"": 87.8, ""ref_global_rect"": [1674, 1405, 1906, 1487], ""intensity_ncc"": 0.0, ""gradient_ncc"": 0.0, ""phase_response"": 0.0, ""phase_shift_px"": [64.0, 64.0], ""fast_src_kps"": 1019, ""fast_ref_kps"": 0, ""fast_candidates"": 0, ""fast_status"": ""insufficient_keypoints"", ""supported"": false, ""support_reasons"": [], ""status"": ""evaluated""}, {""window_id"": 2, ""grid_rc"": ""0,1"", ""mapped"": true, ""valid_support_pct"": 71.9, ""ref_global_rect"": [2007, 1405, 2239, 1487], ""intensity_ncc"": 0.0, ""gradient_ncc"": 0.0, ""phase_response"": 0.0, ""phase_shift_px"": [64.0, 64.0], ""fast_src_kps"": 792, ""fast_ref_kps"": 0, ""fast_candidates"": 0, ""fast_status"": ""insufficient_keypoints"", ""supported"": false, ""support_reasons"": [], ""status"": ""evaluated""}, {""window_id"": 3, ""grid_rc"": ""0,2"", ""mapped"": true, ""valid_support_pct"": 0.1, ""status"": ""low_valid_support"", ""supported"": false, ""support_reasons"": [""insufficient_valid_pixels""]}, {""window_id"": 4, ""grid_rc"": ""1,0"", ""mapped"": true, ""valid_support_pct"": 0.0, ""status"": ""low_valid_support"", ""supported"": false, ""support_reasons"": [""insufficient_valid_pixels""]}, {""window_id"": 5, ""grid_rc"": ""1,1"", ""mapped"": true, ""valid_support_pct"": 0.0, ""status"": ""low_valid_support"", ""supported"": false, ""support_reasons"": [""insufficient_valid_pixels""]}, {""window_id"": 6, ""grid_rc"": ""1,2"", ""mapped"": true, ""valid_support_pct"": 0.0, ""status"": ""low_valid_support"", ""supported"": false, ""support_reasons"": [""insufficient_valid_pixels""]}, {""window_id"": 7, ""grid_rc"": ""2,0"", ""mapped"": true, ""valid_support_pct"": 91.6, ""ref_global_rect"": [1674, 3405, 1906, 3487], ""intensity_ncc"": 0.0302, ""gradient_ncc"": 0.0137, ""phase_response"": 0.0755, ""phase_shift_px"": [-6.37, -26.5], ""fast_src_kps"": 847, ""fast_ref_kps"": 461, ""fast_candidates"": 0, ""fast_status"": ""no_lowes_filtered_matches"", ""supported"": true, ""support_reasons"": [""phase_resp=0.075\u22650.05""], ""status"": ""evaluated""}, {""window_id"": 8, ""grid_rc"": ""2,1"", ""mapped"": true, ""valid_support_pct"": 72.7, ""ref_global_rect"": [2007, 3405, 2239, 3487], ""intensity_ncc"": 0.1489, ""gradient_ncc"": -0.0208, ""phase_response"": 0.0905, ""phase_shift_px"": [21.42, 6.26], ""fast_src_kps"": 622, ""fast_ref_kps"": 435, ""fast_candidates"": 0, ""fast_status"": ""no_lowes_filtered_matches"", ""supported"": true, ""support_reasons"": [""intensity_ncc=0.149\u22650.08"", ""phase_resp=0.090\u22650.05""], ""status"": ""evaluated""}, {""window_id"": 9, ""grid_rc"": ""2,2"", ""mapped"": true, ""valid_support_pct"": 8.6, ""status"": ""low_valid_support"", ""supported"": false, ""support_reasons"": [""insufficient_valid_pixels""]}]"
OHRC_PAIR_04__dx+2000m_dy+1000m,OHRC_PAIR_04,2000,1000,400,-200,INSUFFICIENT_SUPPORT,0,0,0,0,0,0,False,False,False,False,False,True,1623,746,2623,3746,14.998,627.35,2088.93,2181.1,"[{""window_id"": 1, ""grid_rc"": ""0,0"", ""mapped"": true, ""valid_support_pct"": 87.8, ""ref_global_rect"": [1674, 1205, 1906, 1287], ""intensity_ncc"": 0.0, ""gradient_ncc"": 0.0, ""phase_response"": 0.0, ""phase_shift_px"": [64.0, 64.0], ""fast_src_kps"": 1019, ""fast_ref_kps"": 0, ""fast_candidates"": 0, ""fast_status"": ""insufficient_keypoints"", ""supported"": false, ""support_reasons"": [], ""status"": ""evaluated""}, {""window_id"": 2, ""grid_rc"": ""0,1"", ""mapped"": true, ""valid_support_pct"": 71.9, ""ref_global_rect"": [2007, 1205, 2239, 1287], ""intensity_ncc"": 0.0, ""gradient_ncc"": 0.0, ""phase_response"": 0.0, ""phase_shift_px"": [64.0, 64.0], ""fast_src_kps"": 792, ""fast_ref_kps"": 0, ""fast_candidates"": 0, ""fast_status"": ""insufficient_keypoints"", ""supported"": false, ""support_reasons"": [], ""status"": ""evaluated""}, {""window_id"": 3, ""grid_rc"": ""0,2"", ""mapped"": true, ""valid_support_pct"": 0.1, ""status"": ""low_valid_support"", ""supported"": false, ""support_reasons"": [""insufficient_valid_pixels""]}, {""window_id"": 4, ""grid_rc"": ""1,0"", ""mapped"": true, ""valid_support_pct"": 0.0, ""status"": ""low_valid_support"", ""supported"": false, ""support_reasons"": [""insufficient_valid_pixels""]}, {""window_id"": 5, ""grid_rc"": ""1,1"", ""mapped"": true, ""valid_support_pct"": 0.0, ""status"": ""low_valid_support"", ""supported"": false, ""support_reasons"": [""insufficient_valid_pixels""]}, {""window_id"": 6, ""grid_rc"": ""1,2"", ""mapped"": true, ""valid_support_pct"": 0.0, ""status"": ""low_valid_support"", ""supported"": false, ""support_reasons"": [""insufficient_valid_pixels""]}, {""window_id"": 7, ""grid_rc"": ""2,0"", ""mapped"": true, ""valid_support_pct"": 91.6, ""ref_global_rect"": [1674, 3205, 1906, 3287], ""intensity_ncc"": -0.0718, ""gradient_ncc"": -0.0167, ""phase_response"": 0.002, ""phase_shift_px"": [34.75, -6.21], ""fast_src_kps"": 847, ""fast_ref_kps"": 513, ""fast_candidates"": 0, ""fast_status"": ""no_lowes_filtered_matches"", ""supported"": false, ""support_reasons"": [], ""status"": ""evaluated""}, {""window_id"": 8, ""grid_rc"": ""2,1"", ""mapped"": true, ""valid_support_pct"": 72.7, ""ref_global_rect"": [2007, 3205, 2239, 3287], ""intensity_ncc"": -0.273, ""gradient_ncc"": -0.0537, ""phase_response"": 0.0245, ""phase_shift_px"": [2.09, -32.08], ""fast_src_kps"": 622, ""fast_ref_kps"": 366, ""fast_candidates"": 0, ""fast_status"": ""no_lowes_filtered_matches"", ""supported"": false, ""support_reasons"": [], ""status"": ""evaluated""}, {""window_id"": 9, ""grid_rc"": ""2,2"", ""mapped"": true, ""valid_support_pct"": 8.6, ""status"": ""low_valid_support"", ""supported"": false, ""support_reasons"": [""insufficient_valid_pixels""]}]"
OHRC_PAIR_04__dx+2000m_dy+2000m,OHRC_PAIR_04,2000,2000,400,-400,SCREEN_FAIL,1,1,1,0,1,0,False,False,False,True,False,True,1623,546,2623,3546,14.998,627.35,2088.93,2181.1,"[{""window_id"": 1, ""grid_rc"": ""0,0"", ""mapped"": true, ""valid_support_pct"": 87.8, ""ref_global_rect"": [1674, 1005, 1906, 1087], ""intensity_ncc"": 0.0, ""gradient_ncc"": 0.0, ""phase_response"": 0.0, ""phase_shift_px"": [64.0, 64.0], ""fast_src_kps"": 1019, ""fast_ref_kps"": 0, ""fast_candidates"": 0, ""fast_status"": ""insufficient_keypoints"", ""supported"": false, ""support_reasons"": [], ""status"": ""evaluated""}, {""window_id"": 2, ""grid_rc"": ""0,1"", ""mapped"": true, ""valid_support_pct"": 71.9, ""ref_global_rect"": [2007, 1005, 2239, 1087], ""intensity_ncc"": 0.0, ""gradient_ncc"": 0.0, ""phase_response"": 0.0, ""phase_shift_px"": [64.0, 64.0], ""fast_src_kps"": 792, ""fast_ref_kps"": 0, ""fast_candidates"": 0, ""fast_status"": ""insufficient_keypoints"", ""supported"": false, ""support_reasons"": [], ""status"": ""evaluated""}, {""window_id"": 3, ""grid_rc"": ""0,2"", ""mapped"": true, ""valid_support_pct"": 0.1, ""status"": ""low_valid_support"", ""supported"": false, ""support_reasons"": [""insufficient_valid_pixels""]}, {""window_id"": 4, ""grid_rc"": ""1,0"", ""mapped"": true, ""valid_support_pct"": 0.0, ""status"": ""low_valid_support"", ""supported"": false, ""support_reasons"": [""insufficient_valid_pixels""]}, {""window_id"": 5, ""grid_rc"": ""1,1"", ""mapped"": true, ""valid_support_pct"": 0.0, ""status"": ""low_valid_support"", ""supported"": false, ""support_reasons"": [""insufficient_valid_pixels""]}, {""window_id"": 6, ""grid_rc"": ""1,2"", ""mapped"": true, ""valid_support_pct"": 0.0, ""status"": ""low_valid_support"", ""supported"": false, ""support_reasons"": [""insufficient_valid_pixels""]}, {""window_id"": 7, ""grid_rc"": ""2,0"", ""mapped"": true, ""valid_support_pct"": 91.6, ""ref_global_rect"": [1674, 3005, 1906, 3087], ""intensity_ncc"": -0.0358, ""gradient_ncc"": 0.0493, ""phase_response"": -0.0216, ""phase_shift_px"": [8.35, -22.9], ""fast_src_kps"": 847, ""fast_ref_kps"": 474, ""fast_candidates"": 1, ""fast_status"": ""ok"", ""supported"": false, ""support_reasons"": [], ""status"": ""evaluated""}, {""window_id"": 8, ""grid_rc"": ""2,1"", ""mapped"": true, ""valid_support_pct"": 72.7, ""ref_global_rect"": [2007, 3005, 2239, 3087], ""intensity_ncc"": 0.18, ""gradient_ncc"": -0.0044, ""phase_response"": 0.0558, ""phase_shift_px"": [-13.59, -0.75], ""fast_src_kps"": 622, ""fast_ref_kps"": 445, ""fast_candidates"": 0, ""fast_status"": ""no_lowes_filtered_matches"", ""supported"": true, ""support_reasons"": [""intensity_ncc=0.180\u22650.08"", ""phase_resp=0.056\u22650.05""], ""status"": ""evaluated""}, {""window_id"": 9, ""grid_rc"": ""2,2"", ""mapped"": true, ""valid_support_pct"": 8.6, ""status"": ""low_valid_support"", ""supported"": false, ""support_reasons"": [""insufficient_valid_pixels""]}]"
OHRC_PAIR_04__dx+2000m_dy+3000m,OHRC_PAIR_04,2000,3000,400,-600,SCREEN_FAIL,1,1,1,0,1,0,False,False,False,True,False,True,1623,346,2623,3346,14.998,627.35,2088.93,2181.1,"[{""window_id"": 1, ""grid_rc"": ""0,0"", ""mapped"": true, ""valid_support_pct"": 87.8, ""ref_global_rect"": [1674, 805, 1906, 887], ""intensity_ncc"": 0.0, ""gradient_ncc"": 0.0, ""phase_response"": 0.0, ""phase_shift_px"": [64.0, 64.0], ""fast_src_kps"": 1019, ""fast_ref_kps"": 0, ""fast_candidates"": 0, ""fast_status"": ""insufficient_keypoints"", ""supported"": false, ""support_reasons"": [], ""status"": ""evaluated""}, {""window_id"": 2, ""grid_rc"": ""0,1"", ""mapped"": true, ""valid_support_pct"": 71.9, ""ref_global_rect"": [2007, 805, 2239, 887], ""intensity_ncc"": 0.0, ""gradient_ncc"": 0.0, ""phase_response"": 0.0, ""phase_shift_px"": [64.0, 64.0], ""fast_src_kps"": 792, ""fast_ref_kps"": 0, ""fast_candidates"": 0, ""fast_status"": ""insufficient_keypoints"", ""supported"": false, ""support_reasons"": [], ""status"": ""evaluated""}, {""window_id"": 3, ""grid_rc"": ""0,2"", ""mapped"": true, ""valid_support_pct"": 0.1, ""status"": ""low_valid_support"", ""supported"": false, ""support_reasons"": [""insufficient_valid_pixels""]}, {""window_id"": 4, ""grid_rc"": ""1,0"", ""mapped"": true, ""valid_support_pct"": 0.0, ""status"": ""low_valid_support"", ""supported"": false, ""support_reasons"": [""insufficient_valid_pixels""]}, {""window_id"": 5, ""grid_rc"": ""1,1"", ""mapped"": true, ""valid_support_pct"": 0.0, ""status"": ""low_valid_support"", ""supported"": false, ""support_reasons"": [""insufficient_valid_pixels""]}, {""window_id"": 6, ""grid_rc"": ""1,2"", ""mapped"": true, ""valid_support_pct"": 0.0, ""status"": ""low_valid_support"", ""supported"": false, ""support_reasons"": [""insufficient_valid_pixels""]}, {""window_id"": 7, ""grid_rc"": ""2,0"", ""mapped"": true, ""valid_support_pct"": 91.6, ""ref_global_rect"": [1674, 2805, 1906, 2887], ""intensity_ncc"": 0.2182, ""gradient_ncc"": 0.0249, ""phase_response"": 0.1009, ""phase_shift_px"": [-11.14, -10.22], ""fast_src_kps"": 847, ""fast_ref_kps"": 527, ""fast_candidates"": 0, ""fast_status"": ""no_lowes_filtered_matches"", ""supported"": true, ""support_reasons"": [""intensity_ncc=0.218\u22650.08"", ""phase_resp=0.101\u22650.05""], ""status"": ""evaluated""}, {""window_id"": 8, ""grid_rc"": ""2,1"", ""mapped"": true, ""valid_support_pct"": 72.7, ""ref_global_rect"": [2007, 2805, 2239, 2887], ""intensity_ncc"": -0.084, ""gradient_ncc"": 0.0418, ""phase_response"": 0.0209, ""phase_shift_px"": [-8.61, -22.43], ""fast_src_kps"": 622, ""fast_ref_kps"": 465, ""fast_candidates"": 0, ""fast_status"": ""no_lowes_filtered_matches"", ""supported"": false, ""support_reasons"": [], ""status"": ""evaluated""}, {""window_id"": 9, ""grid_rc"": ""2,2"", ""mapped"": true, ""valid_support_pct"": 8.6, ""status"": ""low_valid_support"", ""supported"": false, ""support_reasons"": [""insufficient_valid_pixels""]}]"
OHRC_PAIR_04__dx+3000m_dy-3000m,OHRC_PAIR_04,3000,-3000,600,600,SCREEN_FAIL,3,3,1,0,3,0,False,True,True,True,False,True,1823,1546,2823,4546,14.998,627.35,2088.93,2181.1,"[{""window_id"": 1, ""grid_rc"": ""0,0"", ""mapped"": true, ""valid_support_pct"": 87.8, ""ref_global_rect"": [1874, 2005, 2106, 2087], ""intensity_ncc"": 0.0877, ""gradient_ncc"": 0.0493, ""phase_response"": 0.0693, ""phase_shift_px"": [-49.16, 41.01], ""fast_src_kps"": 885, ""fast_ref_kps"": 50, ""fast_candidates"": 0, ""fast_status"": ""no_lowes_filtered_matches"", ""supported"": true, ""support_reasons"": [""intensity_ncc=0.088\u22650.08"", ""phase_resp=0.069\u22650.05""], ""status"": ""evaluated""}, {""window_id"": 2, ""grid_rc"": ""0,1"", ""mapped"": true, ""valid_support_pct"": 71.9, ""ref_global_rect"": [2207, 2005, 2439, 2087], ""intensity_ncc"": 0.0, ""gradient_ncc"": 0.0, ""phase_response"": 0.0, ""phase_shift_px"": [64.0, 64.0], ""fast_src_kps"": 792, ""fast_ref_kps"": 0, ""fast_candidates"": 0, ""fast_status"": ""insufficient_keypoints"", ""supported"": false, ""support_reasons"": [], ""status"": ""evaluated""}, {""window_id"": 3, ""grid_rc"": ""0,2"", ""mapped"": true, ""valid_support_pct"": 0.1, ""status"": ""low_valid_support"", ""supported"": false, ""support_reasons"": [""insufficient_valid_pixels""]}, {""window_id"": 4, ""grid_rc"": ""1,0"", ""mapped"": true, ""valid_support_pct"": 0.0, ""status"": ""low_valid_support"", ""supported"": false, ""support_reasons"": [""insufficient_valid_pixels""]}, {""window_id"": 5, ""grid_rc"": ""1,1"", ""mapped"": true, ""valid_support_pct"": 0.0, ""status"": ""low_valid_support"", ""supported"": false, ""support_reasons"": [""insufficient_valid_pixels""]}, {""window_id"": 6, ""grid_rc"": ""1,2"", ""mapped"": true, ""valid_support_pct"": 0.0, ""status"": ""low_valid_support"", ""supported"": false, ""support_reasons"": [""insufficient_valid_pixels""]}, {""window_id"": 7, ""grid_rc"": ""2,0"", ""mapped"": true, ""valid_support_pct"": 91.6, ""ref_global_rect"": [1874, 4005, 2106, 4087], ""intensity_ncc"": 0.014, ""gradient_ncc"": 0.0314, ""phase_response"": 0.0585, ""phase_shift_px"": [5.16, -12.22], ""fast_src_kps"": 847, ""fast_ref_kps"": 482, ""fast_candidates"": 0, ""fast_status"": ""no_lowes_filtered_matches"", ""supported"": true, ""support_reasons"": [""phase_resp=0.059\u22650.05""], ""status"": ""evaluated""}, {""window_id"": 8, ""grid_rc"": ""2,1"", ""mapped"": true, ""valid_support_pct"": 72.7, ""ref_global_rect"": [2207, 4005, 2439, 4087], ""intensity_ncc"": -0.0383, ""gradient_ncc"": -0.0107, ""phase_response"": 0.0935, ""phase_shift_px"": [-11.65, 10.81], ""fast_src_kps"": 622, ""fast_ref_kps"": 516, ""fast_candidates"": 0, ""fast_status"": ""no_lowes_filtered_matches"", ""supported"": true, ""support_reasons"": [""phase_resp=0.093\u22650.05""], ""status"": ""evaluated""}, {""window_id"": 9, ""grid_rc"": ""2,2"", ""mapped"": true, ""valid_support_pct"": 8.6, ""status"": ""low_valid_support"", ""supported"": false, ""support_reasons"": [""insufficient_valid_pixels""]}]"
OHRC_PAIR_04__dx+3000m_dy-2000m,OHRC_PAIR_04,3000,-2000,600,400,SCREEN_FAIL,2,2,1,0,1,0,False,False,False,True,False,True,1823,1346,2823,4346,14.998,627.35,2088.93,2181.1,"[{""window_id"": 1, ""grid_rc"": ""0,0"", ""mapped"": true, ""valid_support_pct"": 87.8, ""ref_global_rect"": [1874, 1805, 2106, 1887], ""intensity_ncc"": 0.0, ""gradient_ncc"": 0.0, ""phase_response"": 0.0, ""phase_shift_px"": [64.0, 64.0], ""fast_src_kps"": 1019, ""fast_ref_kps"": 0, ""fast_candidates"": 0, ""fast_status"": ""insufficient_keypoints"", ""supported"": false, ""support_reasons"": [], ""status"": ""evaluated""}, {""window_id"": 2, ""grid_rc"": ""0,1"", ""mapped"": true, ""valid_support_pct"": 71.9, ""ref_global_rect"": [2207, 1805, 2439, 1887], ""intensity_ncc"": 0.0, ""gradient_ncc"": 0.0, ""phase_response"": 0.0, ""phase_shift_px"": [64.0, 64.0], ""fast_src_kps"": 792, ""fast_ref_kps"": 0, ""fast_candidates"": 0, ""fast_status"": ""insufficient_keypoints"", ""supported"": false, ""support_reasons"": [], ""status"": ""evaluated""}, {""window_id"": 3, ""grid_rc"": ""0,2"", ""mapped"": true, ""valid_support_pct"": 0.1, ""status"": ""low_valid_support"", ""supported"": false, ""support_reasons"": [""insufficient_valid_pixels""]}, {""window_id"": 4, ""grid_rc"": ""1,0"", ""mapped"": true, ""valid_support_pct"": 0.0, ""status"": ""low_valid_support"", ""supported"": false, ""support_reasons"": [""insufficient_valid_pixels""]}, {""window_id"": 5, ""grid_rc"": ""1,1"", ""mapped"": true, ""valid_support_pct"": 0.0, ""status"": ""low_valid_support"", ""supported"": false, ""support_reasons"": [""insufficient_valid_pixels""]}, {""window_id"": 6, ""grid_rc"": ""1,2"", ""mapped"": true, ""valid_support_pct"": 0.0, ""status"": ""low_valid_support"", ""supported"": false, ""support_reasons"": [""insufficient_valid_pixels""]}, {""window_id"": 7, ""grid_rc"": ""2,0"", ""mapped"": true, ""valid_support_pct"": 91.6, ""ref_global_rect"": [1874, 3805, 2106, 3887], ""intensity_ncc"": 0.1021, ""gradient_ncc"": -0.0106, ""phase_response"": 0.0305, ""phase_shift_px"": [-9.64, -3.4], ""fast_src_kps"": 847, ""fast_ref_kps"": 362, ""fast_candidates"": 0, ""fast_status"": ""no_lowes_filtered_matches"", ""supported"": true, ""support_reasons"": [""intensity_ncc=0.102\u22650.08""], ""status"": ""evaluated""}, {""window_id"": 8, ""grid_rc"": ""2,1"", ""mapped"": true, ""valid_support_pct"": 72.7, ""ref_global_rect"": [2207, 3805, 2439, 3887], ""intensity_ncc"": -0.0794, ""gradient_ncc"": -0.0512, ""phase_response"": 0.0897, ""phase_shift_px"": [23.72, 1.16], ""fast_src_kps"": 622, ""fast_ref_kps"": 552, ""fast_candidates"": 0, ""fast_status"": ""no_lowes_filtered_matches"", ""supported"": true, ""support_reasons"": [""phase_resp=0.090\u22650.05""], ""status"": ""evaluated""}, {""window_id"": 9, ""grid_rc"": ""2,2"", ""mapped"": true, ""valid_support_pct"": 8.6, ""status"": ""low_valid_support"", ""supported"": false, ""support_reasons"": [""insufficient_valid_pixels""]}]"
OHRC_PAIR_04__dx+3000m_dy-1000m,OHRC_PAIR_04,3000,-1000,600,200,SCREEN_FAIL,1,1,0,0,1,0,False,False,False,True,False,True,1823,1146,2823,4146,14.998,627.35,2088.93,2181.1,"[{""window_id"": 1, ""grid_rc"": ""0,0"", ""mapped"": true, ""valid_support_pct"": 87.8, ""ref_global_rect"": [1874, 1605, 2106, 1687], ""intensity_ncc"": 0.0, ""gradient_ncc"": 0.0, ""phase_response"": 0.0, ""phase_shift_px"": [64.0, 64.0], ""fast_src_kps"": 1019, ""fast_ref_kps"": 0, ""fast_candidates"": 0, ""fast_status"": ""insufficient_keypoints"", ""supported"": false, ""support_reasons"": [], ""status"": ""evaluated""}, {""window_id"": 2, ""grid_rc"": ""0,1"", ""mapped"": true, ""valid_support_pct"": 71.9, ""ref_global_rect"": [2207, 1605, 2439, 1687], ""intensity_ncc"": 0.0, ""gradient_ncc"": 0.0, ""phase_response"": 0.0, ""phase_shift_px"": [64.0, 64.0], ""fast_src_kps"": 792, ""fast_ref_kps"": 0, ""fast_candidates"": 0, ""fast_status"": ""insufficient_keypoints"", ""supported"": false, ""support_reasons"": [], ""status"": ""evaluated""}, {""window_id"": 3, ""grid_rc"": ""0,2"", ""mapped"": true, ""valid_support_pct"": 0.1, ""status"": ""low_valid_support"", ""supported"": false, ""support_reasons"": [""insufficient_valid_pixels""]}, {""window_id"": 4, ""grid_rc"": ""1,0"", ""mapped"": true, ""valid_support_pct"": 0.0, ""status"": ""low_valid_support"", ""supported"": false, ""support_reasons"": [""insufficient_valid_pixels""]}, {""window_id"": 5, ""grid_rc"": ""1,1"", ""mapped"": true, ""valid_support_pct"": 0.0, ""status"": ""low_valid_support"", ""supported"": false, ""support_reasons"": [""insufficient_valid_pixels""]}, {""window_id"": 6, ""grid_rc"": ""1,2"", ""mapped"": true, ""valid_support_pct"": 0.0, ""status"": ""low_valid_support"", ""supported"": false, ""support_reasons"": [""insufficient_valid_pixels""]}, {""window_id"": 7, ""grid_rc"": ""2,0"", ""mapped"": true, ""valid_support_pct"": 91.6, ""ref_global_rect"": [1874, 3605, 2106, 3687], ""intensity_ncc"": 0.0278, ""gradient_ncc"": -0.0047, ""phase_response"": 0.0607, ""phase_shift_px"": [-5.8, 16.94], ""fast_src_kps"": 847, ""fast_ref_kps"": 436, ""fast_candidates"": 1, ""fast_status"": ""ok"", ""supported"": true, ""support_reasons"": [""phase_resp=0.061\u22650.05""], ""status"": ""evaluated""}, {""window_id"": 8, ""grid_rc"": ""2,1"", ""mapped"": true, ""valid_support_pct"": 72.7, ""ref_global_rect"": [2207, 3605, 2439, 3687], ""intensity_ncc"": -0.1732, ""gradient_ncc"": 0.02, ""phase_response"": 0.0169, ""phase_shift_px"": [-24.72, -27.96], ""fast_src_kps"": 622, ""fast_ref_kps"": 371, ""fast_candidates"": 0, ""fast_status"": ""no_lowes_filtered_matches"", ""supported"": false, ""support_reasons"": [], ""status"": ""evaluated""}, {""window_id"": 9, ""grid_rc"": ""2,2"", ""mapped"": true, ""valid_support_pct"": 8.6, ""status"": ""low_valid_support"", ""supported"": false, ""support_reasons"": [""insufficient_valid_pixels""]}]"
OHRC_PAIR_04__dx+3000m_dy+0m,OHRC_PAIR_04,3000,0,600,0,INSUFFICIENT_SUPPORT,0,0,0,0,0,0,False,False,False,False,False,True,1823,946,2823,3946,14.998,627.35,2088.93,2181.1,"[{""window_id"": 1, ""grid_rc"": ""0,0"", ""mapped"": true, ""valid_support_pct"": 87.8, ""ref_global_rect"": [1874, 1405, 2106, 1487], ""intensity_ncc"": 0.0, ""gradient_ncc"": 0.0, ""phase_response"": 0.0, ""phase_shift_px"": [64.0, 64.0], ""fast_src_kps"": 1019, ""fast_ref_kps"": 0, ""fast_candidates"": 0, ""fast_status"": ""insufficient_keypoints"", ""supported"": false, ""support_reasons"": [], ""status"": ""evaluated""}, {""window_id"": 2, ""grid_rc"": ""0,1"", ""mapped"": true, ""valid_support_pct"": 71.9, ""ref_global_rect"": [2207, 1405, 2439, 1487], ""intensity_ncc"": 0.0, ""gradient_ncc"": 0.0, ""phase_response"": 0.0, ""phase_shift_px"": [64.0, 64.0], ""fast_src_kps"": 792, ""fast_ref_kps"": 0, ""fast_candidates"": 0, ""fast_status"": ""insufficient_keypoints"", ""supported"": false, ""support_reasons"": [], ""status"": ""evaluated""}, {""window_id"": 3, ""grid_rc"": ""0,2"", ""mapped"": true, ""valid_support_pct"": 0.1, ""status"": ""low_valid_support"", ""supported"": false, ""support_reasons"": [""insufficient_valid_pixels""]}, {""window_id"": 4, ""grid_rc"": ""1,0"", ""mapped"": true, ""valid_support_pct"": 0.0, ""status"": ""low_valid_support"", ""supported"": false, ""support_reasons"": [""insufficient_valid_pixels""]}, {""window_id"": 5, ""grid_rc"": ""1,1"", ""mapped"": true, ""valid_support_pct"": 0.0, ""status"": ""low_valid_support"", ""supported"": false, ""support_reasons"": [""insufficient_valid_pixels""]}, {""window_id"": 6, ""grid_rc"": ""1,2"", ""mapped"": true, ""valid_support_pct"": 0.0, ""status"": ""low_valid_support"", ""supported"": false, ""support_reasons"": [""insufficient_valid_pixels""]}, {""window_id"": 7, ""grid_rc"": ""2,0"", ""mapped"": true, ""valid_support_pct"": 91.6, ""ref_global_rect"": [1874, 3405, 2106, 3487], ""intensity_ncc"": -0.0035, ""gradient_ncc"": 0.017, ""phase_response"": 0.0004, ""phase_shift_px"": [-422.29, -28.38], ""fast_src_kps"": 847, ""fast_ref_kps"": 390, ""fast_candidates"": 1, ""fast_status"": ""ok"", ""supported"": false, ""support_reasons"": [], ""status"": ""evaluated""}, {""window_id"": 8, ""grid_rc"": ""2,1"", ""mapped"": true, ""valid_support_pct"": 72.7, ""ref_global_rect"": [2207, 3405, 2439, 3487], ""intensity_ncc"": -0.1054, ""gradient_ncc"": -0.0007, ""phase_response"": 0.018, ""phase_shift_px"": [11.79, -6.09], ""fast_src_kps"": 622, ""fast_ref_kps"": 595, ""fast_candidates"": 0, ""fast_status"": ""no_lowes_filtered_matches"", ""supported"": false, ""support_reasons"": [], ""status"": ""evaluated""}, {""window_id"": 9, ""grid_rc"": ""2,2"", ""mapped"": true, ""valid_support_pct"": 8.6, ""status"": ""low_valid_support"", ""supported"": false, ""support_reasons"": [""insufficient_valid_pixels""]}]"
OHRC_PAIR_04__dx+3000m_dy+1000m,OHRC_PAIR_04,3000,1000,600,-200,SCREEN_FAIL,1,1,1,0,1,0,False,False,False,True,False,True,1823,746,2823,3746,14.998,627.35,2088.93,2181.1,"[{""window_id"": 1, ""grid_rc"": ""0,0"", ""mapped"": true, ""valid_support_pct"": 87.8, ""ref_global_rect"": [1874, 1205, 2106, 1287], ""intensity_ncc"": 0.0, ""gradient_ncc"": 0.0, ""phase_response"": 0.0, ""phase_shift_px"": [64.0, 64.0], ""fast_src_kps"": 1019, ""fast_ref_kps"": 0, ""fast_candidates"": 0, ""fast_status"": ""insufficient_keypoints"", ""supported"": false, ""support_reasons"": [], ""status"": ""evaluated""}, {""window_id"": 2, ""grid_rc"": ""0,1"", ""mapped"": true, ""valid_support_pct"": 71.9, ""ref_global_rect"": [2207, 1205, 2439, 1287], ""intensity_ncc"": 0.0, ""gradient_ncc"": 0.0, ""phase_response"": 0.0, ""phase_shift_px"": [64.0, 64.0], ""fast_src_kps"": 792, ""fast_ref_kps"": 0, ""fast_candidates"": 0, ""fast_status"": ""insufficient_keypoints"", ""supported"": false, ""support_reasons"": [], ""status"": ""evaluated""}, {""window_id"": 3, ""grid_rc"": ""0,2"", ""mapped"": true, ""valid_support_pct"": 0.1, ""status"": ""low_valid_support"", ""supported"": false, ""support_reasons"": [""insufficient_valid_pixels""]}, {""window_id"": 4, ""grid_rc"": ""1,0"", ""mapped"": true, ""valid_support_pct"": 0.0, ""status"": ""low_valid_support"", ""supported"": false, ""support_reasons"": [""insufficient_valid_pixels""]}, {""window_id"": 5, ""grid_rc"": ""1,1"", ""mapped"": true, ""valid_support_pct"": 0.0, ""status"": ""low_valid_support"", ""supported"": false, ""support_reasons"": [""insufficient_valid_pixels""]}, {""window_id"": 6, ""grid_rc"": ""1,2"", ""mapped"": true, ""valid_support_pct"": 0.0, ""status"": ""low_valid_support"", ""supported"": false, ""support_reasons"": [""insufficient_valid_pixels""]}, {""window_id"": 7, ""grid_rc"": ""2,0"", ""mapped"": true, ""valid_support_pct"": 91.6, ""ref_global_rect"": [1874, 3205, 2106, 3287], ""intensity_ncc"": 0.1305, ""gradient_ncc"": 0.0298, ""phase_response"": 0.0993, ""phase_shift_px"": [-2.82, -19.06], ""fast_src_kps"": 847, ""fast_ref_kps"": 272, ""fast_candidates"": 0, ""fast_status"": ""no_lowes_filtered_matches"", ""supported"": true, ""support_reasons"": [""intensity_ncc=0.131\u22650.08"", ""phase_resp=0.099\u22650.05""], ""status"": ""evaluated""}, {""window_id"": 8, ""grid_rc"": ""2,1"", ""mapped"": true, ""valid_support_pct"": 72.7, ""ref_global_rect"": [2207, 3205, 2439, 3287], ""intensity_ncc"": -0.0823, ""gradient_ncc"": 0.0172, ""phase_response"": 0.001, ""phase_shift_px"": [64.11, 121.19], ""fast_src_kps"": 622, ""fast_ref_kps"": 624, ""fast_candidates"": 0, ""fast_status"": ""no_lowes_filtered_matches"", ""supported"": false, ""support_reasons"": [], ""status"": ""evaluated""}, {""window_id"": 9, ""grid_rc"": ""2,2"", ""mapped"": true, ""valid_support_pct"": 8.6, ""status"": ""low_valid_support"", ""supported"": false, ""support_reasons"": [""insufficient_valid_pixels""]}]"
OHRC_PAIR_04__dx+3000m_dy+2000m,OHRC_PAIR_04,3000,2000,600,-400,SCREEN_FAIL,1,1,0,0,1,0,False,False,False,True,False,True,1823,546,2823,3546,14.998,627.35,2088.93,2181.1,"[{""window_id"": 1, ""grid_rc"": ""0,0"", ""mapped"": true, ""valid_support_pct"": 87.8, ""ref_global_rect"": [1874, 1005, 2106, 1087], ""intensity_ncc"": 0.0, ""gradient_ncc"": 0.0, ""phase_response"": 0.0, ""phase_shift_px"": [64.0, 64.0], ""fast_src_kps"": 1019, ""fast_ref_kps"": 0, ""fast_candidates"": 0, ""fast_status"": ""insufficient_keypoints"", ""supported"": false, ""support_reasons"": [], ""status"": ""evaluated""}, {""window_id"": 2, ""grid_rc"": ""0,1"", ""mapped"": true, ""valid_support_pct"": 71.9, ""ref_global_rect"": [2207, 1005, 2439, 1087], ""intensity_ncc"": 0.0, ""gradient_ncc"": 0.0, ""phase_response"": 0.0, ""phase_shift_px"": [64.0, 64.0], ""fast_src_kps"": 792, ""fast_ref_kps"": 0, ""fast_candidates"": 0, ""fast_status"": ""insufficient_keypoints"", ""supported"": false, ""support_reasons"": [], ""status"": ""evaluated""}, {""window_id"": 3, ""grid_rc"": ""0,2"", ""mapped"": true, ""valid_support_pct"": 0.1, ""status"": ""low_valid_support"", ""supported"": false, ""support_reasons"": [""insufficient_valid_pixels""]}, {""window_id"": 4, ""grid_rc"": ""1,0"", ""mapped"": true, ""valid_support_pct"": 0.0, ""status"": ""low_valid_support"", ""supported"": false, ""support_reasons"": [""insufficient_valid_pixels""]}, {""window_id"": 5, ""grid_rc"": ""1,1"", ""mapped"": true, ""valid_support_pct"": 0.0, ""status"": ""low_valid_support"", ""supported"": false, ""support_reasons"": [""insufficient_valid_pixels""]}, {""window_id"": 6, ""grid_rc"": ""1,2"", ""mapped"": true, ""valid_support_pct"": 0.0, ""status"": ""low_valid_support"", ""supported"": false, ""support_reasons"": [""insufficient_valid_pixels""]}, {""window_id"": 7, ""grid_rc"": ""2,0"", ""mapped"": true, ""valid_support_pct"": 91.6, ""ref_global_rect"": [1874, 3005, 2106, 3087], ""intensity_ncc"": -0.0178, ""gradient_ncc"": -0.0045, ""phase_response"": 0.1125, ""phase_shift_px"": [-10.51, -5.86], ""fast_src_kps"": 847, ""fast_ref_kps"": 383, ""fast_candidates"": 0, ""fast_status"": ""no_lowes_filtered_matches"", ""supported"": true, ""support_reasons"": [""phase_resp=0.113\u22650.05""], ""status"": ""evaluated""}, {""window_id"": 8, ""grid_rc"": ""2,1"", ""mapped"": true, ""valid_support_pct"": 72.7, ""ref_global_rect"": [2207, 3005, 2439, 3087], ""intensity_ncc"": -0.1183, ""gradient_ncc"": 0.0273, ""phase_response"": 0.023, ""phase_shift_px"": [-4.52, 23.35], ""fast_src_kps"": 622, ""fast_ref_kps"": 511, ""fast_candidates"": 1, ""fast_status"": ""ok"", ""supported"": false, ""support_reasons"": [], ""status"": ""evaluated""}, {""window_id"": 9, ""grid_rc"": ""2,2"", ""mapped"": true, ""valid_support_pct"": 8.6, ""status"": ""low_valid_support"", ""supported"": false, ""support_reasons"": [""insufficient_valid_pixels""]}]"
OHRC_PAIR_04__dx+3000m_dy+3000m,OHRC_PAIR_04,3000,3000,600,-600,SCREEN_FAIL,2,2,0,0,2,0,False,False,False,True,False,True,1823,346,2823,3346,14.998,627.35,2088.93,2181.1,"[{""window_id"": 1, ""grid_rc"": ""0,0"", ""mapped"": true, ""valid_support_pct"": 87.8, ""ref_global_rect"": [1874, 805, 2106, 887], ""intensity_ncc"": 0.0, ""gradient_ncc"": 0.0, ""phase_response"": 0.0, ""phase_shift_px"": [64.0, 64.0], ""fast_src_kps"": 1019, ""fast_ref_kps"": 0, ""fast_candidates"": 0, ""fast_status"": ""insufficient_keypoints"", ""supported"": false, ""support_reasons"": [], ""status"": ""evaluated""}, {""window_id"": 2, ""grid_rc"": ""0,1"", ""mapped"": true, ""valid_support_pct"": 71.9, ""ref_global_rect"": [2207, 805, 2439, 887], ""intensity_ncc"": 0.0, ""gradient_ncc"": 0.0, ""phase_response"": 0.0, ""phase_shift_px"": [64.0, 64.0], ""fast_src_kps"": 792, ""fast_ref_kps"": 0, ""fast_candidates"": 0, ""fast_status"": ""insufficient_keypoints"", ""supported"": false, ""support_reasons"": [], ""status"": ""evaluated""}, {""window_id"": 3, ""grid_rc"": ""0,2"", ""mapped"": true, ""valid_support_pct"": 0.1, ""status"": ""low_valid_support"", ""supported"": false, ""support_reasons"": [""insufficient_valid_pixels""]}, {""window_id"": 4, ""grid_rc"": ""1,0"", ""mapped"": true, ""valid_support_pct"": 0.0, ""status"": ""low_valid_support"", ""supported"": false, ""support_reasons"": [""insufficient_valid_pixels""]}, {""window_id"": 5, ""grid_rc"": ""1,1"", ""mapped"": true, ""valid_support_pct"": 0.0, ""status"": ""low_valid_support"", ""supported"": false, ""support_reasons"": [""insufficient_valid_pixels""]}, {""window_id"": 6, ""grid_rc"": ""1,2"", ""mapped"": true, ""valid_support_pct"": 0.0, ""status"": ""low_valid_support"", ""supported"": false, ""support_reasons"": [""insufficient_valid_pixels""]}, {""window_id"": 7, ""grid_rc"": ""2,0"", ""mapped"": true, ""valid_support_pct"": 91.6, ""ref_global_rect"": [1874, 2805, 2106, 2887], ""intensity_ncc"": 0.0464, ""gradient_ncc"": -0.0318, ""phase_response"": 0.0648, ""phase_shift_px"": [7.78, 13.39], ""fast_src_kps"": 847, ""fast_ref_kps"": 476, ""fast_candidates"": 0, ""fast_status"": ""no_lowes_filtered_matches"", ""supported"": true, ""support_reasons"": [""phase_resp=0.065\u22650.05""], ""status"": ""evaluated""}, {""window_id"": 8, ""grid_rc"": ""2,1"", ""mapped"": true, ""valid_support_pct"": 72.7, ""ref_global_rect"": [2207, 2805, 2439, 2887], ""intensity_ncc"": -0.0664, ""gradient_ncc"": 0.0109, ""phase_response"": 0.0511, ""phase_shift_px"": [1.91, -7.3], ""fast_src_kps"": 622, ""fast_ref_kps"": 701, ""fast_candidates"": 0, ""fast_status"": ""no_lowes_filtered_matches"", ""supported"": true, ""support_reasons"": [""phase_resp=0.051\u22650.05""], ""status"": ""evaluated""}, {""window_id"": 9, ""grid_rc"": ""2,2"", ""mapped"": true, ""valid_support_pct"": 8.6, ""status"": ""low_valid_support"", ""supported"": false, ""support_reasons"": [""insufficient_valid_pixels""]}]"
